免费订阅：请勿贩卖...,https://material.yang-1989.xyz/v/302.mp4
维护时间：2025-1-15#佛系维护...,https://material.yang-1989.xyz/v/301.mp4
维护内容：维护 Gather「删除 •IPV6 源」,https://material.yang-1989.xyz/v/302.mp4
公告说明：IPV6 暂无,https://material.yang-1989.xyz/v/301.mp4
晴彩广场舞「移动」,http://gslbserv.itv.cmvideo.cn:80/3000000020000011523/index.m3u8?channel-id=FifastbLive&Contentid=3000000020000011523&livemode=1&stbId=YanG-1989
晴彩少年「移动」,http://gslbserv.itv.cmvideo.cn:80/3000000020000011525/index.m3u8?channel-id=FifastbLive&Contentid=3000000020000011525&livemode=1&stbId=YanG-1989
晴彩竞技「移动」,http://gslbserv.itv.cmvideo.cn:80/3000000020000011528/index.m3u8?channel-id=FifastbLive&Contentid=3000000020000011528&livemode=1&stbId=YanG-1989
晴彩篮球「移动」,http://gslbserv.itv.cmvideo.cn:80/3000000020000011529/index.m3u8?channel-id=FifastbLive&Contentid=3000000020000011529&livemode=1&stbId=YanG-1989
咪咕直播 𝟜𝕂-𝟙「移动」,http://gslbserv.itv.cmvideo.cn:80/3000000010000005180/index.m3u8?channel-id=FifastbLive&Contentid=3000000010000005180&livemode=1&stbId=YanG-1989
咪咕直播 𝟜𝕂-𝟚「移动」,http://gslbserv.itv.cmvideo.cn:80/3000000010000015686/index.m3u8?channel-id=FifastbLive&Contentid=3000000010000015686&livemode=1&stbId=YanG-1989
咪咕直播 𝟙「移动」,http://gslbserv.itv.cmvideo.cn:80/3000000001000005308/index.m3u8?channel-id=FifastbLive&Contentid=3000000001000005308&livemode=1&stbId=YanG-1989
咪咕直播 𝟚「移动」,http://gslbserv.itv.cmvideo.cn:80/3000000001000005969/index.m3u8?channel-id=FifastbLive&Contentid=3000000001000005969&livemode=1&stbId=YanG-1989
咪咕直播 𝟛「移动」,http://gslbserv.itv.cmvideo.cn:80/3000000001000007218/index.m3u8?channel-id=FifastbLive&Contentid=3000000001000007218&livemode=1&stbId=YanG-1989
咪咕直播 𝟜「移动」,http://gslbserv.itv.cmvideo.cn:80/3000000001000008001/index.m3u8?channel-id=FifastbLive&Contentid=3000000001000008001&livemode=1&stbId=YanG-1989
咪咕直播 𝟝「移动」,http://gslbserv.itv.cmvideo.cn:80/3000000001000008176/index.m3u8?channel-id=FifastbLive&Contentid=3000000001000008176&livemode=1&stbId=YanG-1989
咪咕直播 𝟞「移动」,http://gslbserv.itv.cmvideo.cn:80/3000000001000008379/index.m3u8?channel-id=FifastbLive&Contentid=3000000001000008379&livemode=1&stbId=YanG-1989
咪咕直播 𝟟「移动」,http://gslbserv.itv.cmvideo.cn:80/3000000001000010129/index.m3u8?channel-id=FifastbLive&Contentid=3000000001000010129&livemode=1&stbId=YanG-1989
咪咕直播 𝟠「移动」,http://gslbserv.itv.cmvideo.cn:80/3000000001000010948/index.m3u8?channel-id=FifastbLive&Contentid=3000000001000010948&livemode=1&stbId=YanG-1989
咪咕直播 𝟡「移动」,http://gslbserv.itv.cmvideo.cn:80/3000000001000028638/index.m3u8?channel-id=FifastbLive&Contentid=3000000001000028638&livemode=1&stbId=YanG-1989
咪咕直播 𝟙𝟘「移动」,http://gslbserv.itv.cmvideo.cn:80/3000000001000031494/index.m3u8?channel-id=FifastbLive&Contentid=3000000001000031494&livemode=1&stbId=YanG-1989
咪咕直播 𝟙𝟙「移动」,http://gslbserv.itv.cmvideo.cn:80/3000000010000000097/index.m3u8?channel-id=FifastbLive&Contentid=3000000010000000097&livemode=1&stbId=YanG-1989
咪咕直播 𝟙𝟚「移动」,http://gslbserv.itv.cmvideo.cn:80/3000000010000002019/index.m3u8?channel-id=FifastbLive&Contentid=3000000010000002019&livemode=1&stbId=YanG-1989
咪咕直播 𝟙𝟛「移动」,http://gslbserv.itv.cmvideo.cn:80/3000000010000002809/index.m3u8?channel-id=FifastbLive&Contentid=3000000010000002809&livemode=1&stbId=YanG-1989
咪咕直播 𝟙𝟜「移动」,http://gslbserv.itv.cmvideo.cn:80/3000000010000003915/index.m3u8?channel-id=FifastbLive&Contentid=3000000010000003915&livemode=1&stbId=YanG-1989
咪咕直播 𝟙𝟝「移动」,http://gslbserv.itv.cmvideo.cn:80/3000000010000004193/index.m3u8?channel-id=FifastbLive&Contentid=3000000010000004193&livemode=1&stbId=YanG-1989
咪咕直播 𝟙𝟞「移动」,http://gslbserv.itv.cmvideo.cn:80/3000000010000005837/index.m3u8?channel-id=FifastbLive&Contentid=3000000010000005837&livemode=1&stbId=YanG-1989
咪咕直播 𝟙𝟟「移动」,http://gslbserv.itv.cmvideo.cn:80/3000000010000006077/index.m3u8?channel-id=FifastbLive&Contentid=3000000010000006077&livemode=1&stbId=YanG-1989
咪咕直播 𝟙𝟠「移动」,http://gslbserv.itv.cmvideo.cn:80/3000000010000006658/index.m3u8?channel-id=FifastbLive&Contentid=3000000010000006658&livemode=1&stbId=YanG-1989
咪咕直播 𝟙𝟡「移动」,http://gslbserv.itv.cmvideo.cn:80/3000000010000009788/index.m3u8?channel-id=FifastbLive&Contentid=3000000010000009788&livemode=1&stbId=YanG-1989
咪咕直播 𝟚𝟘「移动」,http://gslbserv.itv.cmvideo.cn:80/3000000010000010833/index.m3u8?channel-id=FifastbLive&Contentid=3000000010000010833&livemode=1&stbId=YanG-1989
咪咕直播 𝟚𝟙「移动」,http://gslbserv.itv.cmvideo.cn:80/3000000010000011297/index.m3u8?channel-id=FifastbLive&Contentid=3000000010000011297&livemode=1&stbId=YanG-1989
咪咕直播 𝟚𝟚「移动」,http://gslbserv.itv.cmvideo.cn:80/3000000010000011518/index.m3u8?channel-id=FifastbLive&Contentid=3000000010000011518&livemode=1&stbId=YanG-1989
咪咕直播 𝟚𝟛「移动」,http://gslbserv.itv.cmvideo.cn:80/3000000010000012558/index.m3u8?channel-id=FifastbLive&Contentid=3000000010000012558&livemode=1&stbId=YanG-1989
咪咕直播 𝟚𝟜「移动」,http://gslbserv.itv.cmvideo.cn:80/3000000010000012616/index.m3u8?channel-id=FifastbLive&Contentid=3000000010000012616&livemode=1&stbId=YanG-1989
咪咕直播 𝟚𝟝「移动」,http://gslbserv.itv.cmvideo.cn:80/3000000010000015470/index.m3u8?channel-id=FifastbLive&Contentid=3000000010000015470&livemode=1&stbId=YanG-1989
咪咕直播 𝟚𝟞「移动」,http://gslbserv.itv.cmvideo.cn:80/3000000010000015560/index.m3u8?channel-id=FifastbLive&Contentid=3000000010000015560&livemode=1&stbId=YanG-1989
咪咕直播 𝟚𝟟「移动」,http://gslbserv.itv.cmvideo.cn:80/3000000010000017678/index.m3u8?channel-id=FifastbLive&Contentid=3000000010000017678&livemode=1&stbId=YanG-1989
咪咕直播 𝟚𝟠「移动」,http://gslbserv.itv.cmvideo.cn:80/3000000010000019839/index.m3u8?channel-id=FifastbLive&Contentid=3000000010000019839&livemode=1&stbId=YanG-1989
咪咕直播 𝟚𝟡「移动」,http://gslbserv.itv.cmvideo.cn:80/3000000010000021904/index.m3u8?channel-id=FifastbLive&Contentid=3000000010000021904&livemode=1&stbId=YanG-1989
咪咕直播 𝟛𝟘「移动」,http://gslbserv.itv.cmvideo.cn:80/3000000010000023434/index.m3u8?channel-id=FifastbLive&Contentid=3000000010000023434&livemode=1&stbId=YanG-1989
咪咕直播 𝟛𝟙「移动」,http://gslbserv.itv.cmvideo.cn:80/3000000010000025380/index.m3u8?channel-id=FifastbLive&Contentid=3000000010000025380&livemode=1&stbId=YanG-1989
咪咕直播 𝟛𝟚「移动」,http://gslbserv.itv.cmvideo.cn:80/3000000010000027691/index.m3u8?channel-id=FifastbLive&Contentid=3000000010000027691&livemode=1&stbId=YanG-1989
咪咕直播 𝟛𝟛「移动」,http://gslbserv.itv.cmvideo.cn:80/3000000010000031669/index.m3u8?channel-id=FifastbLive&Contentid=3000000010000031669&livemode=1&stbId=YanG-1989
咪咕直播 𝟛𝟜「移动」,http://gslbserv.itv.cmvideo.cn:80/3000000020000011518/index.m3u8?channel-id=FifastbLive&Contentid=3000000020000011518&livemode=1&stbId=YanG-1989
咪咕直播 𝟛𝟝「移动」,http://gslbserv.itv.cmvideo.cn:80/3000000020000011519/index.m3u8?channel-id=FifastbLive&Contentid=3000000020000011519&livemode=1&stbId=YanG-1989
咪咕直播 𝟛𝟞「移动」,http://gslbserv.itv.cmvideo.cn:80/3000000020000011520/index.m3u8?channel-id=FifastbLive&Contentid=3000000020000011520&livemode=1&stbId=YanG-1989
咪咕直播 𝟛𝟟「移动」,http://gslbserv.itv.cmvideo.cn:80/3000000020000011521/index.m3u8?channel-id=FifastbLive&Contentid=3000000020000011521&livemode=1&stbId=YanG-1989
咪咕直播 𝟛𝟠「移动」,http://gslbserv.itv.cmvideo.cn:80/3000000020000011522/index.m3u8?channel-id=FifastbLive&Contentid=3000000020000011522&livemode=1&stbId=YanG-1989
「B站」热门赛事,http://dns.yiandrive.com:15907/bilibili/10
「B站」CS 2,https://cdn-3.ttvb.eu.org/bilibili/21622811
「虎牙」CS 2,https://cdn-3.ttvb.eu.org/huya/483917
「B站」英雄联盟,https://cdn-3.ttvb.eu.org/bilibili/6
「虎牙」英雄联盟 𝟙,https://cdn-3.ttvb.eu.org/huya/660000
「虎牙」英雄联盟 𝟚,https://cdn-3.ttvb.eu.org/huya/660001
「斗鱼」英雄联盟 𝟙,https://cdn-3.ttvb.eu.org/douyu/288016
「斗鱼」英雄联盟 𝟚,https://cdn-3.ttvb.eu.org/douyu/424559
「B站」英雄联盟•手游,https://cdn-3.ttvb.eu.org/bilibili/23138275
「B站」王者荣耀 𝟙,https://cdn-3.ttvb.eu.org/bilibili/55
「B站」王者荣耀 𝟚,https://cdn-3.ttvb.eu.org/bilibili/21654762
「虎牙」王者荣耀 𝟙,https://cdn-3.ttvb.eu.org/huya/660002
「虎牙」王者荣耀 𝟚,https://cdn-3.ttvb.eu.org/huya/660164
「斗鱼」王者荣耀 𝟙,https://cdn-3.ttvb.eu.org/douyu/1863767
「斗鱼」王者荣耀 𝟚,https://cdn-3.ttvb.eu.org/douyu/1984839
「B站」绝地求生,https://cdn-3.ttvb.eu.org/bilibili/98
「虎牙」绝地求生 𝟙,https://cdn-3.ttvb.eu.org/huya/660004
「虎牙」绝地求生 𝟚,https://cdn-3.ttvb.eu.org/huya/660005
「斗鱼」绝地求生,https://cdn-3.ttvb.eu.org/douyu/100
「虎牙」和平精英,https://cdn-3.ttvb.eu.org/huya/660006
「斗鱼」和平精英,https://cdn-3.ttvb.eu.org/douyu/999
「虎牙」金铲铲之战,https://cdn-3.ttvb.eu.org/huya/660579
「斗鱼」金铲铲之战,https://cdn-3.ttvb.eu.org/douyu/9715241
「虎牙」DOTA2,https://cdn-3.ttvb.eu.org/huya/660118
「斗鱼」DOTA2,https://cdn-3.ttvb.eu.org/douyu/3811559
「斗鱼」云顶之弈,https://cdn-3.ttvb.eu.org/douyu/522423
「虎牙」永劫无间,https://cdn-3.ttvb.eu.org/huya/660115
「斗鱼」永劫无间,https://cdn-3.ttvb.eu.org/huya/9662891
「B站」使命召唤•手游,https://cdn-3.ttvb.eu.org/bilibili/22741849
「虎牙」使命召唤•手游,https://cdn-3.ttvb.eu.org/huya/11718629
「斗鱼」使命召唤•手游,https://cdn-3.ttvb.eu.org/douyu/9223245
「虎牙」穿越火线,https://cdn-3.ttvb.eu.org/huya/660101
「斗鱼」穿越火线 𝟙,https://cdn-3.ttvb.eu.org/douyu/605964
「斗鱼」穿越火线 𝟚,https://cdn-3.ttvb.eu.org/douyu/5388537
「虎牙」穿越火线•手游,https://cdn-3.ttvb.eu.org/huya/660102
「B站」第五人格,https://cdn-3.ttvb.eu.org/bilibili/5555
「虎牙」第五人格,https://cdn-3.ttvb.eu.org/huya/idvesports
「斗鱼」第五人格,https://cdn-3.ttvb.eu.org/douyu/3226194
「虎牙」逆战,https://cdn-3.ttvb.eu.org/huya/nsl2021
「B站」无畏契约,https://cdn-3.ttvb.eu.org/bilibili/22908869
「虎牙」无畏契约,https://cdn-3.ttvb.eu.org/huya/660679
「斗鱼」无畏契约,https://cdn-3.ttvb.eu.org/douyu/4585645
「斗鱼」原神,https://cdn-3.ttvb.eu.org/douyu/10853239
「B站」QQ飞车•手游,https://cdn-3.ttvb.eu.org/bilibili/21743919
「斗鱼」QQ飞车•手游,https://cdn-3.ttvb.eu.org/douyu/5040227
「斗鱼」梦幻西游·手游,https://cdn-3.ttvb.eu.org/huya/9163712
「斗鱼」街霸,https://cdn-3.ttvb.eu.org/huya/11437
「斗鱼」我的世界,https://cdn-3.ttvb.eu.org/douyu/738878
「斗鱼」FIFA,https://cdn-3.ttvb.eu.org/douyu/7692166
「斗鱼」跑跑卡丁车,https://cdn-3.ttvb.eu.org/douyu/7722576
「斗鱼」跑跑卡丁车•手游,https://cdn-3.ttvb.eu.org/douyu/6672862
音乐石榴「音乐」,https://cdn-3.ttvb.eu.org/huya/17091681
音乐速递「音乐」,https://cdn-3.ttvb.eu.org/huya/19439762
治愈•放松「音乐」,https://cdn-3.ttvb.eu.org/huya/21241811
阅读•学习「音乐」,https://cdn-3.ttvb.eu.org/huya/21241813
电视剧•1「解说」,https://cdn-3.ttvb.eu.org/huya/21277391
电视剧•2「解说」,https://cdn-3.ttvb.eu.org/huya/25018873
电影•1「解说」,https://cdn-3.ttvb.eu.org/huya/20289754
电影•2「解说」,https://cdn-3.ttvb.eu.org/huya/24983280
电影•3「解说」,https://cdn-3.ttvb.eu.org/huya/24396428
动漫•1「解说」,https://cdn-3.ttvb.eu.org/huya/19757963
恐怖电影「解说」,https://cdn-3.ttvb.eu.org/huya/23419131
漫威「解说」,https://cdn-3.ttvb.eu.org/huya/17089779
美剧「解说」,https://cdn-3.ttvb.eu.org/huya/20488841
止戈电影「解说」,https://cdn-3.ttvb.eu.org/huya/19863777
挨饿德•1「其他」,https://cdn-3.ttvb.eu.org/huya/20985858
挨饿德•2「其他」,https://cdn-3.ttvb.eu.org/huya/17693860
互扇巴掌大赛「其他」,https://cdn-3.ttvb.eu.org/huya/20072873
荒野求生「其他」,https://cdn-3.ttvb.eu.org/huya/593667
野行者「其他」,https://cdn-3.ttvb.eu.org/huya/20072663
跳舞「其他」,https://cdn-3.ttvb.eu.org/huya/24634408
茶啊二中「动画」,https://cdn-3.ttvb.eu.org/huya/11213191
哆啦A梦「动漫」,https://cdn-3.ttvb.eu.org/huya/11601963
航海王「动漫」,https://cdn-3.ttvb.eu.org/huya/16913382
澳门卫视,http://61.244.22.4/ch1/ch1.live/playlist.m3u8
Pet Club TV,https://cdn-apse1-prod.tsv2.amagi.tv/linear/amg01076-lightningintern-petclub-samsungnz/playlist.m3u8
Bloomberg TV Asia,http://210.210.155.37/dr9445/h/h03/index.m3u8
KIX,http://210.210.155.37/dr9445/h/h07/index.m3u8
HKS,http://zhibo.hkstv.tv/livestream/mutfysrq/playlist.m3u8
Celestial Movies,http://210.210.155.37/dr9445/h/h14/index.m3u8
tvN Movies Asia,http://210.210.155.37/dr9445/h/h21/index.m3u8
TVB News,http://r.jdshipin.com/CkuBd
Good,https://live.streamingfast.net/osmflivech1.m3u8
Good 2,https://live.streamingfast.net/osmflivech2.m3u8
Beautiful Life TV,https://5ddce30eb4b55.streamlock.net/bltvhd/bltv1/playlist.m3u8
Supreme Master TV,https://lbs-us1.suprememastertv.com/720p.m3u8
TVBS-Asia,http://38.64.72.148/hls/modn/list/4005/playlist.m3u8
Taiwan Plus TV,https://raw.githubusercontent.com/ChiSheng9/iptv/master/TV78.m3u8
Genius Go Go Go,https://raw.githubusercontent.com/ChiSheng9/iptv/master/TV26.m3u8
DaAi 1,https://pulltv1.wanfudaluye.com/live/tv1.m3u8
DaAi 2,https://pulltv2.wanfudaluye.com/live/tv2.m3u8
Dali TV,http://www.dalitv.com.tw:4568/live/dali/index.m3u8
EBC YOYO,https://ythls.armelin.one/channel/UCiWRSesvSYmY7YOyz0tv_zQ.m3u8
CTi News,https://raw.githubusercontent.com/ChiSheng9/iptv/master/TV28.m3u8
FTV News,https://ythls.armelin.one/channel/UC2VmWn8dAqkzlQqvy02E1PA.m3u8
Global News,https://raw.githubusercontent.com/ChiSheng9/iptv/master/TV02.m3u8
SET iNews,https://ythls.armelin.one/channel/UCoNYj9OFHZn3ACmmeRCPwbA.m3u8
TTV News,https://ythls.armelin.one/channel/UC8ROUUjHzEQm-ndb69CX8Ww.m3u8
mnews,https://ythls.armelin.one/channel/UC4LjkybVKXCDlneVXlKAbmw.m3u8
ET Mall 60,https://raw.githubusercontent.com/ChiSheng9/iptv/master/TV18.m3u8
寰宇新闻台,https://raw.githubusercontent.com/ChiSheng9/iptv/master/TV02.m3u8
东森财经新闻,https://raw.githubusercontent.com/ChiSheng9/iptv/master/TV03.m3u8
Momo 1,https://raw.githubusercontent.com/ChiSheng9/iptv/master/TV04.m3u8
Momo 2,https://raw.githubusercontent.com/ChiSheng9/iptv/master/TV05.m3u8
信大,https://raw.githubusercontent.com/ChiSheng9/iptv/master/TV07.m3u8
DW,https://raw.githubusercontent.com/ChiSheng9/iptv/master/TV08.m3u8
中视新闻,https://raw.githubusercontent.com/ChiSheng9/iptv/master/TV09.m3u8
NU,https://raw.githubusercontent.com/ChiSheng9/iptv/master/TV10.m3u8
NU2,https://raw.githubusercontent.com/ChiSheng9/iptv/master/TV14.m3u8
华视HD,https://raw.githubusercontent.com/ChiSheng9/iptv/master/TV12.m3u8
JP1,https://raw.githubusercontent.com/ChiSheng9/iptv/master/TV15.m3u8
KPop,https://raw.githubusercontent.com/ChiSheng9/iptv/master/TV16.m3u8
民视新闻HD,https://raw.githubusercontent.com/ChiSheng9/iptv/master/TV17.m3u8
苏州4K,https://tylive.kan0512.com/norecord/csztv4k_4k.m3u8
河北4K,https://event.pull.hebtv.com:443/live/live101.m3u8
春晚1983,https://alimov2.a.kwimgs.com/upic/2022/01/31/15/BMjAyMjAxMzExNTU5MTRfNDAzMDAxOTlfNjYyNzMxNjcwMjBfMF8z_b_Beb3bda599f76c60c463c433ca7460153.mp4
春晚1984,https://alimov2.a.kwimgs.com/upic/2022/01/31/15/BMjAyMjAxMzExNTU5NTRfNDAzMDAxOTlfNjYyNzMyMzg3MTRfMF8z_b_B192356dadbc90d207ba16964d4c2914c.mp4
春晚1985,https://alimov2.a.kwimgs.com/upic/2022/01/31/16/BMjAyMjAxMzExNjAwMDFfNDAzMDAxOTlfNjYyNzMyNTAwMzJfMF8z_b_Be73c5abcbc0eeb2ec9fce6842e1362a4.mp4
春晚1986,https://alimov2.a.kwimgs.com/upic/2022/01/31/16/BMjAyMjAxMzExNjAwMDRfNDAzMDAxOTlfNjYyNzMyNTU0OTRfMF8z_b_B24f7d19f1132fa5d7f502f8377ad5567.mp4
春晚1987,https://alimov2.a.kwimgs.com/upic/2022/01/31/16/BMjAyMjAxMzExNjAwMDhfNDAzMDAxOTlfNjYyNzMyNjMyMDNfMF8z_b_B570493ed8f7200d4013a66b2d21b2de9.mp4
春晚1988,https://alimov2.a.kwimgs.com/upic/2022/01/31/16/BMjAyMjAxMzExNjAwMTJfNDAzMDAxOTlfNjYyNzMyNjkxNjBfMF8z_b_B8c835b83a92d25bde81ba22c5cd9521e.mp4
春晚1989,https://alimov2.a.kwimgs.com/upic/2022/01/31/16/BMjAyMjAxMzExNjAwMTVfNDAzMDAxOTlfNjYyNzMyNzQ2OTlfMF8z_b_Be477b27b9ce655d2372df56a5a3d96ef.mp4
春晚1990,https://cdn8.yzzy-online.com/20220704/597_e0d90c37/1000k/hls/index.m3u8
春晚1991,https://alimov2.a.kwimgs.com/upic/2022/01/31/16/BMjAyMjAxMzExNjI2MTVfNDAzMDAxOTlfNjYyNzYwNjUxNjVfMF8z_b_B8feb7b85888678d71bf37a259c6850f6.mp4
春晚1992,https://txmov2.a.kwimgs.com/bs3/video-hls/5256826755663896297_hlshd15.m3u8
春晚1993,https://alimov2.a.kwimgs.com/upic/2023/01/13/22/BMjAyMzAxMTMyMjEwMDNfNDAzMDAxOTlfOTM1MTIzMzYwODJfMF8z_b_B647d10e431b4cc5e48e6c77347d69021.mp4
春晚1994,https://alimov2.a.kwimgs.com/upic/2023/01/13/22/BMjAyMzAxMTMyMjEwMDNfNDAzMDAxOTlfOTM1MTIzMzYxMjNfMF8z_b_B3dde97f36273f04403d4dc5eec611a35.mp4
春晚1995,https://alimov2.a.kwimgs.com/upic/2023/01/13/20/BMjAyMzAxMTMyMDA5MjJfNDAzMDAxOTlfOTM0OTkwNDQwNzVfMF8z_b_B811c0dec6b9a3d3074a18522c185010a.mp4
春晚1996,https://alimov2.a.kwimgs.com/upic/2023/01/13/22/BMjAyMzAxMTMyMjEwMDNfNDAzMDAxOTlfOTM1MTIzMzYxNTJfMF8z_b_Bd841eae10ab1c9955ef55fbedfae6c45.mp4
春晚1997,https://txmov2.a.kwimgs.com/bs3/video-hls/5230649583590411879_hlshd15.m3u8
春晚1998,https://txmov2.a.kwimgs.com/bs3/video-hls/5225864507896315430_hlshd15.m3u8
春晚1999,https://alimov2.a.kwimgs.com/upic/2023/01/13/20/BMjAyMzAxMTMyMDA5MjJfNDAzMDAxOTlfOTM0OTkwNDQxNTRfMF8z_b_B0b5e52bc003285ef66ec0cbb2be08556.mp4
春晚2000,https://alimov2.a.kwimgs.com/upic/2023/01/13/21/BMjAyMzAxMTMyMTE4MzRfNDAzMDAxOTlfOTM1MDY4ODIxMTNfMF8z_b_Bdddf4e7ef0ff6cfd477857bb40e78419.mp4
春晚2001,https://alimov2.a.kwimgs.com/upic/2023/01/13/20/BMjAyMzAxMTMyMDA5MjJfNDAzMDAxOTlfOTM0OTkwNDQyMDFfMF8z_b_B70592cb7c4054e9cabb675e849bbf4bd.mp4
春晚2002,https://alimov2.a.kwimgs.com/upic/2023/01/13/21/BMjAyMzAxMTMyMTE4MzRfNDAzMDAxOTlfOTM1MDY4ODIxNDdfMF8z_b_Ba6271d10b7e6cfae83759033a091f257.mp4
春晚2003,https://alimov2.a.kwimgs.com/upic/2023/01/14/23/BMjAyMzAxMTQyMzQxNDdfNDAzMDAxOTlfOTM2MTU0MTk1NDFfMF8z_b_B182749d2cd2ea9323639254af385f24b.mp4
春晚2004,https://alimov2.a.kwimgs.com/upic/2023/01/13/21/BMjAyMzAxMTMyMTE4MzRfNDAzMDAxOTlfOTM1MDY4ODIxOTVfMF8z_b_B86c4430b82ff5a7f4e8132f6ee558536.mp4
春晚2005,https://alimov2.a.kwimgs.com/upic/2023/01/13/20/BMjAyMzAxMTMyMDA5MjJfNDAzMDAxOTlfOTM0OTkwNDQyMzhfMF8z_b_B35ad7cc86aec8fc9e5ddfb31fc7bed63.mp4
春晚2006,https://alimov2.a.kwimgs.com/upic/2023/01/13/20/BMjAyMzAxMTMyMDA5MjJfNDAzMDAxOTlfOTM0OTkwNDQyNzlfMF8z_b_Bbc3703fc331dc994c50859c19aad28ff.mp4
春晚2007,https://alimov2.a.kwimgs.com/upic/2023/01/13/20/BMjAyMzAxMTMyMDA5MjJfNDAzMDAxOTlfOTM0OTkwNDQzMjNfMF8z_b_B00b069c7899976459ceeaa99353dfefe.mp4
春晚2008,https://alimov2.a.kwimgs.com/upic/2023/01/13/20/BMjAyMzAxMTMyMDA5MjJfNDAzMDAxOTlfOTM0OTkwNDQzNTNfMF8z_b_Bd7346962e61bd7b84e11a1fa6e4616f9.mp4
春晚2009,https://alimov2.a.kwimgs.com/upic/2023/01/13/20/BMjAyMzAxMTMyMDA5MjJfNDAzMDAxOTlfOTM0OTkwNDQzOTBfMF8z_b_B29a36a85e0277f6c2a1f033ef7c10708.mp4
春晚2010,https://alimov2.a.kwimgs.com/upic/2023/01/13/20/BMjAyMzAxMTMyMDA5MjJfNDAzMDAxOTlfOTM0OTkwNDQ0MjlfMF8z_b_B8818807a00eed329a69fb494f405bd43.mp4
春晚2011,https://alimov2.a.kwimgs.com/upic/2023/01/16/11/BMjAyMzAxMTYxMTA3MjFfNDAzMDAxOTlfOTM3MjcyMjA3ODhfMF8z_b_B8214200efc869dc6fcf99dad619fa4c1.mp4
春晚2012,https://cdn8.yzzy-online.com/20220704/591_82b72f82/1000k/hls/index.m3u8
春晚2013,https://alimov2.a.kwimgs.com/upic/2023/01/13/20/BMjAyMzAxMTMyMDA5MjJfNDAzMDAxOTlfOTM0OTkwNDQ1NjNfMF8z_b_B4fea55408dca4471a68a963ae096be59.mp4
春晚2014,https://alimov2.a.kwimgs.com/upic/2023/01/06/16/BMjAyMzAxMDYxNjMxMTNfNDAzMDAxOTlfOTI4OTY2ODAzNjlfMF8z_b_Bdee65c77f9e7b2120a185c919dad81d2.mp4
春晚2015,https://alimov2.a.kwimgs.com/upic/2023/01/13/20/BMjAyMzAxMTMyMDA5MjJfNDAzMDAxOTlfOTM0OTkwNDQ2MTZfMF8z_b_B4851f43f5a2bc2871a9b0ec87294a6e7.mp4
春晚2016,https://cdn8.yzzy-online.com/20220704/577_cda9c8d1/1000k/hls/index.m3u8
春晚2017,https://alimov2.a.kwimgs.com/upic/2023/01/13/20/BMjAyMzAxMTMyMDA5MjJfNDAzMDAxOTlfOTM0OTkwNDQ2NDhfMF8z_b_B6527b0c2ce3dda1d9b3f34edd4fdb9aa.mp4
春晚2018,https://alimov2.a.kwimgs.com/upic/2023/01/06/16/BMjAyMzAxMDYxNjMxMTRfNDAzMDAxOTlfOTI4OTY2ODE2MTBfMF8z_b_B11a778e34390a21de42d407e94f45b91.mp4
春晚2019,https://alimov2.a.kwimgs.com/upic/2023/01/06/16/BMjAyMzAxMDYxNjMxMTRfNDAzMDAxOTlfOTI4OTY2ODE2MTBfMF8z_b_B11a778e34390a21de42d407e94f45b91.mp4
春晚2020,https://alimov2.a.kwimgs.com/upic/2022/01/30/17/BMjAyMjAxMzAxNzA5NDdfNDAzMDAxOTlfNjYxNzQ2MDAyMTFfMF8z_b_B5d51d9564c5670dc66faeba20aa7af3f.mp4
春晚2021,https://alimov2.a.kwimgs.com/upic/2022/01/30/17/BMjAyMjAxMzAxNzE4NTJfNDAzMDAxOTlfNjYxNzUzOTg3NjlfMF8z_b_Be41d9503181d7b0608a839ed401e02c2.mp4
春晚2022,https://alimov2.a.kwimgs.com/upic/2022/02/01/11/BMjAyMjAyMDExMTEwMjNfNDAzMDAxOTlfNjYzNzA4MTk4NzNfMF8z_b_B898cc7ddd0025bf54ddb18ec1f723c84.mp4
春晚2023,https://txmov2.a.kwimgs.com/bs3/video-hls/5251197255879398624_hlshd15.m3u8
春晚2024,https://p2.bdstatic.com/rtmp.liveshow.lss-user.baidubce.com/live/stream_bduid_6488563992_8982723413/merged_1707497046297_88536_25144_41936.m3u8
春晚2025,https://res.cctvnews.cctv.com/video/3005/record/cctv/merge1/133396667284143308839013005/8fbd6180bdef4da19f6155cf6b4652e1-4.m3u8
春晚2026,https://v.lzcdn28.com/20260217/8616_1de9f6e5/index.m3u8
CGTN记录,https://0472.org/hls/cgtnd.m3u8
蒙语卫视,https://livestream-bt.nmtv.cn/nmtv/2315general.m3u8?txSecret=4971666599ef9411629213c9a300bf66&txTime=771EF880
呼市新闻综合,https://livestream-bt.nmtv.cn/nmtv/2331general.m3u8?txSecret=4d7342ca5cd74480526ab6d292247aff&txTime=771E8800
包头新闻综合,https://livestream-bt.nmtv.cn/nmtv/2358general.m3u8?txSecret=98390a77c143a68f0fd64bfe6e181dcb&txTime=771E8800
鄂尔多斯新闻,https://livestream-bt.nmtv.cn/nmtv/2349general.m3u8?txSecret=e44477052aba305cadeea45aaf1c674a&txTime=771E8800
巴彦淖尔新闻,https://livestream-bt.nmtv.cn/nmtv/2348general.m3u8?txSecret=6a4ddce077e41b976fe33619fbef2b30&txTime=771E8800
赤峰新闻综合,https://livestream-bt.nmtv.cn/nmtv/2351general.m3u8?txSecret=8857087aeec2cec44d178a18550fdb8a&txTime=771E8800
乌兰察布新闻,https://livestream-bt.nmtv.cn/nmtv/2354general.m3u8?txSecret=cf5f71d0000862b18f5813607b3dfd5b&txTime=771E8800
CGTN记录,https://0472.org/hls/cgtnd.m3u8
1987年春晚,https://txmov2.a.kwimgs.com/bs3/video-hls/5195746663405928031_hlsb.m3u8
1988年春晚,https://txmov2.a.kwimgs.com/bs3/video-hls/5216575810935394655_hlsb.m3u8
1989年春晚,https://txmov2.a.kwimgs.com/bs3/video-hls/5194620763762726260_hlsb.m3u8
1993年春晚,https://alimov2.a.kwimgs.com/upic/2023/01/13/22/BMjAyMzAxMTMyMjEwMDNfNDAzMDAxOTlfOTM1MTIzMzYwODJfMF8z_b_B647d10e431b4cc5e48e6c77347d69021.mp4
1994年春晚,https://alimov2.a.kwimgs.com/upic/2023/01/13/22/BMjAyMzAxMTMyMjEwMDNfNDAzMDAxOTlfOTM1MTIzMzYxMjNfMF8z_b_B3dde97f36273f04403d4dc5eec611a35.mp4
1995年春晚,https://alimov2.a.kwimgs.com/upic/2023/01/13/20/BMjAyMzAxMTMyMDA5MjJfNDAzMDAxOTlfOTM0OTkwNDQwNzVfMF8z_b_B811c0dec6b9a3d3074a18522c185010a.mp4
1996年春晚,https://alimov2.a.kwimgs.com/upic/2023/01/13/22/BMjAyMzAxMTMyMjEwMDNfNDAzMDAxOTlfOTM1MTIzMzYxNTJfMF8z_b_Bd841eae10ab1c9955ef55fbedfae6c45.mp4
2000年春晚,https://alimov2.a.kwimgs.com/upic/2023/01/13/21/BMjAyMzAxMTMyMTE4MzRfNDAzMDAxOTlfOTM1MDY4ODIxMTNfMF8z_b_Bdddf4e7ef0ff6cfd477857bb40e78419.mp4
2001年春晚,https://alimov2.a.kwimgs.com/upic/2023/01/13/20/BMjAyMzAxMTMyMDA5MjJfNDAzMDAxOTlfOTM0OTkwNDQyMDFfMF8z_b_B70592cb7c4054e9cabb675e849bbf4bd.mp4
2002年春晚,https://alimov2.a.kwimgs.com/upic/2023/01/13/21/BMjAyMzAxMTMyMTE4MzRfNDAzMDAxOTlfOTM1MDY4ODIxNDdfMF8z_b_Ba6271d10b7e6cfae83759033a091f257.mp4
2003年春晚,https://alimov2.a.kwimgs.com/upic/2023/01/14/23/BMjAyMzAxMTQyMzQxNDdfNDAzMDAxOTlfOTM2MTU0MTk1NDFfMF8z_b_B182749d2cd2ea9323639254af385f24b.mp4
2004年春晚,https://alimov2.a.kwimgs.com/upic/2023/01/13/21/BMjAyMzAxMTMyMTE4MzRfNDAzMDAxOTlfOTM1MDY4ODIxOTVfMF8z_b_B86c4430b82ff5a7f4e8132f6ee558536.mp4
2005年春晚,https://alimov2.a.kwimgs.com/upic/2023/01/13/20/BMjAyMzAxMTMyMDA5MjJfNDAzMDAxOTlfOTM0OTkwNDQyMzhfMF8z_b_B35ad7cc86aec8fc9e5ddfb31fc7bed63.mp4
2006年春晚,https://alimov2.a.kwimgs.com/upic/2023/01/13/20/BMjAyMzAxMTMyMDA5MjJfNDAzMDAxOTlfOTM0OTkwNDQyNzlfMF8z_b_Bbc3703fc331dc994c50859c19aad28ff.mp4
2007年春晚,https://alimov2.a.kwimgs.com/upic/2023/01/13/20/BMjAyMzAxMTMyMDA5MjJfNDAzMDAxOTlfOTM0OTkwNDQzMjNfMF8z_b_B00b069c7899976459ceeaa99353dfefe.mp4
2009年春晚,https://alimov2.a.kwimgs.com/upic/2023/01/13/20/BMjAyMzAxMTMyMDA5MjJfNDAzMDAxOTlfOTM0OTkwNDQzOTBfMF8z_b_B29a36a85e0277f6c2a1f033ef7c10708.mp4
2010年春晚,https://alimov2.a.kwimgs.com/upic/2023/01/13/20/BMjAyMzAxMTMyMDA5MjJfNDAzMDAxOTlfOTM0OTkwNDQ0MjlfMF8z_b_B8818807a00eed329a69fb494f405bd43.mp4
2013年春晚,https://alimov2.a.kwimgs.com/upic/2023/01/13/20/BMjAyMzAxMTMyMDA5MjJfNDAzMDAxOTlfOTM0OTkwNDQ1NjNfMF8z_b_B4fea55408dca4471a68a963ae096be59.mp4
2014年春晚,https://alimov2.a.kwimgs.com/upic/2023/01/06/16/BMjAyMzAxMDYxNjMxMTNfNDAzMDAxOTlfOTI4OTY2ODAzNjlfMF8z_b_Bdee65c77f9e7b2120a185c919dad81d2.mp4
2018年春晚,https://alimov2.a.kwimgs.com/upic/2023/01/06/16/BMjAyMzAxMDYxNjMxMTRfNDAzMDAxOTlfOTI4OTY2ODE2MTBfMF8z_b_B11a778e34390a21de42d407e94f45b91.mp4
2024年春晚,https://p2.bdstatic.com/rtmp.liveshow.lss-user.baidubce.com/live/stream_bduid_6488563992_8982723413/merged_1707497046297_88536_25144_41936.m3u8
2025年春晚,https://svip.high24-playback.com/20250129/17159_7bca93c4/2000k/hls/mixed.m3u8
2026-07-19 00:42:24,https://vd2.bdstatic.com/mda-sctj0f6r4u1bpebc/1080p/cae_h264/1774706523506678171/mda-sctj0f6r4u1bpebc.mp4
2026-07-19 00:42:25,https://vd2.bdstatic.com/mda-sctj0f6r4u1bpebc/1080p/cae_h264/1774706523506678171/mda-sctj0f6r4u1bpebc.mp4
AMC音乐,https://AMChls.wns.live/hls/stream.m3u8
www.izbds.com,https://vd2.bdstatic.com/mda-sctj0f6r4u1bpebc/1080p/cae_h264/1774706523506678171/mda-sctj0f6r4u1bpebc.mp4
七台河民生社教,http://live.qthnews.org.cn:1935/live/live2/800k/tzwj_video.m3u8
万荣综合,http://60.222.246.220:19433/hls1.m3u8
上海卫视,http://112.27.235.94:8000/hls/28/index.m3u8
上虞文化影院,http://l.cztvcloud.com/channels/lantian/SXshangyu2/720p.m3u8?zzhed
上虞文化影院,http://l.cztvcloud.com/channels/lantian/SXshangyu2/720p.m3u8
上虞新商都,http://l.cztvcloud.com/channels/lantian/SXshangyu3/720p.m3u8?zzhed
上虞新商都,http://l.cztvcloud.com/channels/lantian/SXshangyu3/720p.m3u8
上虞新闻综合,http://l.cztvcloud.com/channels/lantian/SXshangyu1/720p.m3u8?zzhed
东丰,http://stream5.jlntv.cn/df/sd/live.m3u8?zjild
东丰综合,http://stream3.jlntv.cn:80/aac_dfgb/playlist.m3u8
东阳影视生活,http://l.cztvcloud.com/channels/lantian/SXdongyang1/720p.m3u8
中国村庄,http://newcntv.qcloudcdn.com/asp/hls/4000/0303000a/3/default/93fc12dbf14241c18c23da104fbade23/4000.m3u8
中央电视塔东,https://gcalic.v.myalicdn.com/gc/ztd_1/index.m3u8
中央电视塔南,https://gcalic.v.myalicdn.com/gc/ztn_1/index.m3u8
丽江古城万古楼遥望玉龙雪山,https://gcalic.v.myalicdn.com/gc/ljgcwglytylxs_1/index.m3u8
丽江古城大水车,https://gcalic.v.myalicdn.com/gc/ljgcdsc_1/index.m3u8
丽江古城大研花巷观景,https://gcalic.v.myalicdn.com/gc/ljgcdyhxgjt_1/index.m3u8
义乌新闻综合,https://44911.hlsplay.aodianyun.com/tv_radio_44911/tv_channel_1796.m3u8?auth_key=4830573978-0-0-92824c2c03f95906a3c49a4aa28f1709&extra_key=Yc1XsmxOKy2UBoPM4Wy5vCPsEYqnj06taCR2SRB2Xrg2w28NPilH03KdIbbM5wgSql-VBohSnoO9AOKl94q2t2DWMftz-XB-2qUX-UjXcS80StcSZahBFjrKLivXaRjiY5r2NOMKWMKFbv-S0Bz2G6iEXgCK8yGjtrFHDcPfAQEE0pvXq0Bwy34b7We8zARN&ali_ffmpeg_version=mpengine
乌镇全景,https://gcalic.v.myalicdn.com/gc/zjwzblt_1/index.m3u8
乌镇蓝印花布,https://gcalic.v.myalicdn.com/gc/zjwzlyhb_1/index.m3u8
乌镇西市河,https://gcalic.v.myalicdn.com/gc/zjwzbblh_1/index.m3u8
乌镇龙形田,https://gcalic.v.myalicdn.com/gc/zjwzlxt_1/index.m3u8
乐山大佛全景,https://gcalic.v.myalicdn.com/gc/lsdfgfl_1/index.m3u8
乐至综合,http://175.155.106.72:89/live1/live1.m3u8
乐至综合,http://175.155.106.72:89/live1/live1.m3u8?zsicd;http://rmlive.lzxrmtzx.com/live1/live1.m3u8?zsicd
乐至综合,http://175.155.106.72:89/live1/live1.m3u8?zsicd
九台,http://stream10.jlntv.cn/jiutaitv/sd/live.m3u8?zjild
九台综合,http://stream10.jlntv.cn/jiutaitv/sd/live.m3u8
云南丽江冰川,https://gcalic.v.myalicdn.com/gc/hkylxs05_1/index.m3u8
云南丽江印象实景,https://gcalic.v.myalicdn.com/gc/hkylxs01_1/index.m3u8
云南丽江玉龙雪山,https://gcalic.v.myalicdn.com/gc/ylxs11_1/index.m3u8
云南丽江玉龙雪山草甸,https://gcalic.v.myalicdn.com/gc/hkylxs06_1/index.m3u8
云南丽江蓝月谷,https://gcalic.v.myalicdn.com/gc/ylxs12_1/index.m3u8
云南大理崇圣寺三塔中景,https://gcalic.v.myalicdn.com/gc/dlst03_1/index.m3u8
云南大理崇圣寺三塔远景,https://gcalic.v.myalicdn.com/gc/dlst01_1/index.m3u8
云南白沙远眺玉龙雪山,https://gcalic.v.myalicdn.com/gc/hkylxs03_1/index.m3u8
云和新闻综合,http://l.cztvcloud.com/channels/lantian/SXyunhe1/720p.m3u8
云和新闻综合,http://l.cztvcloud.com/channels/lantian/SXyunhe1/720p.m3u8?zzhed
云霄综合,https://live.zzyxxw.com:2443/live/xwzh.m3u8
云霄综合,http://live.zzyxxw.com:85/live/xwzh.m3u8
云霄综合,http://live.zzyxxw.com:85/live/xwzh.m3u8?fujian,
云霄综合,http://live.zzyxxw.com:85/live/xwzh.m3u8?fujian
五彩池,https://gcalic.v.myalicdn.com/gc/hlwcc_1/index.m3u8
井研综合,http://tvfile.jyrmt.cn/nmip-media/channellive/channel104452/playlist.m3u8
人与自然,http://newcntv.qcloudcdn.com/asp/hls/1200/0303000a/3/default/1425e1d505654cb48ba82b807b221193/1200.m3u8
人在囧途,https://vip.ffzy-play.com/20221018/1953_2d6ba500/index.m3u8
人在囧途之泰囧,https://vip.ffzy-play.com/20221018/1951_47e1adc8/index.m3u8
人在囧途之港囧,https://vip.ffzy-play7.com/20230112/11082_fde1a94d/index.m3u8
人间卫视,https://5ddce30eb4b55.streamlock.net/bltvhd/bltv1/chunklist_w511254805.m3u8
人间卫视,http://61.216.67.119:1935/bltvhd/bltv1/chunklist_w1266569526.m3u
仁寿综合,https://play.scrstv.com.cn/DT/live.m3u8?auth_key=60001724663204-0-0-c1cc4ded9841ac34f63cdbd3aec647ef
伊犁哈萨克,http://110.153.180.106:55555/out_3/index.m3u8
伊犁哈萨克,http://110.153.180.106:55555/out_3/index.m3u8?zxinjd
伊犁经济法制,http://110.153.180.106:55555/out_4/index.m3u8
伊犁经济法制,http://110.153.180.106:55555/out_4/index.m3u8?zxinjd
余姚姚江文化,http://l.cztvcloud.com/channels/lantian/SXyuyao3/720p.m3u8?zzhed
余姚姚江文化,https://l.cztvcloud.com/channels/lantian/SXyuyao3/720p.m3u8
余姚新闻综合,http://l.cztvcloud.com/channels/lantian/SXyuyao1/720p.m3u8?zzhed
余姚新闻综合,http://l.cztvcloud.com/channels/lantian/SXyuyao1/720p.m3u8
余姚新闻综合,http://l.cztvcloud.com/channels/lantian/SXyuyao1/720p.m3u8?cWlkPSZzPTg3OWMwYmMyZDMzYTFhZGY3NDQxMjgyYTg1MmUzNTY0JmVzPTE3MDY2Nzc4NzMmdXVpZD0yMjdiY2MzNGNiNGY0MThlYjRiY2IxYzcwNmZjODNkMS02NzQ3NDY2NyZ2PTImYXM9MCZjZG5leF9pZD10eF9waG9uZV9saXZl
余姚综合,https://l.cztvcloud.com/channels/lantian/SXyuyao1/720p.m3u8
余姚综合,http://l.cztvcloud.com/channels/lantian/SXyuyao1/720p.m3u8?zzhed
余姚综合,http://l.cztvcloud.com/channels/lantian/SXyuyao1/720p.m3u8?
余杭未来E,http://l.cztvcloud.com/channels/lantian/SXyuhang3/720p.m3u8
余杭未来E,http://l.cztvcloud.com/channels/lantian/SXyuhang3/720p.m3u8?zzhed
余杭未来E频道,http://l.cztvcloud.com/channels/lantian/SXyuhang3/720p.m3u8?zzhed
余杭综合,http://l.cztvcloud.com/channels/lantian/SXyuhang1/720p.m3u8
余杭综合,http://l.cztvcloud.com/channels/lantian/SXyuhang1/720p.m3u8?zzhed
余杭综合频道,http://l.cztvcloud.com/channels/lantian/SXyuhang1/720p.m3u8?zzhed
倩女幽魂人间道,http://jsmov2.a.yximgs.com/bs3/video-hls/5250634317044855747_hlsb.m3u8
倩女幽魂妖魔道,http://jsmov2.a.yximgs.com/bs3/video-hls/5232901391302199073_hlsb.m3u8
倩女幽魂道道道,http://jsmov2.a.yximgs.com/bs3/video-hls/5216294367991385255_hlsb.m3u8
八里沟风景区天界山玻璃栈道,https://gcalic.v.myalicdn.com/gc/blg03_1/index.m3u8
八里沟风景区桃花湾瀑布,https://gcalic.v.myalicdn.com/gc/blg05_1/index.m3u8
六盘山红军长征景区,https://gcalic.v.myalicdn.com/gc/lpsgmjng01_1/index.m3u8
兰溪新闻综合,http://l.cztvcloud.com/channels/lantian/SXlanxi1/720p.m3u8?zzhed
兰溪新闻综合,http://l.cztvcloud.com/channels/lantian/SXlanxi1/720p.m3u8
兴隆综合,https://jwcdnqx.hebyun.com.cn/live/xlzh/1500k/tzwj_video.m3u8
兵团五师双河影,https://liveout.btzx.com.cn/62ds9e/6o77s4.m3u8?zxinjd
兵团五师双河新闻综合,http://liveout.btzx.com.cn/62ds9e/4nxdih.m3u8?fbl=
兵团八师石河子新闻综合,http://124.88.144.73:1935/live/xwzh/playlist.m3u8?zxinjd
农林卫视,http://124.116.183.146:9901/tsfile/live/1004_1.m3u8
农林卫视,http://124.116.183.146:9901/tsfile/live/1004_1.m3u8?key=txiptv&playlive=1&authid=0
冰冰影剧,http://www.goodiptv.club/douyu/74374
刀刀影院,http://www.goodiptv.club/douyu/747764
剑阁综合,https://m3u8.channel.dzsm.com/nmip-media/channellive/channel105549/playlist.m3u8
华语影视,http://www.goodiptv.club/douyu/3928
南京玄武湖公园,https://gcalic.v.myalicdn.com/gc/xwh01_1/index.m3u8
厦门鼓浪屿,https://gcalic.v.myalicdn.com/gc/gly01_1/index.m3u8
双辽,http://stream5.jlntv.cn/sl/sd/live.m3u8?zjild
双辽综合,http://stream3.jlntv.cn:80/aac_slgb/playlist.m3u8
古装武侠,http://www.goodiptv.club/douyu/2793084
句容党建,http://jrlive.jrntv.com/live/_definst_/dangjians/playlist.m3u8?%E5%85%B3%E6%B3%A8%E5%BE%AE%E4%BF%A1%E5%85%AC%E4%BC%97%E5%8F%B7[%E6%99%B4%E5%9B%AD]
句容影院,http://jrlive.jrntv.com/live/_definst_/yingshis/chunklist_w1994429382.m3u8?zjiangsd
句容生活,http://jrlive.jrntv.com/live/_definst_/shenghuos/playlist.m3u8?%E5%85%B3%E6%B3%A8%E5%BE%AE%E4%BF%A1%E5%85%AC%E4%BC%97%E5%8F%B7[%E6%99%B4%E5%9B%AD]
可克达拉综合,http://file.loulannews.cn/nmip-media/channellive/channel103824/playlist.m3u8
合肥新闻,http://112.27.235.94:8000/hls/18/index.m3u8
名山综合,https://m3u8channel-bx.yunxya.com/nmip-media/channellive/channel104666/playlist.m3u8
哈尔滨资讯,http://stream.hrbtv.net/zxpd/sd/live.m3u8
哈尔滨都市咨询,http://stream.hrbtv.net/zxpd/sd/live.m3u8?zheild
嘉峪关综合,http://play.kankanlive.com/live/1720583434627241.m3u8
四川四姑娘山隆珠措,https://gcalic.v.myalicdn.com/gc/sgns02_1/index.m3u8
四川峨眉山云海日出,https://gcalic.v.myalicdn.com/gc/emsarm_1/index.m3u8
四川峨眉山普贤菩萨铜像,https://gcalic.v.myalicdn.com/gc/emspxps_1/index.m3u8
四川峨眉山远眺万佛顶,https://gcalic.v.myalicdn.com/gc/emswfs_1/index.m3u8
四川峨眉山远眺贡嘎雪山,https://gcalic.v.myalicdn.com/gc/emsyh_1/index.m3u8
固镇新闻,http://www.guzhenm.com:7001/hls/hd-live.m3u8
固镇新闻,http://www.guzhenm.com:7001/hls/hd-live.m3u8?%E5%85%B3%E6%B3%A8%E5%BE%AE%E4%BF%A1%E5%85%AC%E4%BC%97%E5%8F%B7[%E6%99%B4%E5%9B%AD]
地理中国,http://newcntv.qcloudcdn.com/asp/hls/1200/0303000a/3/default/c6baf6f74bb944aeacee1065ea72c798/1200.m3u8
大宁综合,http://live.daningtv.com/aac_dngb/playlist.m3u8
天涯石,https://gcalic.v.myalicdn.com/gc/tyhjtys_1/index.m3u8
太谷新闻综合,https://p2.vzan.com/slowlive/596867413819827251/live.m3u8?zbid=1725814272&amp;tpid=1516989100&amp;type=0
太谷新闻综合,https://p2.vzan.com/slowlive/596867413819827251/live.m3u8?zbid=1725814272&tpid=1516989100&type=0
夹江新闻综合,http://tvfile.jjrm.org.cn/nmip-media/channellive/channel106282/playlist.m3u8?zsicd
奎屯哈萨克语,http://218.84.12.186:8002/hls/main/playlist.m3u8?zxinjd
奎屯汉语,http://218.84.12.186:8001/hls/main/playlist.m3u8?zxinjd
安徽池州九华山风景区九华山,https://gcalic.v.myalicdn.com/gc/jhs05_1/index.m3u8
安徽黟县芦村远眺,https://gcalic.v.myalicdn.com/gc/yxlcyt_1/index.m3u8
安徽黟县西递牌坊,https://gcalic.v.myalicdn.com/gc/yxxdpf_1/index.m3u8
定襄综合,http://lbyzztfe.live.sxmty.com/live/hls/645ff4c60e0a49f0a203abbd73dd8be9/0720e665f10f48e98c9639f4f492fb4a-1.m3u8?zshanxd
寒战,https://vip.ffzy-play6.com/20221019/157_bf0740ee/index.m3u8
嵊州新闻综合,http://l.cztvcloud.com/channels/lantian/SXshengzhou1/720p.m3u8?zzhed
嵊州新闻综合,http://l.cztvcloud.com/channels/lantian/SXshengzhou1/720p.m3u8?zzhed#http://l.cztvcloud.com/channels/lantian/SXshengzhou1/720p.m3u8
嵊泗综合,http://l.cztvcloud.com/channels/lantian/SXshengsi1/720p.m3u8
嵊泗综合,http://l.cztvcloud.com/channels/lantian/SXshengzhou1/720p.m3u8?zzhed
常熟民生,http://3gvod.zjgonline.com.cn:1935/live/_definst_/shehuishenghuo_app/chunklist.m3u8
平湖新闻综合,http://l.cztvcloud.com/channels/lantian/SXpinghu1/720p.m3u8?zzhed
平湖民生休闲,http://l.cztvcloud.com/channels/lantian/SXpinghu2/720p.m3u8?zzhed
平湖民生休闲,http://l.cztvcloud.com/channels/lantian/SXpinghu2/720p.m3u8
平遥新闻综合,https://tntgjhjb.live.sxmty.com/live/hls/3a4585ac11ec4e1bb07b419101b370c3/baf63e2b313440c2a25d7859f9b73b05-1.m3u8?zshanxd
广元公共,https://m3u8.channel.dzsm.com/nmip-media/channellive/channel101257/playlist.m3u8
广安公共,http://live1.gatv.com.cn:85/live/GGPD_ggpdzm.m3u8
广安公共,http://live1.gatv.com.cn:85/live/GGPD.m3u8
广安公共,http://live1.gatv.com.cn:85/live/GGPD_ggpdzm.m3u8?zsicd
广德生活,https://live.gdtv.ah.cn/live/newsTV.m3u8
广西桂林漓江景区,https://gcalic.v.myalicdn.com/gc/gllj01_1/index.m3u8
广西玉林大容山莲花山顶,https://gcalic.v.myalicdn.com/gc/drs01_1/index.m3u8
庆元新闻综合,http://l.cztvcloud.com/channels/lantian/SXqingyuan1/720p.m3u8?fbl=
庆元综合,http://l.cztvcloud.com/channels/lantian/SXqingyuan1/720p.m3u8
庆元综合,http://l.cztvcloud.com/channels/lantian/SXqingyuan1/720p.m3u8?zzhed?
延边2,http://stream5.jlntv.cn/wq/playlist.m3u8
开化国家公园,http://l.cztvcloud.com/channels/lantian/SXkaihua2/720p.m3u8
开化国家公园,http://l.cztvcloud.com/channels/lantian/SXkaihua2/720p.m3u8?zzhed
开化国家公园,http://l.cztvcloud.com/channels/lantian/SXkaihua2/720p.m3u8?zzhed#http://l.cztvcloud.com/channels/lantian/SXkaihua2/720p.m3u8zzhed#http://l.cztvcloud.com/channels/lantian/SXkaihua2/720p.m3u8
开化国家公园,http://l.cztvcloud.com/channels/lantian/SXkaihua2/720p.m3u8zzhed
开化新闻综合,http://l.cztvcloud.com/channels/lantian/SXkaihua1/720p.m3u8?zzhed
张掖七彩丹霞,https://gcalic.v.myalicdn.com/gc/zyqcdx01_1/index.m3u8
张掖新闻综合,https://play.kankanlive.com/live/1720583434627241.m3u8
德惠综合,http://stream11.jlntv.cn/dehuitv/sd/live.m3u8
怀仁综合,https://1yp7hc5p.live.sxmty.com/live/hls/bff8529922344209985b6e49baa9555a/efa2543628fc4a7ea93d3d6c975f77dc-1.m3u8
恒山悬空寺全景,https://gcalic.v.myalicdn.com/gc/hsxksqj_1/index.m3u8
我不是药神,https://vip.ffzy-play1.com/20221018/478_c3afed66/index.m3u8
拆弹专家1,https://vip.ffzy-online.com/20221015/719_80ff87c2/index.m3u8
拆弹专家2,https://vip.ffzy-online.com/20221015/722_e32c42bc/index.m3u8
支持作者,https://vd2.bdstatic.com/mda-sctj0f6r4u1bpebc/1080p/cae_h264/1774706523506678171/mda-sctj0f6r4u1bpebc.mp4
敦化一套,http://stream8.jlntv.cn/dhtv/playlist.m3u8
敦化一套,http://stream8.jlntv.cn/dhtv/playlist.m3u8?zjild
数码时代,http://ali-m-l.cztv.com/channels/lantian/channel012/1080p.m3u8
数码时代,http://ali-m-l.cztv.com/channels/lantian/channel12/720p.m3u8?zzhed
文成新闻综合,http://l.cztvcloud.com/channels/lantian/SXwencheng1/720p.m3u8
文成综合,http://l.cztvcloud.com/channels/lantian/SXwencheng1/720p.m3u8?zzhed
文成综合,http://l.cztvcloud.com/channels/lantian/SXwencheng1/720p.m3u8?zzhed?
新昌新闻综合,https://l.cztvcloud.com/channels/lantian/SXxinchang1/720p.m3u8
新昌生活,http://l.cztvcloud.com/channels/lantian/SXxinchang2/720p.m3u8
新沂新闻,http://live.xysrmt.cn/xwzh/sd/live.m3u8?zjiangsd"
新沂生活,http://live.xysrmt.cn/shpd/sd/live.m3u8?zjiangsd
新疆天山,http://gctxyc.liveplay.myqcloud.com/gc/xjtcdhsz_1/index.m3u8
新野综合,http://tvpull.dxhmt.cn:9081/tv/11329-1.m3u8
新野综合,http://tvpull.dxhmt.cn:9081/tv/11329-1.m3u8?zhend
新野综合,http://tvpull.dxhmt.cn:9081/tv/11329-1.m3u8?zhend?
旺苍新闻综合,http://channel.wcrmt.cn:80/nmip-media/channellive/channel105268/playlist.m3u8
旺苍新闻综合,http://live.spccmc.com:90/live/spxwzh.m3u8?%E5%85%B3%E6%B3%A8%E5%BE%AE%E4%BF%A1%E5%85%AC%E4%BC%97%E5%8F%B7[%E6%99%B4%E5%9B%AD]
普陀山,https://gcalic.v.myalicdn.com/gc/pts01_1/index.m3u8
普陀新闻综合,http://l.cztvcloud.com/channels/lantian/SXputuo1/720p.m3u8
普陀电视台,https://l.cztvcloud.com/channels/lantian/SXputuo1/720p.m3u8
月牙泉,https://gcalic.v.myalicdn.com/gc/dhyyqsm_1/index.m3u8
望乡台,https://gcalic.v.myalicdn.com/gc/hlwxt_1/index.m3u8
朝天综合,https://m3u8.channel.dzsm.com/nmip-media/channellive/channel104601/playlist.m3u8
来宾综合,http://zb.gxlbamc.com:1935/live/lbzh.stream/playlist.m3u8
松潘新闻综合,http://live.spccmc.com:90/live/spxwzh.m3u8?zsicd
松潘新闻综合,http://live.spccmc.com:90/live/spxwzh.m3u8
松阳综合,http://l.cztvcloud.com/channels/lantian/SXsongyang1/720p.m3u8
松阳综合,http://l.cztvcloud.com/channels/lantian/SXsongyang1/720p.m3u8?zzhed?
柳河,http://stream5.jlntv.cn/lh/sd/live.m3u8?zjild
柳河综合,http://stream3.jlntv.cn:80/aac_lhgb/sd/live.m3u8
桦甸,http://stream10.jlntv.cn/huadian/sd/live.m3u8?zjild
桦甸综合,http://stream9.jlntv.cn:80/aac_huadiangb/playlist.m3u8
梅河口综合,http://stream3.jlntv.cn:80/aac_mhkgb/playlist.m3u8
梨园,https://dxtx.hntv.tv/live/lypd.m3u8?txSecret=10c771842a0be59e8b575d765173ec96&txTime=7B923E0A&wsSecret=41543190cdf375f1c73207222bb96542&wsTime=1769313549
橙记港剧,http://www.goodiptv.club/douyu/4549169
武义新闻综合,http://l.cztvcloud.com/channels/lantian/SXwuyi1/720p.m3u8?zzhed
武义新闻综合,http://l.cztvcloud.com/channels/lantian/SXwuyi1/720p.m3u8
武乡新闻综合,http://uzoiczhh.live.sxmty.com/live/hls/0d41f1480c4042d49927858f01fde707/53130407737b417b9a6259b57246bae3.m3u8?zshanxd
武进新闻,https://live.wjyanghu.com/live/CH1.m3u8
武进生活,http://live.wjyanghu.com/live/CH2.m3u8
永嘉新闻综合,http://l.cztvcloud.com/channels/lantian/SXyongjia1/720p.m3u8
永城综合,http://tvpull.dxhmt.cn:9081/tv/11481-1.m3u8
永昌综合,https://play.kankanlive.com/live/1652755738635915.m3u8
江夏新闻综合,http://59.175.226.142:280/gb28181/xwzh.m3u8?zhubd
江津新闻,http://222.179.155.21:1935/ch1.m3u8?zzhongqd
江苏南京牛首山,https://gcalic.v.myalicdn.com/gc/nss01_1/index.m3u8
江苏徐州云龙湖风景区云龙山观景台西,https://gcalic.v.myalicdn.com/gc/ylh04_1/index.m3u8
汪清,http://stream5.jlntv.cn/wq/sd/live.m3u8?zjild
汪清综合,http://stream5.jlntv.cn/wq/sd/live.m3u8
汶川新闻综合,http://live.iwcmt.cn:90/live/zhxw.m3u8
汶川新闻综合,http://file.ysxtv.cn/cms/videos/nmip-media/channellive/channel4/playlist.m3u8?zsicd#rtmp://tv.mcrm.org.cn:1935/channellive/tv01
汶川新闻综合,http://live.iwcmt.cn:90/live/zhxw.m3u8?zsicd
汾西综合,https://qmmqvzoz.live.sxmty.com/live/hls/f24f8a390c084386a564074c9260100c/be3fdf07606145739ab2c4b80fe0136a.m3u8?zshanxd
沐川综合,http://file.ysxtv.cn/cms/videos/nmip-media/channellive/channel4/playlist.m3u8?zsicd
泗洪新闻综合,http://live1.habctv.com/ggpdsl/sd/live.m3u8?zjiangsd#http://live1.habctv.com/ggpdsl/sd/live.m3u8
泰山主峰,https://gcalic.v.myalicdn.com/gc/taishan01_1/index.m3u8
泰山十八盘,https://gcalic.v.myalicdn.com/gc/taishan05_1/index.m3u8
泰山南天门,https://gcalic.v.myalicdn.com/gc/hkts07_1/index.m3u8
泰山大观峰,https://gcalic.v.myalicdn.com/gc/taishan03_1/index.m3u8
泰山太平岭,https://gcalic.v.myalicdn.com/gc/hkts09_1/index.m3u8
泰山望人松,https://gcalic.v.myalicdn.com/gc/taishan02_1/index.m3u8
泰山玉皇顶,https://gcalic.v.myalicdn.com/gc/taishan06_1/index.m3u8
泰山白云亭悬崖,https://gcalic.v.myalicdn.com/gc/hkts02_1/index.m3u8
泰山碧霞祠,https://gcalic.v.myalicdn.com/gc/hkts03_1/index.m3u8
泸县新闻综合,http://lxfile.lxxcb.cn:80/nmip-media/channellive/channel103799/playlist.m3u8
泸县新闻综合,https://m3u8channel.ganzitv.com/nmip-media/channellive/channel1/playlist.m3u8
泸县新闻综合,http://lxfile.lxxcb.cn/nmip-media/channellive/channel103799/playlist.m3u8
泸县新闻综合,http://lxfile.lxxcb.cn/nmip-media/channellive/channel103799/playlist.m3u8?zsicd
洞头综合,http://l.cztvcloud.com/channels/lantian/SXdongtou1/720p.m3u8
洞头综合,http://l.cztvcloud.com/channels/lantian/SXdongtou1/720p.m3u8?zzhed?
浙江留学,http://ali-vl.cztv.com/channels/lantian/channel009/360p.m3u8
浙江舟山东极岛,https://gcalic.v.myalicdn.com/gc/djd01_1/index.m3u8
浙江遂昌,http://l.cztvcloud.com/channels/lantian/SXsuichang1/720p.m3u8
海宁新闻综合,https://p2hs.vzan.com/slowlive/317913155078575177/live.m3u8
海峡卫视,http://38.64.72.148:80/hls/modn/list/4009/playlist.m3u8
海峡卫视,http://38.64.72.148:80/hls/modn/list/4009/chunklist0.m3u8
涟水电视台综合,http://live1.habctv.com/ggpdsl/sd/live.m3u8
涟水电视台综合,http://live1.habctv.com/ggpdsl/sd/live.m3u8?zjiangsd
渭源新闻,http://play.kankanlive.com/live/1720408280309109.m3u8
湖南张家界天门山西线玻璃栈道,https://gcalic.v.myalicdn.com/gc/tms05_1/index.m3u8
湖南张家界宝峰湖,https://gcalic.v.myalicdn.com/gc/zjjbfh_1/index.m3u8
湖南张家界御笔峰,https://gcalic.v.myalicdn.com/gc/zjjybf_1/index.m3u8
湖南张家界水绕四门,https://gcalic.v.myalicdn.com/gc/zjjsrsm_1/index.m3u8
湖州公共民生,http://hzcm-live.media.hugd.com/1e6b554b9ab74513958c0e1ffe664d22/9acaa7634309494cb29a85eb12136607.m3u8?auth_key=2272900830-9a2389b8bf4e49d580d4ad807423d326-0-ea78a5c7a678c436263582d368f5009e
滨海新闻综合,http://traffic.jbh.tjbh.com/live/bhtv10/playlist.m3u8
灌阳新闻综合,https://ls.qingting.fm/live/5043/64k.m3u8
烟台经济科技,http://live.yantaitv.cn/live/27f84144e95a4652ae9e5c211b2a6b55/405f3e33ba384aa0a16014d0becd1261-1.m3u8
热门港剧,http://www.goodiptv.club/douyu/5522351
熊猫直播,https://gcwbndali.v.myalicdn.com/gcwbnd/ipanda1000_2/index.m3u8
狮子山鸟瞰丽江古城,https://gcalic.v.myalicdn.com/gc/ljgcszsnkgc_1/index.m3u8
玛纳斯,http://218.84.127.245:1026/hls/main1/playlist.m3u8?zxinjd
玛纳斯综合,http://218.84.127.245:1026/hls/main1/playlist.m3u8?zxinjd,
珲春新闻,http://stream8.jlntv.cn/hctv/sd/live.m3u8?zjild
甘南县综合,https://stream.hrbtv.net/zxpd/sd/live.m3u8
甘孜综合,http://tv.drs.ganzitv.com:8100/channellive/gztv.flv
电影八点档,http://live.metshop.top/huya/880261?cdn=alicdn
电影刘德华,http://live.metshop.top/huya/11342424?cdn=alicdn
电影功夫片,http://live.metshop.top/huya/11352941?cdn=alicdn
电影动作电影,http://live.metshop.top/huya/11602077?cdn=alicdn
电影周星星,http://live.metshop.top/huya/11336587?cdn=alicdn
电影喜剧专场,http://live.metshop.top/huya/11602044?cdn=alicdn
电影嫣然影厅,http://live.metshop.top/huya/11601977?cdn=alicdn
电影战争片,http://live.metshop.top/huya/21059574?cdn=alicdn
电影搞笑喜剧,http://live.metshop.top/huya/11342423?cdn=alicdn
电影梁家辉,http://live.metshop.top/huya/11342429?cdn=alicdn
电影犯罪片,http://live.metshop.top/huya/11352974?cdn=alicdn
电影蜘蛛侠,http://live.metshop.top/huya/21059599?cdn=alicdn
电影谍战,http://live.metshop.top/huya/21059585?cdn=alicdn
电影谍战片,http://live.metshop.top/huya/21059587?cdn=alicdn
电影贺岁,http://live.metshop.top/huya/11601971?cdn=alicdn
电影高分动作,http://live.metshop.top/huya/11352884?cdn=alicdn
白山公共,http://stream8.jlntv.cn/baishan2/playlist.m3u8?zjild
白银综合,http://play.kankanlive.com/live/1720408089419110.m3u8
直播中国,https://gcalic.v.myalicdn.com/gc/wgw05_1/index.m3u8?contentid=2820180516001
直播中国精编直播,https://gcalic.v.myalicdn.com/gc/wgw05_1/index.m3u8
磐石,http://stream5.jlntv.cn/ps/sd/live.m3u8?zjild
磐石综合,http://stream3.jlntv.cn:80/aac_psgb/sd/live.m3u8
祁门综合,http://zbbf2.ahbztv.com/live/416.m3u8?zanhd
福建武夷山玉女峰,https://gcalic.v.myalicdn.com/gc/wysynf_1/index.m3u8
福建漳州醉美沙滩翡翠湾,https://gcalic.v.myalicdn.com/gc/fcw03_1/index.m3u8
缙云新闻综合,http://l.cztvcloud.com/channels/lantian/SXjinyun1/720p.m3u8
缙云综合,http://l.cztvcloud.com/channels/lantian/SXjinyun1/720p.m3u8?zzhed?
缙云综合,http://l.cztvcloud.com/channels/lantian/SXjinyun1/720p.m3u8?zzhed
美亚电影,http://zjrtv.vip/live/?tbs=mydy
自然传奇,http://newcntv.qcloudcdn.com/asp/hls/1200/0303000a/3/default/81a1ad3a661748bfb8560c92d38204ca/1200.m3u8
舒兰新闻,http://stream8.jlntv.cn/shulan/sd/live.m3u8?zjild
舒兰新闻综合,http://stream8.jlntv.cn/shulan/sd/live.m3u8?_upt=332db6421699196585
航拍中国第二季,http://newcntv.qcloudcdn.com/asp/hls/4000/0303000a/3/default/2bdfdad540b342f592f9817cb7f3b79a/4000.m3u8
苍南新闻综合,https://l.cztvcloud.com/channels/lantian/SXcangnan1/720p.m3u8
苏州4K,https://tylive.kan0512.com/norecord/csztv4k_4k.m3u8
苏州文化生活,https://live-auth.51kandianshi.com/szgd/csztv3.m3u8
苏州生活资讯,https://live-auth.51kandianshi.com/szgd/csztv5.m3u8
苏州社会经济,https://live-auth.51kandianshi.com/szgd/csztv2.m3u8
荥经综合,https://file.ysxtv.cn/nmip-media/channellive/channel101492/playlist.m3u8
荥经综合,https://m3u8channel-yj.yunxya.com/nmip-media/channellive/channel101140/playlist.m3u8
荥经综合,http://file.ysxtv.cn/cms/videos/nmip-media/channellive/channel4/playlist.m3u8
荥阳综合,http://tvpull.dxhmt.cn:9081/tv/10182-1.m3u8
荥阳综合,http://tvpull.dxhmt.cn:9081/tv/10182-1.m3u8?zhend
荥阳综合,http://tvpull.dxhmt.cn:9081/tv/10182-1.m3u8?wsSecret=df15530a0abec41b14bca00fc96270d1&wsTime=1654956569
营山电视台,http://file.ysxtv.cn/cms/videos/nmip-media/channellive/channel4/playlist.m3u8?zsicd#http://file.ysxtv.cn/cms/videos/nmip-media/channellive/channel4/playlist.m3u8
萧山新闻综合,http://l.cztvcloud.com/channels/lantian/SXxiaoshan1/720p.m3u8?zzhed
萧山新闻综合,https://l.cztvcloud.com/channels/lantian/SXxiaoshan1/720p.m3u8
萧山生活,http://l.cztvcloud.com/channels/lantian/SXxiaoshan2/720p.m3u8?zzhed?
萧山生活,https://l.cztvcloud.com/channels/lantian/SXxiaoshan2/720p.m3u8
萧山生活,http://l.cztvcloud.com/channels/lantian/SXxiaoshan2/720p.m3u8?zzhed
萧山生活频道,http://l.cztvcloud.com/channels/lantian/SXxiaoshan2/720p.m3u8?zzhed
萧山综合,http://l.cztvcloud.com/channels/lantian/SXxiaoshan1/720p.m3u8
衡阳新闻综合,https://liveplay-srs.voc.com.cn/hls/tv/183_554704.m3u8
衢江新闻综合,http://l.cztvcloud.com/channels/lantian/SXqujiang1/720p.m3u8?zzhed
西安新闻,http://112.46.105.20:8009/hls/28/index.m3u8
西安都市,http://112.46.105.20:8009/hls/29/index.m3u8
西峰综合,https://play.kankanlive.com/live/1683944827526991.m3u8
让子弹飞,https://vip.ffzy-play7.com/20230116/11563_b9f44814/index.m3u8
诸暨新闻综合,http://l.cztvcloud.com/channels/lantian/SXzhuji3/720p.m3u8?zzhed
诸暨新闻综合,https://l.cztvcloud.com/channels/lantian/SXzhuji3/720p.m3u8
象山新闻综合,http://l.cztvcloud.com/channels/lantian/SXxiangshan1/720p.m3u8
象山综合,http://play-sh13.quklive.com/live/1702360350551252.m3u8?auth_key=2037107484-800189c57a5a44d3b823b60cf84f6756-0-a6f6828a62d5c167cff5e68735fa0d39
象山综合,http://l.cztvcloud.com/channels/lantian/SXxiangshan1/720p.m3u8?zzhed
贝爷求生,http://www.goodiptv.club/douyu/9661369
贵州省兴义市万峰林,https://gcalic.v.myalicdn.com/gc/xywfl_1/index.m3u8
足球频道,https://nmglive.imfc.cn/5n1r1c/182396.m3u8
辉南新闻,http://stream5.jlntv.cn/hn/sd/live.m3u8?zjild
辉南新闻综合,http://stream5.jlntv.cn/hn/sd/live.m3u8
通化县,http://stream5.jlntv.cn/thx/sd/live.m3u8?zjild
通化县综合,http://stream3.jlntv.cn:80/aac_thxgb/playlist.m3u8
遂昌综合,http://l.cztvcloud.com/channels/lantian/SXsuichang1/720p.m3u8?zzhed
邢台生活,https://jwcdnqx.hebyun.com.cn/live/xtcsshpd/1500k/tzwj_video.m3u8
邵氏影院,http://www.goodiptv.club/douyu/4246519
都江堰鱼嘴,https://gcalic.v.myalicdn.com/gc/djyqyl1_1/index.m3u8
金川乡村,http://live.jinchuanrmt.com:90/live/jcxc.m3u8?zsicd
金川新闻综合,http://live.jinchuanrmt.com:90/live/zhxw.m3u8?zsicd
钱江都市,https://ali-m-l.cztv.com/channels/lantian/channel002/1080p.m3u8
长子综合,https://www.wxhcgbds.com:8081/channelTv/WXTV_1.m3u8?zshanxd
长影频道,http://tpc.x3322.net:9901/tsfile/live/1010_1.m3u8
长白山电视台,http://stream8.jlntv.cn/cbstv/sd/live.m3u8?zjild
长白朝语,http://hplayer1.juyun.tv:80/camera/11344136.m3u8
陕西新闻咨询,http://112.46.105.20:8009/hls/18/index.m3u8
陕西洋县国宝朱鹮02,https://gcalic.v.myalicdn.com/gc/zh02_1/index.m3u8
陕西秦腔,http://112.46.105.20:8009/hls/22/index.m3u8
陕西银龄,http://112.46.105.20:8009/hls/20/index.m3u8
雅安新闻综合,https://play.yunxya.com/channellive/xinwen.m3u8
雪乡大石碑,https://gcalic.v.myalicdn.com/gc/mdjxxdsb_1/index.m3u8
雪乡梦幻家园,https://gcalic.v.myalicdn.com/gc/mdjxxmhjyxj_1/index.m3u8
青岛崂山八水河,https://gcalic.v.myalicdn.com/gc/qdls02_1/index.m3u8
青岛崂山双福,https://gcalic.v.myalicdn.com/gc/qdls03_1/index.m3u8
青川综合,http://qcfile.qcrmt.com/nmip-media/channellive/channel100933/playlist.m3u8
青田电视台,http://l.cztvcloud.com/channels/lantian/SXqingtian1/720p.m3u8
靖宇,http://stream8.jlntv.cn/jytv/sd/live.m3u8?zjild
靖宇综合,http://stream9.jlntv.cn:80/aac_jygb/playlist.m3u8
靖江新闻综合,http://ls.qingting.fm/live/23797.m3u8
韩国EBS少儿,http://ebsonairios.ebs.co.kr/ebsutablet500k/tablet500k/playlist.m3u8
韩国电影1,https://stream.ads.ottera.tv/playlist.m3u8?network_id=595
音乐欣赏,http://61.221.215.25:8800/hls/49/index.m3u8
飞碟之谜01,https://hls.cntv.lxdns.com/asp/hls/2000/0303000a/3/default/f0a47e155d32450daa1d36a04fd7d262/2000.m3u8
飞碟之谜02,https://newcntv.qcloudcdn.com/asp/hls/2000/0303000a/3/default/d2454bbb542d4613a9db478dab2addfd/2000.m3u8
鸣沙山,https://gcalic.v.myalicdn.com/gc/dhyyqst_1/index.m3u8
黄山,https://gcalic.v.myalicdn.com/gc/ahhs01_1/index.m3u8
黄山始信新道,https://gcalic.v.myalicdn.com/gc/hsyg_1/index.m3u8
黄山排云亭,https://gcalic.v.myalicdn.com/gc/hspyt_1/index.m3u8
黄山飞来石,https://gcalic.v.myalicdn.com/gc/hsptgy_1/index.m3u8
黄果树六角亭瀑布,https://gcalic.v.myalicdn.com/gc/hgsspzxdpb_1/index.m3u8
黄花城水长城01,https://gcalic.v.myalicdn.com/gc/wgw01_1/index.m3u8
黄花城水长城02,http://gctxyc.liveplay.myqcloud.com/gc/wgw02_1/index.m3u8
黄花城水长城03,https://gcalic.v.myalicdn.com/gc/wgw03_1/index.m3u8
黄龙,https://gcalic.v.myalicdn.com/gc/hlzycc_1/index.m3u8
龙井,http://stream8.jlntv.cn/ljtv/sd/live.m3u8?zjild
龙井综合,http://stream9.jlntv.cn:80/aac_longjinggb/playlist.m3u8
龙泉新闻综合,http://l.cztvcloud.com/channels/lantian/SXlongquan1/720p.m3u8
龙游新闻综合,https://l.cztvcloud.com/channels/lantian/SXlongyou1/720p.m3u8
龙游新闻综合,http://l.cztvcloud.com/channels/lantian/SXlongyou1/720p.m3u8?zzhed
龙游生活娱乐,https://l.cztvcloud.com/channels/lantian/SXlongyou2/720p.m3u8
龙游生活娱乐,http://l.cztvcloud.com/channels/lantian/SXlongyou2/720p.m3u8?zzhed
龙门飞甲,http://jsmov2.a.yximgs.com/bs3/video-hls/5203346449046555193_hlsb.m3u8
农林卫视,http://hsv4dcdn.qnqcdn.net/gdcucc-livod.qn-cdn.gitv.tv/gitv_live/G_NONGLIN/G_NONGLIN.m3u8?p=GITV&area=GD_CUCC&$2M
家庭理财,http://hsv4dcdn.qnqcdn.net/gdcucc-livod.qn-cdn.gitv.tv/gitv_live/G_JIATINGLC/G_JIATINGLC.m3u8?p=GITV&area=GD_CUCC&$2M
北京纪实科教,http://hsv4dcdn.qnqcdn.net/gdcucc-livod.qn-cdn.gitv.tv/gitv_live/G_BEIJINGJS-HD/G_BEIJINGJS-HD.m3u8?p=GITV&area=GD_CUCC&$4M
动物园1,http://hsv4dcdn.qnqcdn.net/gdcucc-livod.qn-cdn.gitv.tv/gitv_live/G_ZOO-101/G_ZOO-101.m3u8?p=GITV&area=GD_CUCC&$3M
动物园1_2,http://hsv4dcdn.qnqcdn.net/gdcucc-livod.qn-cdn.gitv.tv/gitv_live/G_ZOO-102/G_ZOO-102.m3u8?p=GITV&area=GD_CUCC&$3M
动物园2,http://hsv4dcdn.qnqcdn.net/gdcucc-livod.qn-cdn.gitv.tv/gitv_live/G_ZOO-201/G_ZOO-201.m3u8?p=GITV&area=GD_CUCC&$3M
动物园3,http://hsv4dcdn.qnqcdn.net/gdcucc-livod.qn-cdn.gitv.tv/gitv_live/G_ZOO-301/G_ZOO-301.m3u8?p=GITV&area=GD_CUCC&$3M
动物园4,http://hsv4dcdn.qnqcdn.net/gdcucc-livod.qn-cdn.gitv.tv/gitv_live/G_ZOO-401/G_ZOO-401.m3u8?p=GITV&area=GD_CUCC&$3M
动物园5,http://hsv4dcdn.qnqcdn.net/gdcucc-livod.qn-cdn.gitv.tv/gitv_live/G_ZOO-501/G_ZOO-501.m3u8?p=GITV&area=GD_CUCC&$3M
动物园6,http://hsv4dcdn.qnqcdn.net/gdcucc-livod.qn-cdn.gitv.tv/gitv_live/G_ZOO-601/G_ZOO-601.m3u8?p=GITV&area=GD_CUCC&$3M
动物园7,http://hsv4dcdn.qnqcdn.net/gdcucc-livod.qn-cdn.gitv.tv/gitv_live/G_ZOO-701/G_ZOO-701.m3u8?p=GITV&area=GD_CUCC&$3M
动物园8,http://hsv4dcdn.qnqcdn.net/gdcucc-livod.qn-cdn.gitv.tv/gitv_live/G_ZOO-801/G_ZOO-801.m3u8?p=GITV&area=GD_CUCC&$3M
动物园9,http://hsv4dcdn.qnqcdn.net/gdcucc-livod.qn-cdn.gitv.tv/gitv_live/G_ZOO-901/G_ZOO-901.m3u8?p=GITV&area=GD_CUCC&$3M
爱上4K[超清],http://114.254.89.131:2222/rtp/239.3.1.236:2000
每日影院[高清],http://114.254.89.131:2222/rtp/239.3.1.111:8001
风尚生活[高清],http://114.254.89.131:2222/rtp/239.3.1.114:8001
幸福剧场[高清],http://114.254.89.131:2222/rtp/239.3.1.112:8001
淘娱乐[高清],http://114.254.89.131:2222/rtp/239.3.1.100:8001
幸福娱乐[高清],http://114.254.89.131:2222/rtp/239.3.1.113:8001
淘Baby[高清],http://114.254.89.131:2222/rtp/239.3.1.238:8001
萌宠TV[高清],http://114.254.89.131:2222/rtp/239.3.1.102:8001
朝阳融媒[高清],http://114.254.89.131:2222/rtp/239.3.1.163:8001
通州融媒[高清],http://114.254.89.131:2222/rtp/239.3.1.221:8001
密云电视台[高清],http://114.254.89.131:2222/rtp/239.3.1.154:8001
房山电视台[高清],http://114.254.89.131:2222/rtp/239.3.1.96:8001
东方影视,http://180.97.247.27:8088/liveplay-kk.rtxapp.com/live/program/live/dfyshd8m/8000000/mnf.m3u8
上海新闻,http://180.97.247.27:8088/liveplay-kk.rtxapp.com/live/program/live/xwzhhd8m/8000000/mnf.m3u8
新视觉台,http://180.97.247.27:8088/liveplay-kk.rtxapp.com/live/program/live/xsjhd8m/8000000/mnf.m3u8
七彩戏剧,http://180.97.247.27:8088/liveplay-kk.rtxapp.com/live/program/live/qcxjhd8m/8000000/mnf.m3u8
华语影院,http://180.97.247.27:8088/liveplay-kk.rtxapp.com/live/program/live/hyyy8m/8000000/mnf.m3u8
星光影院,http://180.97.247.27:8088/liveplay-kk.rtxapp.com/live/program/live/xgyy8m/8000000/mnf.m3u8
全球大片,http://180.97.247.27:8088/liveplay-kk.rtxapp.com/live/program/live/qqdp8m/8000000/mnf.m3u8
谍战剧场,http://180.97.247.27:8088/liveplay-kk.rtxapp.com/live/program/live/dzjc8m/8000000/mnf.m3u8
热门剧场,http://180.97.247.27:8088/liveplay-kk.rtxapp.com/live/program/live/rmjc8m/8000000/mnf.m3u8
戏曲精选,http://180.97.247.27:8088/liveplay-kk.rtxapp.com/live/program/live/xqjx8m/8000000/mnf.m3u8
热门综艺,http://180.97.247.27:8088/liveplay-kk.rtxapp.com/live/program/live/rmzy8m/8000000/mnf.m3u8
健康养生,http://180.97.247.27:8088/liveplay-kk.rtxapp.com/live/program/live/jkys8m/8000000/mnf.m3u8
百变课堂,http://180.97.247.27:8088/liveplay-kk.rtxapp.com/live/program/live/bbkt8m/8000000/mnf.m3u8
看天下精选,http://180.97.247.27:8088/liveplay-kk.rtxapp.com/live/program/live/ktxjx8m/8000000/mnf.m3u8
东方财经,http://180.97.247.27:8088/liveplay-kk.rtxapp.com/live/program/live/dfcjhd8m/8000000/mnf.m3u8
百事通体育1,http://180.97.247.27:8088/liveplay-kk.rtxapp.com/live/program/live/hdnba1/4000000/mnf.m3u8
百事通体育2,http://180.97.247.27:8088/liveplay-kk.rtxapp.com/live/program/live/hdnba2/4000000/mnf.m3u8
百事通体育3,http://180.97.247.27:8088/liveplay-kk.rtxapp.com/live/program/live/hdnba3/4000000/mnf.m3u8
百事通体育4,http://180.97.247.27:8088/liveplay-kk.rtxapp.com/live/program/live/hdnba4/4000000/mnf.m3u8
百事通体育5,http://180.97.247.27:8088/liveplay-kk.rtxapp.com/live/program/live/hdnba5/4000000/mnf.m3u8
百事通体育6,http://180.97.247.27:8088/liveplay-kk.rtxapp.com/live/program/live/hdnba6/4000000/mnf.m3u8
百事通体育7,http://180.97.247.27:8088/liveplay-kk.rtxapp.com/live/program/live/hdnba7/4000000/mnf.m3u8
中国教育1套,http://180.97.247.27:8088/liveplay-kk.rtxapp.com/live/program/live/zgjy1t8m/8000000/mnf.m3u8
中国教育4套,http://180.97.247.27:8088/liveplay-kk.rtxapp.com/live/program/live/zgjy4hd8m/8000000/mnf.m3u8
北京纪实,http://180.97.247.27:8088/liveplay-kk.rtxapp.com/live/program/live/dajs8m/8000000/mnf.m3u8
北京卡酷,http://180.97.247.27:8088/liveplay-kk.rtxapp.com/live/program/live/kkse8m/8000000/mnf.m3u8
戏曲精选,https://live.metshop.top/bestv.php?id=xqjx8m/8000000
上海第一财*,https://live.metshop.top/bestv.php?id=dycjhd8m/8000000
东方影视,https://live.metshop.top/bestv.php?id=dfyshd8m/8000000
七彩戏剧,https://live.metshop.top/bestv.php?id=qcxjhd8m/8000000
新视觉,https://live.metshop.top/bestv.php?id=xsjhd8m/8000000
热门综艺,https://live.metshop.top/bestv.php?id=rmzy8m/8000000
百变课堂,https://live.metshop.top/bestv.php?id=bbkt8m/8000000
看天下精选,https://live.metshop.top/bestv.php?id=ktxjx8m/8000000
华语影院,https://live.metshop.top/bestv.php?id=hyyy8m/8000000
星光影院,https://live.metshop.top/bestv.php?id=xgyy8m/8000000
谍战剧场,https://live.metshop.top/bestv.php?id=dzjc8m/8000000
全球大片,https://live.metshop.top/bestv.php?id=qqdp8m/8000000
热门剧场,https://live.metshop.top/bestv.php?id=rmjc8m/8000000
纪实科教,https://live.metshop.top/bestv.php?id=dajs8m/8000000
东方财*,https://live.metshop.top/bestv.php?id=dfcjhd8m/8000000
云南影视,http://mqiptv.com:8014/ch/custom20/mqlive.m3u8
云南康旅,http://mqiptv.com:8014/ch/custom23/mqlive.m3u8
澜湄国际,http://mqiptv.com:8014/ch/custom24/mqlive.m3u8
南方卫视,http://39.134.24.162/dbiptv.sn.chinamobile.com/PLTV/88888890/224/3221226218/index.m3u8?
农林卫视,http://39.134.24.162/dbiptv.sn.chinamobile.com/PLTV/88888890/224/3221226229/index.m3u8
CCTV女时尚,http://223.110.245.152/ott.js.chinamobile.com/PLTV/3/224/3221227026/index.m3u8
CCTV老故事,http://223.110.245.145/ott.js.chinamobile.com/PLTV/3/224/3221227043/index.m3u8
SiTV欢笑剧场,http://223.110.243.153/ott.js.chinamobile.com/PLTV/3/224/3221227715/index.m3u8
北京纪实,http://223.110.242.134:6610/cntv/live1/HD-8000k-1080P-beijingjishi/1.m3u8
咪咕直播-1,http://zteres.sn.chinamobile.com:6060/000000001000/3000000001000005308/index.m3u8?channel-id=FifastbLive&Contentid=3000000001000005308&livemode=1&stbId=3
咪咕直播-2,http://zteres.sn.chinamobile.com:6060/000000001000/3000000001000005969/index.m3u8?channel-id=FifastbLive&Contentid=3000000001000005969&livemode=1&stbId=3
咪咕直播-3,http://zteres.sn.chinamobile.com:6060/000000001000/3000000001000007218/index.m3u8?channel-id=FifastbLive&Contentid=3000000001000007218&livemode=1&stbId=3
咪咕直播-4,http://zteres.sn.chinamobile.com:6060/000000001000/3000000001000008001/index.m3u8?channel-id=FifastbLive&Contentid=3000000001000008001&livemode=1&stbId=3
咪咕直播-5,http://zteres.sn.chinamobile.com:6060/000000001000/3000000001000008176/index.m3u8?channel-id=FifastbLive&Contentid=3000000001000008176&livemode=1&stbId=3
咪咕直播-6,http://zteres.sn.chinamobile.com:6060/000000001000/3000000001000008379/index.m3u8?channel-id=FifastbLive&Contentid=3000000001000008379&livemode=1&stbId=3
咪咕直播-7,http://zteres.sn.chinamobile.com:6060/000000001000/3000000001000010129/index.m3u8?channel-id=FifastbLive&Contentid=3000000001000010129&livemode=1&stbId=3
咪咕直播-8,http://zteres.sn.chinamobile.com:6060/000000001000/3000000001000010948/index.m3u8?channel-id=FifastbLive&Contentid=3000000001000010948&livemode=1&stbId=3
咪咕直播-9,http://zteres.sn.chinamobile.com:6060/000000001000/3000000001000026778/index.m3u8?channel-id=FifastbLive&Contentid=3000000001000026778&livemode=1&stbId=3
咪咕直播-10,http://zteres.sn.chinamobile.com:6060/000000001000/3000000001000028638/index.m3u8?channel-id=FifastbLive&Contentid=3000000001000028638&livemode=1&stbId=3
咪咕直播-11,http://zteres.sn.chinamobile.com:6060/000000001000/3000000001000031494/index.m3u8?channel-id=FifastbLive&Contentid=3000000001000031494&livemode=1&stbId=3
咪咕直播-12,http://zteres.sn.chinamobile.com:6060/000000001000/3000000010000000097/index.m3u8?channel-id=FifastbLive&Contentid=3000000010000000097&livemode=1&stbId=3
咪咕直播-13,http://zteres.sn.chinamobile.com:6060/000000001000/3000000010000002019/index.m3u8?channel-id=FifastbLive&Contentid=3000000010000002019&livemode=1&stbId=3
咪咕直播-14,http://zteres.sn.chinamobile.com:6060/000000001000/3000000010000002032/index.m3u8?channel-id=FifastbLive&Contentid=3000000010000002032&livemode=1&stbId=3
咪咕直播-15,http://zteres.sn.chinamobile.com:6060/000000001000/3000000010000002809/index.m3u8?channel-id=FifastbLive&Contentid=3000000010000002809&livemode=1&stbId=3
咪咕直播-16,http://zteres.sn.chinamobile.com:6060/000000001000/3000000010000003915/index.m3u8?channel-id=FifastbLive&Contentid=3000000010000003915&livemode=1&stbId=3
咪咕直播-17,http://zteres.sn.chinamobile.com:6060/000000001000/3000000010000004193/index.m3u8?channel-id=FifastbLive&Contentid=3000000010000004193&livemode=1&stbId=3
咪咕直播-18,http://zteres.sn.chinamobile.com:6060/000000001000/3000000010000004464/index.m3u8?channel-id=FifastbLive&Contentid=3000000010000004464&livemode=1&stbId=3
咪咕直播-19,http://zteres.sn.chinamobile.com:6060/000000001000/3000000010000005837/index.m3u8?channel-id=FifastbLive&Contentid=3000000010000005837&livemode=1&stbId=3
咪咕直播-20,http://zteres.sn.chinamobile.com:6060/000000001000/3000000010000006077/index.m3u8?channel-id=FifastbLive&Contentid=3000000010000006077&livemode=1&stbId=3
咪咕直播-21,http://zteres.sn.chinamobile.com:6060/000000001000/3000000010000006658/index.m3u8?channel-id=FifastbLive&Contentid=3000000010000006658&livemode=1&stbId=3
咪咕直播-22,http://zteres.sn.chinamobile.com:6060/000000001000/3000000010000006944/index.m3u8?channel-id=FifastbLive&Contentid=3000000010000006944&livemode=1&stbId=3
咪咕直播-23,http://zteres.sn.chinamobile.com:6060/000000001000/3000000010000007692/index.m3u8?channel-id=FifastbLive&Contentid=3000000010000007692&livemode=1&stbId=3
咪咕直播-24,http://zteres.sn.chinamobile.com:6060/000000001000/3000000010000009788/index.m3u8?channel-id=FifastbLive&Contentid=3000000010000009788&livemode=1&stbId=3
咪咕直播-25,http://zteres.sn.chinamobile.com:6060/000000001000/3000000010000010833/index.m3u8?channel-id=FifastbLive&Contentid=3000000010000010833&livemode=1&stbId=3
咪咕直播-26,http://zteres.sn.chinamobile.com:6060/000000001000/3000000010000011112/index.m3u8?channel-id=FifastbLive&Contentid=3000000010000011112&livemode=1&stbId=3
咪咕直播-27,http://zteres.sn.chinamobile.com:6060/000000001000/3000000010000011297/index.m3u8?channel-id=FifastbLive&Contentid=3000000010000011297&livemode=1&stbId=3
咪咕直播-28,http://zteres.sn.chinamobile.com:6060/000000001000/3000000010000011518/index.m3u8?channel-id=FifastbLive&Contentid=3000000010000011518&livemode=1&stbId=3
咪咕直播-29,http://zteres.sn.chinamobile.com:6060/000000001000/3000000010000011763/index.m3u8?channel-id=FifastbLive&Contentid=3000000010000011763&livemode=1&stbId=3
咪咕直播-30,http://zteres.sn.chinamobile.com:6060/000000001000/3000000010000011873/index.m3u8?channel-id=FifastbLive&Contentid=3000000010000011873&livemode=1&stbId=3
咪咕直播-31,http://zteres.sn.chinamobile.com:6060/000000001000/3000000010000012398/index.m3u8?channel-id=FifastbLive&Contentid=3000000010000012398&livemode=1&stbId=3
咪咕直播-32,http://zteres.sn.chinamobile.com:6060/000000001000/3000000010000012450/index.m3u8?channel-id=FifastbLive&Contentid=3000000010000012450&livemode=1&stbId=3
咪咕直播-33,http://zteres.sn.chinamobile.com:6060/000000001000/3000000010000012558/index.m3u8?channel-id=FifastbLive&Contentid=3000000010000012558&livemode=1&stbId=3
咪咕直播-34,http://zteres.sn.chinamobile.com:6060/000000001000/3000000010000012616/index.m3u8?channel-id=FifastbLive&Contentid=3000000010000012616&livemode=1&stbId=3
咪咕直播-35,http://zteres.sn.chinamobile.com:6060/000000001000/3000000010000015470/index.m3u8?channel-id=FifastbLive&Contentid=3000000010000015470&livemode=1&stbId=3
咪咕直播-36,http://zteres.sn.chinamobile.com:6060/000000001000/3000000010000015560/index.m3u8?channel-id=FifastbLive&Contentid=3000000010000015560&livemode=1&stbId=3
咪咕直播-37,http://zteres.sn.chinamobile.com:6060/000000001000/3000000010000017389/index.m3u8?channel-id=FifastbLive&Contentid=3000000010000017389&livemode=1&stbId=3
咪咕直播-38,http://zteres.sn.chinamobile.com:6060/000000001000/3000000010000017678/index.m3u8?channel-id=FifastbLive&Contentid=3000000010000017678&livemode=1&stbId=3
咪咕直播-39,http://zteres.sn.chinamobile.com:6060/000000001000/3000000010000017997/index.m3u8?channel-id=FifastbLive&Contentid=3000000010000017997&livemode=1&stbId=3
咪咕直播-40,http://zteres.sn.chinamobile.com:6060/000000001000/3000000010000019380/index.m3u8?channel-id=FifastbLive&Contentid=3000000010000019380&livemode=1&stbId=3
咪咕直播-41,http://zteres.sn.chinamobile.com:6060/000000001000/3000000010000019839/index.m3u8?channel-id=FifastbLive&Contentid=3000000010000019839&livemode=1&stbId=3
咪咕直播-42,http://zteres.sn.chinamobile.com:6060/000000001000/3000000010000020168/index.m3u8?channel-id=FifastbLive&Contentid=3000000010000020168&livemode=1&stbId=3
咪咕直播-43,http://zteres.sn.chinamobile.com:6060/000000001000/3000000010000021904/index.m3u8?channel-id=FifastbLive&Contentid=3000000010000021904&livemode=1&stbId=3
咪咕直播-44,http://zteres.sn.chinamobile.com:6060/000000001000/3000000010000023434/index.m3u8?channel-id=FifastbLive&Contentid=3000000010000023434&livemode=1&stbId=3
咪咕直播-45,http://zteres.sn.chinamobile.com:6060/000000001000/3000000010000024205/index.m3u8?channel-id=FifastbLive&Contentid=3000000010000024205&livemode=1&stbId=3
咪咕直播-46,http://zteres.sn.chinamobile.com:6060/000000001000/3000000010000024691/index.m3u8?channel-id=FifastbLive&Contentid=3000000010000024691&livemode=1&stbId=3
咪咕直播-47,http://zteres.sn.chinamobile.com:6060/000000001000/3000000010000025380/index.m3u8?channel-id=FifastbLive&Contentid=3000000010000025380&livemode=1&stbId=3
咪咕直播-48,http://zteres.sn.chinamobile.com:6060/000000001000/3000000010000025943/index.m3u8?channel-id=FifastbLive&Contentid=3000000010000025943&livemode=1&stbId=3
咪咕直播-49,http://zteres.sn.chinamobile.com:6060/000000001000/3000000010000027318/index.m3u8?channel-id=FifastbLive&Contentid=3000000010000027318&livemode=1&stbId=3
咪咕直播-50,http://zteres.sn.chinamobile.com:6060/000000001000/3000000010000027638/index.m3u8?channel-id=FifastbLive&Contentid=3000000010000027638&livemode=1&stbId=3
咪咕直播-51,http://zteres.sn.chinamobile.com:6060/000000001000/3000000010000027691/index.m3u8?channel-id=FifastbLive&Contentid=3000000010000027691&livemode=1&stbId=3
咪咕直播-52,http://zteres.sn.chinamobile.com:6060/000000001000/3000000010000031669/index.m3u8?channel-id=FifastbLive&Contentid=3000000010000031669&livemode=1&stbId=3
咪咕直播-53,http://zteres.sn.chinamobile.com:6060/000000001000/3000000010000032106/index.m3u8?channel-id=FifastbLive&Contentid=3000000010000032106&livemode=1&stbId=3
咪咕直播-1-4K,http://zteres.sn.chinamobile.com:6060/000000001000/3000000010000005180/index.m3u8?channel-id=FifastbLive&Contentid=3000000010000005180&livemode=1&stbId=3
咪咕直播-2-4K,http://zteres.sn.chinamobile.com:6060/000000001000/3000000010000015686/index.m3u8?channel-id=FifastbLive&Contentid=3000000010000015686&livemode=1&stbId=3
数码时代,https://hw-m-l.cztv.com/channels/lantian/channel012/1080p.m3u8?k=1a7559a51eeb880b021619a07f463ac4&t=1577153787
浙江好易购,http://hw-m-l.cztv.com/channels/lantian/channel011/1080p.m3u8?k=1a7559a51eeb880b021619a07f463ac4&t=1577153787
磐安新闻综合,http://hlsv2.quklive.com/live/1626400915947070/index.m3u8
磐安文化生活,http://hlsv2.quklive.com/live/1626401163709056/index.m3u8
武义新闻综合,http://l.cztvcloud.com/channels/lantian/SXwuyi1/720p.m3u8
永康新闻综合,http://hlsv2.quklive.com/live/1625061424267104/index.m3u8
永康华溪频道,http://hlsv2.quklive.com/live/1625062755227231/index.m3u8
平湖新闻综合,http://l.cztvcloud.com/channels/lantian/SXpinghu1/720p.m3u8
平湖民生休闲,http://l.cztvcloud.com/channels/lantian/SXpinghu2/720p.m3u8
萧山新闻综合,http://l.cztvcloud.com/channels/lantian/SXxiaoshan1/720p.m3u8
萧山生活频道,http://l.cztvcloud.com/channels/lantian/SXxiaoshan2/720p.m3u8
余杭综合频道,http://l.cztvcloud.com/channels/lantian/SXyuhang1/720p.m3u8
余杭未来E频道,http://l.cztvcloud.com/channels/lantian/SXyuhang3/720p.m3u8
临平新闻频道,http://l.cztvcloud.com/channels/lantian/SXyuhang2/720p.m3u8
余姚新闻综合,http://l.cztvcloud.com/channels/lantian/SXyuyao1/720p.m3u8
余姚姚江文化,http://l.cztvcloud.com/channels/lantian/SXyuyao3/720p.m3u8
嵊州新闻综合,http://l.cztvcloud.com/channels/lantian/SXshengzhou1/720p.m3u8
嵊泗新闻综合,http://l.cztvcloud.com/channels/lantian/SXshengsi1/720p.m3u8
诸暨新闻综合,http://l.cztvcloud.com/channels/lantian/SXzhuji3/720p.m3u8
上虞新闻综合,http://l.cztvcloud.com/channels/lantian/SXshangyu1/720p.m3u8
上虞文化影视,http://l.cztvcloud.com/channels/lantian/SXshangyu2/720p.m3u8
上虞新商都,http://l.cztvcloud.com/channels/lantian/SXshangyu3/720p.m3u8
海宁新闻综合,http://live.hndachao.cn/xwzh/sd/live.m3u8
海宁生活服务,http://live.hndachao.cn/shfw/sd/live.m3u8
兰溪新闻综合,http://l.cztvcloud.com/channels/lantian/SXlanxi1/720p.m3u8
德清文化生活,http://live.yingxi.tv/channel2/sd/live.m3u8
苍南新闻综合,http://l.cztvcloud.com/channels/lantian/SXcangnan1/720p.m3u8
洞头综合频道,http://l.cztvcloud.com/channels/lantian/SXdongtou1/720p.m3u8
文成综合频道,http://l.cztvcloud.com/channels/lantian/SXwencheng1/720p.m3u8
文成二套,http://l.cztvcloud.com/channels/lantian/SXwencheng2/720p.m3u8
永嘉新闻综合,http://l.cztvcloud.com/channels/lantian/SXyongjia1/720p.m3u8
南浔综合频道,http://pili-live-hls.nanxunfb.com/nanxun/live3002833-0.m3u8
象山新闻综合,http://l.cztvcloud.com/channels/lantian/SXxiangshan1/720p.m3u8
普陀新闻综合,http://l.cztvcloud.com/channels/lantian/SXputuo1/720p.m3u8
鄞州一套,http://pili-publish.yzxw.newaircloud.com/newaircloud-yzxw/yzxw_20190925090843.m3u8
鄞州二套,http://pili-publish.yzxw.newaircloud.com/newaircloud-yzxw/yzxw_20190925090936.m3u8
天台和合频道,http://hlsv2.quklive.com/live/1617072208961931/index.m3u8
常山新闻综合,https://hlsv2.quklive.com/live/1621306190044902/index.m3u8
江山电视台,http://play-sh.quklive.com/live/1623117710666335.m3u8
开化新闻综合,http://l.cztvcloud.com/channels/lantian/SXkaihua1/720p.m3u8
开化国家公园,http://l.cztvcloud.com/channels/lantian/SXkaihua2/720p.m3u8
龙游新闻综合,http://l.cztvcloud.com/channels/lantian/SXlongyou1/720p.m3u8
龙游生活娱乐,http://l.cztvcloud.com/channels/lantian/SXlongyou2/720p.m3u8
衢江新闻综合,http://l.cztvcloud.com/channels/lantian/SXqujiang1/720p.m3u8
景宁新闻综合,http://hlsv2.quklive.com/live/1622691799302368/index.m3u8
景宁文化旅游,http://hlsv2.quklive.com/live/1626961770231388/index.m3u8
缙云综合频道,http://l.cztvcloud.com/channels/lantian/SXjinyun1/720p.m3u8
龙泉新闻综合,http://l.cztvcloud.com/channels/lantian/SXlongquan1/720p.m3u8
庆元综合频道,http://l.cztvcloud.com/channels/lantian/SXqingyuan1/720p.m3u8
遂昌综合频道,http://l.cztvcloud.com/channels/lantian/SXsuichang1/720p.m3u8
松阳综合频道,http://l.cztvcloud.com/channels/lantian/SXsongyang1/720p.m3u8
云和新闻综合,http://l.cztvcloud.com/channels/lantian/SXyunhe1/720p.m3u8
北仑电视台,http://play-sh.quklive.com/live/1626327731714170.m3u8
青田电视台,http://l.cztvcloud.com/channels/lantian/SXqingtian1/720p.m3u8
江苏·南京信息,http://live.nbs.cn/channels/njtv/xxpd/m3u8:500k/live.m3u8
江苏·南京娱乐,http://live.nbs.cn/channels/njtv/ylpd/m3u8:500k/live.m3u8
江苏·南京十八,http://live.nbs.cn/channels/njtv/sbpd/m3u8:500k/live.m3u8
江苏·张家港民生HD,http://3gvod.zjgonline.com.cn:1935/live/shehuishenghuo2/playlist.m3u8
江苏·张家港新闻HD,http://3gvod.zjgonline.com.cn:1935/live/xinwenzonghe2/playlist.m3u8?checkedby:hlscat.com
江苏·张家港综合HD,http://3gvod.zjgonline.com.cn:1935/live/xinwenzonghe2/playlist.m3u8
张家港新闻综合,http://3gvod.zjgonline.com.cn:1935/live/xinwenzonghe2/playlist.m3u8
张家港民生频道,http://3gvod.zjgonline.com.cn:1935/live/shehuishenghuo2/playlist.m3u8
滨海新闻综合,http://jsbh.chinashadt.com:2036/live/bh11.stream/playlist.m3u8
大丰新闻综合,http://dafeng-tv-hls.cm.jstv.com/dafeng-tv/dafengyt.m3u8
大丰公共频道,http://dafeng-tv-hls.cm.jstv.com/dafeng-tv/dafenget.m3u8
盐都综合频道,http://yandu-tv-hls.cm.jstv.com/yandu-tv/yanduzh.m3u8
如东新闻综合,http://rudong-tv-hls.cm.jstv.com/rudong-tv/rdxwzh.m3u8
溧水新闻综合,http://live.lsrmw.cn/zhpd/sd/live.m3u8
溧水影视娱乐,http://live.lsrmw.cn/ysyl/sd/live.m3u8
铜山二农频道,http://stream.tstvxmt.com/ts3/sd/live.m3u8
淮阴综合频道,http://huaiyin-tv-hls.cm.jstv.com/huaiyin-tv/huaiyinf.m3u8
淮阴影视频道,http://huaiyin-tv-hls.cm.jstv.com/huaiyin-tv/hyys.m3u8
武进新闻频道,https://live.wjyanghu.com/live/CH1.m3u8
武进生活频道,https://live.wjyanghu.com/live/CH2.m3u8
新沂新闻频道,http://live.xysrmt.cn/xwzh/sd/live.m3u8
新沂生活频道,http://live.xysrmt.cn/shpd/sd/live.m3u8
泗洪新闻综合,http://sihong-tv-hls.cm.jstv.com/sihong-tv/sihongxinwenzonghe.m3u8
句容新闻综合,http://jrlive.jrntv.com/live/_definst_/jrxwzhs/playlist.m3u8
句容生活频道,http://jrlive.jrntv.com/live/_definst_/shenghuos/playlist.m3u8
句容影视频道,http://jrlive.jrntv.com/live/_definst_/yingshis/playlist.m3u8
句容党建频道,http://jrlive.jrntv.com/live/_definst_/dangjians/playlist.m3u8
睢宁综合频道,http://suining-tv-hls.cm.jstv.com:80/suining-tv/suiningzh.m3u8
扬中新闻频道,http://yangzhong-tv-hls.cm.jstv.com/yangzhong-tv/xwzh.m3u8
靖江新闻综合,http://visit.jjbctv.com:1935/live/xwzhpc/playlist.m3u8
靖江新闻综合,http://visit.jjbctv.com:1935/live/xwzhmb/playlist.m3u8
昆山新闻综合,http://pili-publish.living.ksrmtzx.com/ksntv/ks-tv.m3u8
赣榆新闻综合,http://ganyu-tv-hls.cm.jstv.com/ganyu-tv/ganyutv.m3u8
AL Jazeera FHD,http://live-hls-web-aje.getaj.net/AJE/01.m3u8
ArirangTV FHD,http://amdlive-ch01.ctnd.com.edgesuite.net/arirang_1ch/smil:arirang_1ch.smil/playlist.m3u8
ArirangTV HD,http://amdlive.ctnd.com.edgesuite.net/arirang_1ch/smil:arirang_1ch.smil/playlist.m3u8
ArirangTV HD,https://amdlive-ch01-ctnd-com.akamaized.net/arirang_1ch/smil:arirang_1ch.smil/chunklist_b2256000_sleng.m3u8
ABC Australia HD,https://abc-iview-mediapackagestreams-2.akamaized.net/out/v1/6e1cc6d25ec0480ea099a5399d73bc4b/index.m3u8
ABC News US HD,https://content.uplynk.com/channel/3324f2467c414329b3b0cc5cd987b6be.m3u8
BBC World News HD,http://103.199.161.254/Content/bbcworld/Live/Channel(BBCworld)/index.m3u8
Bloomberg TV+ 4K,https://bloomberg-bloombergtv-1-gb.samsung.wurl.com/manifest/playlist.m3u8
BloombergTV HD,https://liveprodeuwest.akamaized.net/eu1/Channel-EUTVqvs-AWS-ireland-1/Source-EUTVqvs-1000-1_live.m3u8
BloombergTV,https://liveprodeuwest.akamaized.net/eu1/Channel-EUTVqvs-AWS-ireland-1/Source-EUTVqvs-700-1_live.m3u8
Bloomberg HT HD,https://ciner.daioncdn.net/bloomberght/bloomberght_720p.m3u8
BloombergTV HD,https://liveprodapnortheast.global.ssl.fastly.net/ap1/Channel-APTVqvs-AWS-tokyo-1/Source-APTVqvs-1000-1_live.m3u8
Bloomberg TV Asia (Live),https://www.bloomberg.com/media-manifest/streams/asia-event.m3u8
ChannelNewsAsia FHD,https://d2e1asnsl7br7b.cloudfront.net/7782e205e72f43aeb4a48ec97f66ebbe/index.m3u8
Euronews HD,https://d1mpprlbe8tn2j.cloudfront.net/v1/master/7b67fbda7ab859400a821e9aa0deda20ab7ca3d2/euronewsLive/87O7AhxRUdeeIVqf/ewnsabren_eng.m3u8
France24 FHD,http://static.france24.com:80/live/F24_FR_HI_HLS/live_tv.m3u8
France24,http://static.france24.com/live/F24_EN_LO_HLS/live_web.m3u8
FOX NewsNOW,http://fox-foxnewsnow-samsungus.amagi.tv/playlist.m3u8
NHKWorld FHD,https://nhkwlive-ojp.akamaized.net/hls/live/2003459/nhkwlive-ojp-en/index_4M.m3u8
NHKWorld HD,https://nhkworld.webcdn.stream.ne.jp/www11/nhkworld-tv/global/2003458/live.m3u8
Sky News Extra 1,https://skynewsau-live.akamaized.net/hls/live/2002689/skynewsau-extra1/master.m3u8
Sky News Extra 2,https://skynewsau-live.akamaized.net/hls/live/2002690/skynewsau-extra2/master.m3u8
Sky News Extra 3,https://skynewsau-live.akamaized.net/hls/live/2002691/skynewsau-extra3/master.m3u8
Sky Sports 24 HD,https://skyanywhere3-i.akamaihd.net/hls/live/510697/interactive/playlist.m3u8
TRT World HD,https://tv-trtworld.live.trt.com.tr/master.m3u8
23 ABC (KERO),https://content.uplynk.com/channel/ff809e6d9ec34109abfb333f0d4444b5.m3u8
ABC 2 Baton Rouge LA (WBRZ-HD),http://cms-wowza.lunabyte.io/wbrz-live-1/_definst_/smil:wbrz-live.smil/playlist.m3u8
ABC 2 WMAR,https://content.uplynk.com/channel/cf4dfec179064664ae326fa10ff4a43f.m3u8
ABC 4 Seattle (KOMO-TV),https://content.uplynk.com/2c88dfe19e1447e6a6aa27e8e143a140.m3u8
ABC 7 Denver (KMGH),https://content.uplynk.com/channel/64ca339f04964a5e961c3207a7771bf1.m3u8
ABC Las Vegas NV,https://content.uplynk.com/channel/39919d3f7a074eefa8bf579214e952f9.m3u8
ABC News,https://content.uplynk.com/channel/3324f2467c414329b3b0cc5cd987b6be.m3u8
ABC News Australiaᴴᴰ,https://abc-iview-mediapackagestreams-2.akamaized.net/out/v1/6e1cc6d25ec0480ea099a5399d73bc4b/index_42.m3u8
ABC Phoenix AZ,https://content.uplynk.com/channel/9deaf22aaa33461f9cac22e030ed00ec.m3u8
Alhorreya TV,https://5d658d7e9f562.streamlock.net/alhorreya.tv/alhorreya.smil/playlist.m3u8
Bloomberg TV,https://liveproduseast.akamaized.net/us/Channel-USTV-AWS-virginia-1/Source-USTV-1000-1_live.m3u8
Bloomberg TV,https://liveproduseast.global.ssl.fastly.net/us/Channel-USTV-AWS-virginia-1/Source-USTV-240-1_live.m3u8
Bloomberg TV Europe,https://liveprodeuwest.akamaized.net/eu1/Channel-EUTVqvs-AWS-ireland-1/Source-EUTVqvs-1000-1_live.m3u8
California: Fresno-Visalia,https://dai.google.com/linear/hls/event/tFAJ7xPcTYaLKwIfUA-JIw/master.m3u8
California: Los Angeles,https://dai.google.com/linear/hls/event/n3PVAFmPTJSVYjdSVf7XZw/master.m3u8
CBS 3 Omaha(KMTV),http://content.uplynk.com/channel/328d1434fb51476cb6567c74d5b2cc70.m3u8
CBS News | CBSN Chicago,https://dai.google.com/linear/hls/event/DWt8iR1YQ-OJQsxczu8KfQ/master.m3u8?iu=/4128/CBS.CHI.OTT
CBS News | CBSN Denver,https://dai.google.com/linear/hls/event/EUo67MWSRh6toPi0heJKnQ/master.m3u8?iu=/4128/CBS.DENVER.OTT
CBS News | CBSN Pittsburgh,https://dai.google.com/linear/hls/event/i5SXVKI4QIuV-eF2XAH4FQ/master.m3u8?iu=/4128/CBS.PITTS.OTT
CBS News Los Angeles,https://dai.google.com/linear/hls/event/TxSbNMu4R5anKrjV02VOBg/master.m3u8?iu=/4128/CBS.LA.OTT
CBSN 11 Dallas / Fort Worth TX (KTVT),https://dai.google.com/linear/hls/event/o5J3g4U9T16CvYnS7Qd86Q/master.m3u8
CBSN 2 Los Angeles CA (KCBS-TV),https://dai.google.com/linear/hls/event/TxSbNMu4R5anKrjV02VOBg/master.m3u8
CBSN Baltimore,https://cbsnews.akamaized.net/hls/live/2020607/cbsnlineup_8/master.m3u8
CBSN Chicago,https://dai.google.com/linear/hls/event/DWt8iR1YQ-OJQsxczu8KfQ/master.m3u8
CBSN Dallas,http://dai.google.com/linear/hls/event/o5J3g4U9T16CvYnS7Qd86Q/master.m3u8
CBSN Minnesota,https://dai.google.com/linear/hls/event/zcWPVCfURNSPxeidcckQLA/master.m3u8
CBSN Minnesota,https://dai.google.com/linear/hls/event/zcWPVCfURNSPxeidcckQLA/master.m3u8?iu=/4128/CBS.MINN.OTT
CBSN New York,http://dai.google.com/linear/hls/event/rtcMlf4RTvOEkaudeany5w/master.m3u8
CBSN Philly,https://dai.google.com/linear/hls/event/Xu-ITJ2GTNGaxGn893mmWg/master.m3u8
CBSN Philly,https://dai.google.com/linear/hls/event/Xu-ITJ2GTNGaxGn893mmWg/master.m3u8?iu=/4128/CBS.PHILLY.OTT
CBSN Pittsburgh,https://dai.google.com/linear/hls/event/i5SXVKI4QIuV-eF2XAH4FQ/master.m3u8
CBSN Sacramento,https://cbsnews.akamaized.net/hls/live/2020607/cbsnsac_2/master.m3u8
CBSNews Denver,https://dai.google.com/linear/hls/event/EUo67MWSRh6toPi0heJKnQ/master.m3u8
Charge! | HD,http://content.uplynk.com/channel/37eb732888614810b512fdd82604244e.m3u8
Charge! USA | HD,https://usgeowall.sinclairstoryline.com/channel/37eb732888614810b512fdd82604244e.m3u8
Comet | HD,http://content.uplynk.com/channel/3e45c6b5354a40f787e0b2aadb0f5d6a.m3u8
Court TV,https://content.uplynk.com/channel/6c0bd0f94b1d4526a98676e9699a10ef.m3u8
CRACKLE PlexTV | HD,https://crackle-plex.amagi.tv/playlist.m3u8
CRACKLE XumoTV | HD,http://crackle-xumo.amagi.tv/playlist.m3u8
Edge Sport,https://imgedge.akamaized.net/amagi_hls_data_imgAAA2AA-edgesports/CDN/1920x1080_5628000/index.m3u8
Florida: Gainesville (STIRR),https://dai.google.com/linear/hls/event/Ybz6nJKqSS2fcQYflsmpRw/master.m3u8
Florida: Pensacola (STIRR),https://dai.google.com/linear/hls/event/CAU96LSyR_e7MSeK6UTmGQ/master.m3u8
Florida: West Palm Beach (STIRR),https://dai.google.com/linear/hls/event/ji4LMCwtRCOw3TrRUKlQMQ/master.m3u8
Folk TV,http://584b0aa350b92.streamlock.net:1935/folk-tv/myStream.sdp/playlist.m3u8?fluxustv.m3u8
Georgia: Albany (STIRR),https://dai.google.com/linear/hls/event/fD3VBzTxRXGz-v7HV0vryQ/master.m3u8
Georgia: Macon (STIRR),https://dai.google.com/linear/hls/event/PPMxI7GZSRG6Kgkp2gSF1g/master.m3u8
Groovy TV | HD,http://web.onair-radio.eu:1935/groovytv/groovytv/playlist.m3u8
HBO (Asia),http://218.202.220.2:5000/nn_live.ts?id=HBO
HTV 1 Houston Television,https://stream.swagit.com/live-edge/houstontx/smil:hd-16x9-2-a/playlist.m3u8
HTV 2 - Houston Television,https://stream.swagit.com/live-edge/houstontx/smil:hd-16x9-2-b/HasBahCa.m3u8
HTV 2 Houston Television,https://stream.swagit.com/live-edge/houstontx/smil:hd-16x9-2-b/playlist.m3u8
HTV Houston Television,https://stream.swagit.com/live-edge/houstontx/smil:hd-16x9-2-a/chunklist_w444601733_b1628000.m3u8
Idaho: Boise (STIRR),https://dai.google.com/linear/hls/event/EXltT2IOQvCIn8v23_15ow/master.m3u8
Idaho: Lewiston,https://dai.google.com/linear/hls/event/knBsxnquSYqFXTP_UzcGgw/master.m3u8
Illinois: Quincy,https://dai.google.com/linear/hls/event/bjWdbDzwTMOMd8Wmxl4rwg/master.m3u8
Indiana: South Bend,https://dai.google.com/linear/hls/event/VGpvNIxIQRO7PXYRy7P0qw/master.m3u8
InfoWars - The Alex Jones Show,https://freespeech.akamaized.net/hls/live/2016712/live2/playlist.m3u8
InfoWars - The David Knight Show,https://freespeech.akamaized.net/hls/live/2016873/live3/playlist.m3u8
InfoWars - War Room With Owen Shroyer,https://freespeech.akamaized.net/hls/live/2016873/live4/playlist.m3u8
iON TV (576p),https://cdn.appv.jagobd.com:444/c3VydmVyX8RpbEU9Mi8xNy8yMDE0GIDU6RgzQ6NTAgdEoaeFzbF92YWxIZTO0U0ezN1IzMyfvcGVMZEJCTEFWeVN3PTOmdFsaWRtaW51aiPhnPTI/iontvuk.stream/playlist.m3u8
KESQ Livestream Alert,https://content.uplynk.com/channel/edcc7b94bf074eaf8df9fc6454b0086b.m3u8
kltv,https://dai2-playlistserver.aws.syncbak.com/playlist/18439558/master.m3u8?access_token=eyJhbGciOiJIUzI1NiIsInR5cCI6IkpXVCIsImtpZCI6IkdyYXkyMDE2MDgyOSJ9.eyJtaWQiOiIxODQzOTU1OCIsIm1kNSI6IjdjNmM5Yjk5YmMxNjUyMmVhM2E5Y2Q4ZmRiMmUzOThjIiwiaWF0IjoxNTk0NTgzNzY1LCJpc3MiOiJTeW5jYmFrIChURykifQ.70BwybOv28vKpy1DlhpYkN8Y18r4ugp-1KXpuVV1mWs
LeSEA Broadcasting Network (USA),http://media1.lesea.com:1935/live/leseaorigin.stream/chunklist.m3u8
Maine: Portland (STIRR),https://dai.google.com/linear/hls/event/OaqAqJ0yQPiEIUIYqD7IGQ/master.m3u8
Maryland: Baltimore (STIRR),https://dai.google.com/linear/hls/event/jCNW8TtPRe6lnJMMVBZWVA/master.m3u8
Michigan: Bay City (STIRR),https://dai.google.com/linear/hls/event/kJPGlFKuS0itUoW7TfuDYQ/master.m3u8
Michigan: Cadillac (STIRR),https://dai.google.com/linear/hls/event/do9arGJBTD--KARQ056kpw/master.m3u8
Montana: Missoula (STIRR),https://dai.google.com/linear/hls/event/ARX9M-X8RieADdAEYPXNuA/master.m3u8
Motorvisison TV | HD,https://stream.ads.ottera.tv/playlist.m3u8?network_id=535
NASA TV,https://ntv1.akamaized.net/hls/live/2014075/NASA-NTV1-HLS/master.m3u8
NASA TV 2,https://ntv2.akamaized.net/hls/live/2013923/NASA-NTV2-HLS/master.m3u8
NBC 26 Green Bay WI (WGBA),https://content.uplynk.com/channel/1fbfb28ae5044f619f75ae0adb011989.m3u8
NBC WTMJ4,https://content.uplynk.com/channel/50bb38f57f0547319060274f3b94db4e.m3u8
Nebraska: Hastings (STIRR),https://dai.google.com/linear/hls/event/xtKyBDIFSZa6cT4Of9yaGQ/master.m3u8
Nevada: Las Vegas,https://dai.google.com/linear/hls/event/yDGZP35hTsqdf2rwaP1BGQ/master.m3u8
Nevada: Reno (STIRR),https://dai.google.com/linear/hls/event/0Zb5SSQcTme6P7FYwwAwcQ/master.m3u8
New York: Albany (STIRR),https://dai.google.com/linear/hls/event/LT14Y2LdQSWx9OQCmgVfuA/master.m3u8
New York: Rochester,https://dai.google.com/linear/hls/event/FftwN8CLTnaX1pFHztXlYw/master.m3u8
New York: Syracuse (STIRR),https://dai.google.com/linear/hls/event/HSX_ZpxDQNy5aXzJHjhGGQ/master.m3u8
North Carolina: Greenville - New Bern (STIRR),https://dai.google.com/linear/hls/event/B6RsXGIZSVqeVZGZIEZESg/master.m3u8
Nothing Scripted,https://30a-tv.com/NothingScripted.m3u8
Ohio: Cincinnati (STIRR),https://dai.google.com/linear/hls/event/ZaLvGYKiTfuSYgJuBZD67Q/master.m3u8
Ohio: Toledo (STIRR),https://dai.google.com/linear/hls/event/1QSZA8OjS1y2Q64uTl5vWQ/master.m3u8
ABN China (720p),https://mediaserver.abnvideos.com/streams/abnchina.m3u8
Oklahoma: Oklahoma City (STIRR),https://dai.google.com/linear/hls/event/pRd-k6tZSiCRsw_f51Vcvg/master.m3u8
Ando TV (1080p),http://play.kankanlive.com/live/1711956137852982.m3u8
Oklahoma: Tulsa (STIRR),https://dai.google.com/linear/hls/event/5kbHZRGGS--RHp41xaUJHQ/master.m3u8
Angel TV Chinese (720p),https://janya-digimix.akamaized.net/vglive-sk-999451/chinese/ngrp:angelchinese_all/playlist.m3u8
Oregon: Medford (STIRR),https://dai.google.com/linear/hls/event/1g9qH9IOSIGGwAqw8fPzmw/master.m3u8
Anshun Comprehensive News Channel,https://hplayer1.juyun.tv/camera/154379194.m3u8
Oregon: Portland (STIRR),https://dai.google.com/linear/hls/event/npdISdLWSIa1E_j7NCUDBg/master.m3u8
Bread TV面包台 (720p),https://video.bread-tv.com:8091/hls-live24/online/index.m3u8
PBS | World Channel,https://cs.ebmcdn.net/eastbay-live-hs-1/apt/mp4:apt-world/HasBahCa.m3u8
BRTV Kaku Childrens Channel,http://223.111.191.105/downflv.brtvcloud.com/kkkkasd/winfr.m3u8
PBS World Channel | HD,https://cs.ebmcdn.net/eastbay-live-hs-1/apt/mp4:apt-world/playlist.m3u8
BRTV 北京卫视 (1080p),http://go.bkpcp.top/mg/bjws
PIX11 (New York),https://content.uplynk.com/channel/98828f7707b84dc496472d5789143df2.m3u8
CCTV+ 1 (600p) [Not 24/7],https://cd-live-stream.news.cctvplus.com/live/smil:CHANNEL1.smil/playlist.m3u8
South Carolina: Charleston,https://dai.google.com/linear/hls/event/kMNMCCQsQYyyk2n2h_4cNw/master.m3u8
CCTV+ 2 (600p) [Not 24/7],https://cd-live-stream.news.cctvplus.com/live/smil:CHANNEL2.smil/playlist.m3u8
Texas: Abilene (STIRR),https://dai.google.com/linear/hls/event/uxPBn5ErTQ-FOjxIYle2PA/master.m3u8
CCTV-Billiards (1080p),http://38.75.136.137:98/gslb/dsdqpub/ystq.m3u8?auth=testpub
Texas: Beaumont (STIRR),https://dai.google.com/linear/hls/event/FKoa3RaEQxyyrf8PfPbgkg/master.m3u8
CCTV-Culture of Quality (1080p),http://38.75.136.137:98/gslb/dsdqpub/ysjp.m3u8?auth=testpub
TSTV,http://tstv-stream.tsm.utexas.edu/hls/livestream_hi/index.m3u8
CCTV-Golf & Tennis (1080p),http://38.75.136.137:98/gslb/dsdqpub/gefwq.m3u8?auth=testpub
Utah: Salt Lake City (STIRR),https://dai.google.com/linear/hls/event/1bMiswhQQxqH-X8D3qbmKQ/master.m3u8
CCTV-Health (1080p),http://38.75.136.137:98/gslb/dsdqpub/wsjk.m3u8?auth=testpub
Virginia: Lynchburg - Roanoke,https://dai.google.com/linear/hls/event/Fwm4J95UQi67l2FEV7N5kQ/master.m3u8
CCTV-Nostalgia Theater (1080p),http://38.75.136.137:98/gslb/dsdqpub/hjjc.m3u8?auth=testpub
Virginia: Norfolk - Portsmouth (STIRR),https://dai.google.com/linear/hls/event/QuSOUXM4RPaC5zL4J8ZY3w/master.m3u8
CCTV-Storm Football (1080p),http://38.75.136.137:98/gslb/dsdqpub/fyzq.m3u8?auth=testpub
Virginia: Tri-Cities (STIRR),https://dai.google.com/linear/hls/event/KPOafkGTRle7jOcRb9_KFw/master.m3u8
CCTV-Storm Music (1080p),http://38.75.136.137:98/gslb/dsdqpub/fyyy.m3u8?auth=testpub
Washington: Seattle (STIRR),https://dai.google.com/linear/hls/event/VLEduzwwQfGSwV4eNdkj0g/master.m3u8
CCTV-Storm Theater (1080p),http://38.75.136.137:98/gslb/dsdqpub/fyjc.m3u8?auth=testpub
WayPoint TV | HD 720p,https://dai.google.com/linear/hls/event/im0MqOKRTHy9nVa1sirQSg/master.m3u8
CCTV-The First Theater (1080p),http://38.75.136.137:98/gslb/dsdqpub/dyjc.m3u8?auth=testpub
WCCA-TV (Worcester),http://worcester.vod.castus.tv/live/ch1.m3u8
CCTV-Weapon & Technology (1080p),http://38.75.136.137:98/gslb/dsdqpub/gfjs.m3u8?auth=testpub
White Plains Community Media | HD 720p,https://stream.swagit.com/live-edge/whiteplainsny/smil:std-4x3-1-b/playlist.m3u8
半岛英语,https://live-hls-web-aje.getaj.net/AJE/01.m3u8
CCTV-Women's Fashion (1080p),http://38.75.136.137:98/gslb/dsdqpub/nxss.m3u8?auth=testpub
WLS TV News,https://content.uplynk.com/channel/ext/aac37e2c66614e699fb189ab391084ff/wls_24x7_news.m3u8
北京纪实科教,http://[2409:8087:7000:20:1000::22]:6060/yinhe/2/ch00000090990000001329/index.m3u8?virtualDomain=yinhe.live_hls.zte.com
CCTV-World Geography (1080p),http://38.75.136.137:98/gslb/dsdqpub/sjdl.m3u8?auth=testpub
WPEC CBS12 News,https://content.uplynk.com/channel/0123b306191a4307a31b9fb573213fd3.m3u8
上海ICS外语,http://[2409:8087:1e03:21::2]:6060/cms001/ch00000090990000001128/index.m3u8
Chifeng Comprehensive News Chanel,http://play1-qk.nmtv.cn/live/1735546697341033.m3u8
WPVI-TV News,https://content.uplynk.com/channel/ext/10b98e7c615f43a98b180d51797e74aa/wpvi_24x7_news.m3u8
七彩戏剧,http://[2409:8087:1e03:21::2]:6060/cms001/ch00000090990000001308/index.m3u8
CND Film Middle School Channel,http://live2.rxip.sc96655.com/live/zxs_4000.m3u8?A=&E=&K=&P=&S=&U=
WSVN Fox 7 Miami,https://bcsecurelivehls-i.akamaihd.net/hls/live/598043/4368278029001_1/onair/master.m3u8
东方影视,http://[2409:8087:1e03:21::2]:6060/cms001/ch00000090990000001016/index.m3u8
Guangzhou TV,https://tencentplaybusiness.gztv.com/live/zonghes.m3u8
WTGS FOX 28 Savannah,http://content.uplynk.com/channel/e56ba52a1b9d45ad8c8a033fd83fe480.m3u8
东方财经,http://[2409:8087:1e03:21::2]:6060/cms001/ch00000090990000001318/index.m3u8
Harbin Comprehensive News Channel,https://stream.hrbtv.net/xwzh/playlist.m3u8?_upt=ef41dd531755913594
WTGS FOX 28 Savannah GA,https://content.uplynk.com/channel/e56ba52a1b9d45ad8c8a033fd83fe480.m3u8
茶友频道,http://[2409:8087:1e03:21::2]:6060/cms001/ch00000090990000001234/index.m3u8
Harbin Movie Channel,https://stream.hrbtv.net/yspd/playlist.m3u8
WTVD TV News,https://content.uplynk.com/channel/ext/f05837c508c44712aa7129d531f7dbe6/wtvd_24x7_news.m3u8
央视高网,http://[2409:8087:7001:20:2::3]:80/dbiptv.sn.chinamobile.com/PLTV/88888893/224/3221226978/index.m3u8
Hebei TV (2160p),https://event.pull.hebtv.com/live/live101.m3u8
Wu Tang Collection,https://stream-us-east-1.getpublica.com/playlist.m3u8?network_id=73
求索动物,http://[2409:8087:7001:20:1000::95]:6610/000000001000/6000000002000010046/index.m3u8?channel-id=wasusyt&Contentid=6000000002000010046&livemode=1&stbId=3
Home Plus,https://homeplushls.wns.live/hls/stream.m3u8
求索记录,http://[2409:8087:7001:20:1000::95]:6610/000000001000/6000000002000032052/index.m3u8?channel-id=wasusyt&Contentid=6000000002000032052&livemode=1&stbId=3
Hunan TV (2160p),http://hlsal-ldvt.qing.mgtv.com/nn_live/nn_x64/dWlwPTEyNy4wLjAuMSZ1aWQ9cWluZy1jbXMmbm5fdGltZXpvbmU9OCZjZG5leF9pZD1hbF9obHNfbGR2dCZ1dWlkPTliODY4NmU5ZTM2YzYwMmMmZT02OTE0NjA0JnY9MSZpZD1ITldTWkdTVCZzPTcwN2RiYTc2YzJjNmJmMTQ4MmUyZGYzOWU2NWM3YWFi/HNWSZGST.m3u8
求索科学,http://[2409:8087:7001:20:1000::95]:6610/000000001000/6000000002000032344/index.m3u8?channel-id=wasusyt&Contentid=6000000002000032344&livemode=1&stbId=3
Jiangxi Children's Channel,https://play-live-hls.jxtvcn.com.cn/live-city/tv_jxtv6.m3u8
求索生活,http://[2409:8087:7001:20:1000::95]:6610/000000001000/6000000002000003382/index.m3u8?channel-id=wasusyt&Contentid=6000000002000003382&livemode=1&stbId=3
Jiangxi City Channel,https://play-live-hls.jxtvcn.com.cn/live-city/tv_jxtv2.m3u8
超级综艺,http://dbiptv.sn.chinamobile.com/PLTV/88888888/224/3221226009/1.m3u8
Jiangxi Economy & Life Channel,https://play-live-hls.jxtvcn.com.cn/live-city/tv_jxtv3.m3u8
超级电视剧,http://[2409:8087:1a01:df::7005]:80/ottrrs.hl.chinamobile.com/PLTV/88888888/224/3221225716/index.m3u8
Jiangxi Movie Channel,https://play-live-hls.jxtvcn.com.cn/live-city/tv_jxtv4.m3u8
炫舞未来,http://[2409:8087:2001:20:2800:0:df6e:eb09]:80/wh7f454c46tw2582593423_1721070986/ott.mobaibox.com/PLTV/3/224/3221227475/index.m3u8
Jiangxi Public & Agriculture Channel,https://play-live-hls.jxtvcn.com.cn/live-city/tv_jxtv5.m3u8
潮妈辣婆,http://[2409:8087:2001:20:2800:0:df6e:eb19]:80/wh7f454c46tw1705588260_46164741/ott.mobaibox.com/PLTV/3/224/3221227527/index.m3u8
Jilin City Channel,https://lsfb.avap.jilintv.cn/zqvk7vpj/channel/7e8474e6daea44ccaa5aa2300191439e/index.m3u8
东北热剧,http://[2409:8087:1a01:df::7005]:80/ottrrs.hl.chinamobile.com/PLTV/88888888/224/3221225741/index.m3u8
Jilin Lifestyle Channel,https://lsfb.avap.jilintv.cn/zqvk7vpj/channel/0a76740c72b74fabae611845aa21e06a/index.m3u8
欢乐剧场,http://[2409:8087:1a01:df::7005]:80/ottrrs.hl.chinamobile.com/PLTV/88888888/224/3221225742/index.m3u8
Jilin Movie Channel,https://lsfb.avap.jilintv.cn/zqvk7vpj/channel/906341e6f19b4c4bacdc89941eb85d12/index.m3u8
CGTN记录,https://livedoc.cgtn.com/500d/prog_index.m3u8
Jilin Rural Channel,https://lsfb.avap.jilintv.cn/zqvk7vpj/channel/3ffc4824dce54b92be185555923ce382/index.m3u8
家庭理财,http://[2409:8087:1e03:21::2]:6060/cms001/ch00000090990000001278/index.m3u8
Liangshan TV [Not 24/7],http://118.122.2.29:9999/hls/47/index.m3u8
财富天下,http://[2409:8087:1e03:21::2]:6060/cms001/ch00000090990000001219/index.m3u8
Nanchang News & Generalist Channel,https://play-live-hls.jxtvcn.com.cn/live-city/tv_nanchang.m3u8
纯享超清,http://[2409:8087:2001:20:2800:0:df6e:eb26]:80/ott.mobaibox.com/PLTV/3/224/3221228472/index.m3u8
Nei Monggol TV (1080i) [Not 24/7],http://play1-qk.nmtv.cn/live/1769652018126032.m3u8
咪咕直播4K-1「IPV6」,http://[2409:8087:1a01:df::4001]/PLTV/88888888/224/3221225655/index.m3u8
Nei Monggol TV 2 Mongolian Culture Channel (1080i) [Not 24/7],http://play1-qk.nmtv.cn/live/1769652109096027.m3u8
咪咕直播4K-2「IPV6」,http://[2409:8087:1a01:df::4005]/PLTV/88888888/224/3221225651/index.m3u8
QTV-1,http://video10.qtv.com.cn/drm/qtv1at/manifest.m3u8
咪咕直播-1「IPV6」,http://[2409:8087:1a01:df::4023]/PLTV/88888888/224/3221225611/index.m3u8
QTV-2,http://video10.qtv.com.cn/drm/qtv2at/manifest.m3u8
咪咕直播-2「IPV6」,http://[2409:8087:1a01:df::4005]/PLTV/88888888/224/3221225613/index.m3u8
QTV-3,http://video10.qtv.com.cn/drm/qtv3at/manifest.m3u8
咪咕直播-3「IPV6」,http://[2409:8087:1a01:df::4014]/PLTV/88888888/224/3221225617/index.m3u8
QTV-4,http://video10.qtv.com.cn/drm/qtv4at/manifest.m3u8
咪咕直播-4「IPV6」,http://[2409:8087:1a01:df::4017]/PLTV/88888888/224/3221225619/index.m3u8
QTV-5,http://video10.qtv.com.cn/drm/qtv5at/manifest.m3u8
咪咕直播-5「IPV6」,http://[2409:8087:1a01:df::4058]/PLTV/88888888/224/3221225620/index.m3u8
QTV-6,http://video10.qtv.com.cn/drm/qtv6at/manifest.m3u8
咪咕直播-6「IPV6」,http://[2409:8087:1a01:df::4015]/PLTV/88888888/224/3221225639/index.m3u8
Shaanxi Satelital TV,http://stream.snrtv.com/sxbc-star-cdxWY0.m3u8
咪咕直播-7「IPV6」,http://[2409:8087:1a01:df::4015]/PLTV/88888888/224/3221225641/index.m3u8
Shanghai Education Television Station,http://223.166.234.114:7777/tsfile/live/1033_1.m3u8
咪咕直播-8「IPV6」,http://[2409:8087:1a01:df::4011]/PLTV/88888888/224/3221225643/index.m3u8
Shenzhen Satellite TV (2160p),https://livepull-tcms.sztv.com.cn/live/sz4Kpgm.m3u8
咪咕直播-9「IPV6」,http://[2409:8087:1a01:df::4002]/PLTV/88888888/224/3221225645/index.m3u8
Siping TV,http://stream2.jlntv.cn/sptv/sd/live.m3u8?_upt=f27750421743154598
咪咕直播-10「IPV6」,http://[2409:8087:1a01:df::4016]/PLTV/88888888/224/3221225647/index.m3u8
STV City,http://61.173.144.157:9901/tsfile/live/1001_1.m3u8?authid=0&key=txiptv&playlive=1
咪咕直播-11「IPV6」,http://[2409:8087:1a01:df::4022]/PLTV/88888888/224/3221225648/index.m3u8
STV News and General,http://61.173.144.157:9901/tsfile/live/1000_1.m3u8?authid=0&key=txiptv&playlive=1
咪咕直播-12「IPV6」,http://[2409:8087:1a01:df::4003]/PLTV/88888888/224/3221225649/index.m3u8
Tonghua TV (1080p),http://lsfb.avap.jilintv.cn/zqvk7vpj/channel/43ea5771aa44421591f9dfd2b71f1b9b/index.m3u8
咪咕直播-13「IPV6」,http://[2409:8087:1a01:df::4003]/PLTV/88888888/224/3221225650/index.m3u8
TV BRICS Chinese (1080p),https://chibrics.mediacdn.ru/cdn/brics/chinese/playlist.m3u8
咪咕直播-14「IPV6」,http://[2409:8087:1a01:df::4014]/PLTV/88888888/224/3221225652/index.m3u8
VOA美国之音 (1080p),https://voa-ingest.akamaized.net/hls/live/2033878/tvmc08/playlist.m3u8
咪咕直播-15「IPV6」,http://[2409:8087:1a01:df::4013]/PLTV/88888888/224/3221225653/index.m3u8
Xinjiang TV 1,https://klmysjtzb.rcsxzx.com/hls/klmy2.m3u8
咪咕直播-16「IPV6」,http://[2409:8087:1a01:df::4017]/PLTV/88888888/224/3221225654/index.m3u8
Xinjiang TV 2,http://110.153.180.106:55555/out_3/index.m3u8
咪咕直播-17「IPV6」,http://[2409:8087:1a01:df::4019]/PLTV/88888888/224/3221225658/index.m3u8
Xinjiang TV 3,http://110.153.180.106:55555/out_2/index.m3u8
咪咕直播-18「IPV6」,http://[2409:8087:1a01:df::4012]/PLTV/88888888/224/3221225660/index.m3u8
Xinjiang TV 8,http://120.70.60.179:9901/tsfile/live/1002_1.m3u8?authid=0&key=txiptv&playlive=1
咪咕直播-19「IPV6」,http://[2409:8087:1a01:df::4023]/PLTV/88888888/224/3221225662/index.m3u8
Xizang TV Tibetan (720p) [Not 24/7],http://php.jdshipin.com:8880/xztv.php?id=zy
咪咕直播-20「IPV6」,http://[2409:8087:1a01:df::4062]/PLTV/88888888/224/3221225733/index.m3u8
Zhejiang TV International,https://ali-m-l.cztv.com/channels/lantian/channel10/1080p.m3u8
咪咕直播-21「IPV6」,http://[2409:8087:1a01:df::4048]/PLTV/88888888/224/3221225735/index.m3u8
中国气象 (576p) [Not 24/7],http://hls.weathertv.cn/tslslive/qCFIfHB/hls/live_sd.m3u8
咪咕直播-22「IPV6」,http://[2409:8087:1a01:df::4025]/PLTV/88888888/224/3221225737/index.m3u8
动作电影 (1080p),http://39.134.19.68/dbiptv.sn.chinamobile.com/PLTV/88888888/224/3221226465/index.m3u8
咪咕直播-23「IPV6」,http://[2409:8087:1a01:df::4074]/PLTV/88888888/224/3221225739/index.m3u8
和政电视台,http://117.156.28.119/270000001111/1110000149/index.m3u8
咪咕直播-24「IPV6」,http://[2409:8087:1a01:df::4070]/PLTV/88888888/224/3221225741/index.m3u8
四川妇女儿童 (720p) [Not 24/7],http://scgctvshow.sctv.com/hdlive/sctv7/index.m3u8
咪咕直播-25「IPV6」,http://[2409:8087:1a01:df::4050]/PLTV/88888888/224/3221225745/index.m3u8
家庭影院 (1080p),http://39.134.19.153/dbiptv.sn.chinamobile.com/PLTV/88888888/224/3221226462/index.m3u8
咪咕直播-26「IPV6」,http://[2409:8087:1a01:df::4050]/PLTV/88888888/224/3221225747/index.m3u8
徐州經濟生活 (1080p),http://223.110.245.167/ott.js.chinamobile.com/PLTV/3/224/3221225947/index.m3u8
咪咕直播-27「IPV6」,http://[2409:8087:1a01:df::4039]/PLTV/88888888/224/3221225749/index.m3u8
房山电视台 (576p),https://live.funhillrm.com/2/playlist.m3u8
咪咕直播-28「IPV6」,http://[2409:8087:1a01:df::4030]/PLTV/88888888/224/3221225754/index.m3u8
敦煌电视台 (1080p),http://117.156.28.119/270000001111/1110000028/index.m3u8
咪咕直播-29「IPV6」,http://[2409:8087:1a01:df::4025]/PLTV/88888888/224/3221225756/index.m3u8
江苏综艺 (576p) [Not 24/7],http://183.207.248.71/gitv/live1/G_JSZY/G_JSZY
咪咕直播-30「IPV6」,http://[2409:8087:1a01:df::4077]/PLTV/88888888/224/3221225758/index.m3u8
滁州市广播电视台 公共频道 (400p),http://live.cztv.cc:85/live/ggpd.m3u8
咪咕直播-31「IPV6」,http://[2409:8087:1a01:df::4025]/PLTV/88888888/224/3221225760/index.m3u8
滁州市广播电视台 新闻综合频道 (1080p),http://live.cztv.cc:85/live/xwpd.m3u8
咪咕直播-32「IPV6」,http://[2409:8087:1a01:df::4039]/PLTV/88888888/224/3221225762/index.m3u8
萍鄉新聞綜合 (576p) [Not 24/7],http://www.pxitv.com:8099/hls-live/livepkgr/_definst_/pxitvevent/pxtv1stream.m3u8
咪咕直播-33「IPV6」,http://[2409:8087:1a01:df::4050]/PLTV/88888888/224/3221225764/index.m3u8
西安丝路 (404p) [Not 24/7],http://stream2.xiancity.cn/xatv5/playlist.m3u8
咪咕直播-34「IPV6」,http://[2409:8087:1a01:df::4027]/PLTV/88888888/224/3221225766/index.m3u8
西安商务资讯 (180p) [Not 24/7],http://stream2.xiancity.cn/xatv3/playlist.m3u8
咪咕直播-35「IPV6」,http://[2409:8087:1a01:df::4050]/PLTV/88888888/224/3221225768/index.m3u8
酒泉新闻综合 (576p),http://117.156.28.119/270000001111/1110000001/index.m3u8
咪咕直播-36「IPV6」,http://[2409:8087:1a01:df::4078]/PLTV/88888888/224/3221225782/index.m3u8
长沙女性 [Geo-blocked],http://35848.hlsplay.aodianyun.com/guangdianyun_35848/tv_channel_349.m3u8
咪咕直播-37「IPV6」,http://[2409:8087:1a01:df::4002]/PLTV/88888888/224/3221225895/index.m3u8
风尚购物 (1080p),http://183.207.248.71/cntv/live1/fengshanggw/fengshanggw
咪咕直播-38「IPV6」,http://[2409:8087:1a01:df::4028]/PLTV/88888888/224/3221225897/index.m3u8
高台电视台 (1080p),http://117.156.28.119/270000001111/1110000146/index.m3u8
咪咕直播-39「IPV6」,http://[2409:8087:1a01:df::4061]/PLTV/88888888/224/3221225899/index.m3u8
鹤壁新闻综合 (480p) [Not 24/7],http://pili-live-hls.hebitv.com/hebi/hebi.m3u8
咪咕直播-40「IPV6」,http://[2409:8087:1a01:df::4009]/PLTV/88888888/224/3221225901/index.m3u8
咪咕直播-41「IPV6」,http://[2409:8087:1a01:df::4023]/PLTV/88888888/224/3221225903/index.m3u8
咪咕直播-42「IPV6」,http://[2409:8087:1a01:df::4079]/PLTV/88888888/224/3221225904/index.m3u8
咪咕直播-43「IPV6」,http://[2409:8087:1a01:df::4051]/PLTV/88888888/224/3221225905/index.m3u8
咪咕直播-44「IPV6」,http://[2409:8087:1a01:df::4077]/PLTV/88888888/224/3221225906/index.m3u8
咪咕直播-45「IPV6」,http://[2409:8087:1a01:df::4055]/PLTV/88888888/224/3221225910/index.m3u8
咪咕直播-46「IPV6」,http://[2409:8087:1a01:df::4076]/PLTV/88888888/224/3221225912/index.m3u8
咪咕直播-47「IPV6」,http://[2409:8087:1a01:df::4027]/PLTV/88888888/224/3221225914/index.m3u8
咪咕直播-48「IPV6」,http://[2409:8087:1a01:df::4076]/PLTV/88888888/224/3221226027/index.m3u8
咪咕直播-49「IPV6」,http://[2409:8087:1a01:df::4068]/PLTV/88888888/224/3221226031/index.m3u8
咪咕直播-50「IPV6」,http://[2409:8087:1a01:df::4062]/PLTV/88888888/224/3221226046/index.m3u8
咪咕直播-51「IPV6」,http://[2409:8087:1a01:df::4041]/PLTV/88888888/224/3221226053/index.m3u8
咪咕直播-52「IPV6」,http://[2409:8087:1a01:df::404d]/ottrrs.hl.chinamobile.com/PLTV/88888888/224/3221226124/index.m3u8
咪咕直播-53「IPV6」,http://[2409:8087:1a01:df::403b]/ottrrs.hl.chinamobile.com/PLTV/88888888/224/3221226147/index.m3u8
咪咕直播-54「IPV6」,http://[2409:8087:1a01:df::4033]/ottrrs.hl.chinamobile.com/PLTV/88888888/224/3221226398/index.m3u8
咪咕直播-55「IPV6」,http://[2409:8087:1a01:df::402a]/ottrrs.hl.chinamobile.com/PLTV/88888888/224/3221226469/index.m3u8
咪咕直播-56「IPV6」,http://[2409:8087:1a01:df::4046]/ottrrs.hl.chinamobile.com/PLTV/88888888/224/3221226472/index.m3u8
咪咕直播4K-1,http://gslbserv.itv.cmvideo.cn:80/3000000010000005180/index.m3u8?channel-id=FifastbLive&Contentid=3000000010000005180&livemode=1&stbId=3
咪咕直播4K-2,http://gslbserv.itv.cmvideo.cn:80/3000000010000015686/index.m3u8?channel-id=FifastbLive&Contentid=3000000010000015686&livemode=1&stbId=3
咪咕直播-1,http://gslbserv.itv.cmvideo.cn:80/3000000001000005308/index.m3u8?channel-id=FifastbLive&Contentid=3000000001000005308&livemode=1&stbId=3
咪咕直播-2,http://gslbserv.itv.cmvideo.cn:80/3000000001000005969/index.m3u8?channel-id=FifastbLive&Contentid=3000000001000005969&livemode=1&stbId=3
咪咕直播-3,http://gslbserv.itv.cmvideo.cn:80/3000000001000007218/index.m3u8?channel-id=FifastbLive&Contentid=3000000001000007218&livemode=1&stbId=3
咪咕直播-4,http://gslbserv.itv.cmvideo.cn:80/3000000001000008001/index.m3u8?channel-id=FifastbLive&Contentid=3000000001000008001&livemode=1&stbId=3
咪咕直播-5,http://gslbserv.itv.cmvideo.cn:80/3000000001000008176/index.m3u8?channel-id=FifastbLive&Contentid=3000000001000008176&livemode=1&stbId=3
咪咕直播-6,http://gslbserv.itv.cmvideo.cn:80/3000000001000008379/index.m3u8?channel-id=FifastbLive&Contentid=3000000001000008379&livemode=1&stbId=3
咪咕直播-7,http://gslbserv.itv.cmvideo.cn:80/3000000001000010129/index.m3u8?channel-id=FifastbLive&Contentid=3000000001000010129&livemode=1&stbId=3
咪咕直播-8,http://gslbserv.itv.cmvideo.cn:80/3000000001000010948/index.m3u8?channel-id=FifastbLive&Contentid=3000000001000010948&livemode=1&stbId=3
咪咕直播-9,http://gslbserv.itv.cmvideo.cn:80/3000000001000026778/index.m3u8?channel-id=FifastbLive&Contentid=3000000001000026778&livemode=1&stbId=3
咪咕直播-10,http://gslbserv.itv.cmvideo.cn:80/3000000001000028638/index.m3u8?channel-id=FifastbLive&Contentid=3000000001000028638&livemode=1&stbId=3
咪咕直播-11,http://gslbserv.itv.cmvideo.cn:80/3000000001000031494/index.m3u8?channel-id=FifastbLive&Contentid=3000000001000031494&livemode=1&stbId=3
咪咕直播-12,http://gslbserv.itv.cmvideo.cn:80/3000000010000000097/index.m3u8?channel-id=FifastbLive&Contentid=3000000010000000097&livemode=1&stbId=3
咪咕直播-13,http://gslbserv.itv.cmvideo.cn:80/3000000010000002019/index.m3u8?channel-id=FifastbLive&Contentid=3000000010000002019&livemode=1&stbId=3
咪咕直播-14,http://gslbserv.itv.cmvideo.cn:80/3000000010000002032/index.m3u8?channel-id=FifastbLive&Contentid=3000000010000002032&livemode=1&stbId=3
咪咕直播-15,http://gslbserv.itv.cmvideo.cn:80/3000000010000002809/index.m3u8?channel-id=FifastbLive&Contentid=3000000010000002809&livemode=1&stbId=3
咪咕直播-16,http://gslbserv.itv.cmvideo.cn:80/3000000010000003915/index.m3u8?channel-id=FifastbLive&Contentid=3000000010000003915&livemode=1&stbId=3
咪咕直播-17,http://gslbserv.itv.cmvideo.cn:80/3000000010000004193/index.m3u8?channel-id=FifastbLive&Contentid=3000000010000004193&livemode=1&stbId=3
咪咕直播-18,http://gslbserv.itv.cmvideo.cn:80/3000000010000004464/index.m3u8?channel-id=FifastbLive&Contentid=3000000010000004464&livemode=1&stbId=3
咪咕直播-19,http://gslbserv.itv.cmvideo.cn:80/3000000010000005837/index.m3u8?channel-id=FifastbLive&Contentid=3000000010000005837&livemode=1&stbId=3
咪咕直播-20,http://gslbserv.itv.cmvideo.cn:80/3000000010000006077/index.m3u8?channel-id=FifastbLive&Contentid=3000000010000006077&livemode=1&stbId=3
咪咕直播-21,http://gslbserv.itv.cmvideo.cn:80/3000000010000006658/index.m3u8?channel-id=FifastbLive&Contentid=3000000010000006658&livemode=1&stbId=3
咪咕直播-22,http://gslbserv.itv.cmvideo.cn:80/3000000010000006944/index.m3u8?channel-id=FifastbLive&Contentid=3000000010000006944&livemode=1&stbId=3
咪咕直播-23,http://gslbserv.itv.cmvideo.cn:80/3000000010000007692/index.m3u8?channel-id=FifastbLive&Contentid=3000000010000007692&livemode=1&stbId=3
咪咕直播-24,http://gslbserv.itv.cmvideo.cn:80/3000000010000009788/index.m3u8?channel-id=FifastbLive&Contentid=3000000010000009788&livemode=1&stbId=3
咪咕直播-25,http://gslbserv.itv.cmvideo.cn:80/3000000010000010833/index.m3u8?channel-id=FifastbLive&Contentid=3000000010000010833&livemode=1&stbId=3
咪咕直播-26,http://gslbserv.itv.cmvideo.cn:80/3000000010000011112/index.m3u8?channel-id=FifastbLive&Contentid=3000000010000011112&livemode=1&stbId=3
咪咕直播-27,http://gslbserv.itv.cmvideo.cn:80/3000000010000011297/index.m3u8?channel-id=FifastbLive&Contentid=3000000010000011297&livemode=1&stbId=3
咪咕直播-28,http://gslbserv.itv.cmvideo.cn:80/3000000010000011518/index.m3u8?channel-id=FifastbLive&Contentid=3000000010000011518&livemode=1&stbId=3
咪咕直播-29,http://gslbserv.itv.cmvideo.cn:80/3000000010000011763/index.m3u8?channel-id=FifastbLive&Contentid=3000000010000011763&livemode=1&stbId=3
咪咕直播-30,http://gslbserv.itv.cmvideo.cn:80/3000000010000011873/index.m3u8?channel-id=FifastbLive&Contentid=3000000010000011873&livemode=1&stbId=3
咪咕直播-31,http://gslbserv.itv.cmvideo.cn:80/3000000010000012398/index.m3u8?channel-id=FifastbLive&Contentid=3000000010000012398&livemode=1&stbId=3
咪咕直播-32,http://gslbserv.itv.cmvideo.cn:80/3000000010000012450/index.m3u8?channel-id=FifastbLive&Contentid=3000000010000012450&livemode=1&stbId=3
咪咕直播-33,http://gslbserv.itv.cmvideo.cn:80/3000000010000012558/index.m3u8?channel-id=FifastbLive&Contentid=3000000010000012558&livemode=1&stbId=3
咪咕直播-34,http://gslbserv.itv.cmvideo.cn:80/3000000010000012616/index.m3u8?channel-id=FifastbLive&Contentid=3000000010000012616&livemode=1&stbId=3
咪咕直播-35,http://gslbserv.itv.cmvideo.cn:80/3000000010000015470/index.m3u8?channel-id=FifastbLive&Contentid=3000000010000015470&livemode=1&stbId=3
咪咕直播-36,http://gslbserv.itv.cmvideo.cn:80/3000000010000015560/index.m3u8?channel-id=FifastbLive&Contentid=3000000010000015560&livemode=1&stbId=3
咪咕直播-37,http://gslbserv.itv.cmvideo.cn:80/3000000010000017389/index.m3u8?channel-id=FifastbLive&Contentid=3000000010000017389&livemode=1&stbId=3
咪咕直播-38,http://gslbserv.itv.cmvideo.cn:80/3000000010000017678/index.m3u8?channel-id=FifastbLive&Contentid=3000000010000017678&livemode=1&stbId=3
咪咕直播-39,http://gslbserv.itv.cmvideo.cn:80/3000000010000017997/index.m3u8?channel-id=FifastbLive&Contentid=3000000010000017997&livemode=1&stbId=3
咪咕直播-40,http://gslbserv.itv.cmvideo.cn:80/3000000010000019380/index.m3u8?channel-id=FifastbLive&Contentid=3000000010000019380&livemode=1&stbId=3
咪咕直播-41,http://gslbserv.itv.cmvideo.cn:80/3000000010000019839/index.m3u8?channel-id=FifastbLive&Contentid=3000000010000019839&livemode=1&stbId=3
咪咕直播-42,http://gslbserv.itv.cmvideo.cn:80/3000000010000020168/index.m3u8?channel-id=FifastbLive&Contentid=3000000010000020168&livemode=1&stbId=3
咪咕直播-43,http://gslbserv.itv.cmvideo.cn:80/3000000010000021904/index.m3u8?channel-id=FifastbLive&Contentid=3000000010000021904&livemode=1&stbId=3
咪咕直播-44,http://gslbserv.itv.cmvideo.cn:80/3000000010000023434/index.m3u8?channel-id=FifastbLive&Contentid=3000000010000023434&livemode=1&stbId=3
咪咕直播-45,http://gslbserv.itv.cmvideo.cn:80/3000000010000024205/index.m3u8?channel-id=FifastbLive&Contentid=3000000010000024205&livemode=1&stbId=3
咪咕直播-46,http://gslbserv.itv.cmvideo.cn:80/3000000010000024691/index.m3u8?channel-id=FifastbLive&Contentid=3000000010000024691&livemode=1&stbId=3
咪咕直播-47,http://gslbserv.itv.cmvideo.cn:80/3000000010000025380/index.m3u8?channel-id=FifastbLive&Contentid=3000000010000025380&livemode=1&stbId=3
咪咕直播-48,http://gslbserv.itv.cmvideo.cn:80/3000000010000025943/index.m3u8?channel-id=FifastbLive&Contentid=3000000010000025943&livemode=1&stbId=3
咪咕直播-49,http://gslbserv.itv.cmvideo.cn:80/3000000010000027318/index.m3u8?channel-id=FifastbLive&Contentid=3000000010000027318&livemode=1&stbId=3
咪咕直播-50,http://gslbserv.itv.cmvideo.cn:80/3000000010000027638/index.m3u8?channel-id=FifastbLive&Contentid=3000000010000027638&livemode=1&stbId=3
咪咕直播-51,http://gslbserv.itv.cmvideo.cn:80/3000000010000027691/index.m3u8?channel-id=FifastbLive&Contentid=3000000010000027691&livemode=1&stbId=3
咪咕直播-52,http://gslbserv.itv.cmvideo.cn:80/3000000010000031669/index.m3u8?channel-id=FifastbLive&Contentid=3000000010000031669&livemode=1&stbId=3
咪咕直播-53,http://gslbserv.itv.cmvideo.cn:80/3000000010000032106/index.m3u8?channel-id=FifastbLive&Contentid=3000000010000032106&livemode=1&stbId=3
三立INEWS,https://raw.githubusercontent.com/ChiSheng9/iptv/master/TV01.m3u8
寰宇新闻,https://raw.githubusercontent.com/ChiSheng9/iptv/master/TV02.m3u8
东森财经新闻,https://raw.githubusercontent.com/ChiSheng9/iptv/master/TV03.m3u8
运通财经,https://raw.githubusercontent.com/ChiSheng9/iptv/master/TV06.m3u8
信大,https://raw.githubusercontent.com/ChiSheng9/iptv/master/TV07.m3u8
DW NEWS,https://raw.githubusercontent.com/ChiSheng9/iptv/master/TV08.m3u8
中视新闻,https://raw.githubusercontent.com/ChiSheng9/iptv/master/TV09.m3u8
K-POP,https://raw.githubusercontent.com/ChiSheng9/iptv/master/TV16.m3u8
民视新闻,https://raw.githubusercontent.com/ChiSheng9/iptv/master/TV17.m3u8
ABC NEWS,https://raw.githubusercontent.com/ChiSheng9/iptv/master/TV24.m3u8
台视新闻,https://raw.githubusercontent.com/ChiSheng9/iptv/master/TV25.m3u8
天才冲冲冲「综艺」,https://raw.githubusercontent.com/ChiSheng9/iptv/master/TV26.m3u8
ASTRO AWANI,https://raw.githubusercontent.com/ChiSheng9/iptv/master/TV27.m3u8
中天新闻,https://raw.githubusercontent.com/ChiSheng9/iptv/master/TV28.m3u8
Tokyo Shibuya「东京涩谷」,https://raw.githubusercontent.com/ChiSheng9/iptv/master/TV29.m3u8
大爱,https://raw.githubusercontent.com/ChiSheng9/iptv/master/TV30.m3u8
TVBS网路新闻,https://raw.githubusercontent.com/ChiSheng9/iptv/master/TV31.m3u8
CBN NEWS,https://raw.githubusercontent.com/ChiSheng9/iptv/master/TV33.m3u8
INDIA TODAY,https://raw.githubusercontent.com/ChiSheng9/iptv/master/TV36.m3u8
FRANCE 24,https://raw.githubusercontent.com/ChiSheng9/iptv/master/TV38.m3u8
NBC NEWS,https://raw.githubusercontent.com/ChiSheng9/iptv/master/TV39.m3u8
TBS NEWS,https://raw.githubusercontent.com/ChiSheng9/iptv/master/TV45.m3u8
大爱2,https://raw.githubusercontent.com/ChiSheng9/iptv/master/TV47.m3u8
ANN NEWS,https://raw.githubusercontent.com/ChiSheng9/iptv/master/TV48.m3u8
中天新闻「循环直播」,https://raw.githubusercontent.com/ChiSheng9/iptv/master/TV49.m3u8
CNA,https://raw.githubusercontent.com/ChiSheng9/iptv/master/TV52.m3u8
HTB NEWS,https://raw.githubusercontent.com/ChiSheng9/iptv/master/TV53.m3u8
国会频道1,https://raw.githubusercontent.com/ChiSheng9/iptv/master/TV56.m3u8
国会频道2,https://raw.githubusercontent.com/ChiSheng9/iptv/master/TV57.m3u8
123 GO LIVE,https://raw.githubusercontent.com/ChiSheng9/iptv/master/TV58.m3u8
半岛新闻「英语」,https://raw.githubusercontent.com/ChiSheng9/iptv/master/TV59.m3u8
KBS NEWS,https://raw.githubusercontent.com/ChiSheng9/iptv/master/TV61.m3u8
KANSAI NEWS,https://raw.githubusercontent.com/ChiSheng9/iptv/master/TV62.m3u8
东森幼幼歌曲,https://raw.githubusercontent.com/ChiSheng9/iptv/master/TV63.m3u8
小猪佩奇「动画」,https://raw.githubusercontent.com/ChiSheng9/iptv/master/TV64.m3u8
动画1,https://raw.githubusercontent.com/ChiSheng9/iptv/master/TV65.m3u8
动画2,https://raw.githubusercontent.com/ChiSheng9/iptv/master/TV66.m3u8
儿童歌曲1,https://raw.githubusercontent.com/ChiSheng9/iptv/master/TV67.m3u8
儿童歌曲2,https://raw.githubusercontent.com/ChiSheng9/iptv/master/TV68.m3u8
镜新闻,https://raw.githubusercontent.com/ChiSheng9/iptv/master/TV70.m3u8
Taiwan+,https://raw.githubusercontent.com/ChiSheng9/iptv/master/TV78.m3u8
Top Hits 2023,https://manifest.googlevideo.com/api/manifest/hls_variant/expire/1701000552/ei/COFiZcvRGIT02roPqOSxmA0/ip/223.16.10.147/id/lVmOUVRDKE8.2/source/yt_live_broadcast/requiressl/yes/hfr/1/playlist_duration/30/manifest_duration/30/maxh/4320/maudio/1/gcr/hk/siu/1/spc/UWF9f83M7303sjCXjsXVE1yQt6ryeowuVCtl8-NPRlO8Ilz8BmdW7Qg/vprv/1/go/1/pacing/0/nvgoi/1/keepalive/yes/fexp/24007246/dover/11/itag/0/playlist_type/DVR/sparams/expire%2Cei%2Cip%2Cid%2Csource%2Crequiressl%2Chfr%2Cplaylist_duration%2Cmanifest_duration%2Cmaxh%2Cmaudio%2Cgcr%2Csiu%2Cspc%2Cvprv%2Cgo%2Citag%2Cplaylist_type/sig/ANLwegAwRQIgOpmfsCPmkYrdJ_goBk8U8MF9DRpywkSihOeA1a49LqwCIQDwE7e9ONbosFmgeV7YGp0_p9BK-aGAjy9A5z3o8vZXhA%3D%3D/file/index.m3u8
香港国际财经,https://hoytv-live-stream.hoy.tv/ch76/index-fhd.m3u8
HOY TV,https://hoytv-live-stream.hoy.tv/ch77/index-fhd.m3u8
HOY 资讯台,https://hoytv-live-stream.hoy.tv/ch78/index-fhd.m3u8
AnimalPlanet,http://198.16.100.90:8278/AnimalPlanet/playlist.m3u8?tid=MC3C3856400538564005&ct=19225&tsum=6255ab9649411a8a70c7cbf2ebd7eb23
Awani,http://198.16.100.90:8278/Awani/playlist.m3u8?tid=MB3B5555835155558351&ct=19225&tsum=148341f2ac3dfc57fd8bb8b2f6e4d190
AXN 台灣,http://50.7.238.114:8278/axn_twn/playlist.m3u8?tid=m1776995e9b3e16458394&ct=17874&tsum=b8a111d0b13c7761ce8b4e8f047adddb
BBC Earth,http://50.7.238.114:8278/bbcearth_twn/playlist.m3u8?tid=MD4D1422738714227387&ct=19254&tsum=2637e4976a40770c852fc6f4f9d2308f
BBC World News,http://50.7.238.114:8278/bbcnews_twn/playlist.m3u8?tid=ME2E9411781394117813&ct=19225&tsum=ffaa2caa60183eec89d730ed80b336d1
BBC1,http://198.16.100.90:8278/bbc1_antik/playlist.m3u8?tid=MF5F6677034466770344&ct=19225&tsum=7620e8a88546352c525938a2dee63a56
BBC2,http://198.16.100.90:8278/bbc2_antik/playlist.m3u8?tid=MA6A4519490645194906&ct=19225&tsum=9b7ac03eed5276fa8bda87e0e8e64ed1
Bloomberg,http://50.7.238.114:8278/bloomberg_twn/playlist.m3u8?tid=MBDB5111864051118640&ct=19254&tsum=20e267ffc313070f5fff457700929457
CBS News,http://50.7.238.114:8278/cbsn_glo/playlist.m3u8?tid=ME2E7003518970035189&ct=19225&tsum=c1cc67ff59df6d6f608a400760be0bda
CNA,http://50.7.238.114:8278/cna/playlist.m3u8?tid=MFAF1272681512726815&ct=19225&tsum=4d6a781648283b1bb018bc5c098432d0
CNBC,http://50.7.238.114:8278/cnbc_twn/playlist.m3u8?tid=MCBC5251518852515188&ct=19254&tsum=37bd48b924a593e126344eae8baec162
ELEVEN 體育1台,http://50.7.238.114:8278/golfchannel_twn/playlist.m3u8?tid=MFBF2798068027980680&ct=18393&tsum=d8204023f67120512c75a8882f121120
EYETV旅遊,http://50.7.238.114:8278/eyetvtravel_twn/playlist.m3u8?tid=MFDF5066608450666084&ct=19254&tsum=0bb4cbfc0d32bff89ab5b3a5352fcf94
EYETV戲劇,http://50.7.238.114:8278/eyetvxiju_twn/playlist.m3u8?tid=ME3E6686724066867240&ct=19254&tsum=728fc49fcd53cd770381ffd87883b1d1
EYETV戲劇,http://198.16.100.90:8278/eyetvxiju_twn/playlist.m3u8?tid=m379e8846d31b14432367&ct=17874&tsum=2c4c2acd16a5a5e00797ad6f4c4cb586
GOODTVCH02真理台,http://198.16.100.90:8278/good2_twn/playlist.m3u8?tid=ME9E3966510439665104&ct=19225&tsum=a2788b2ccea04a8a8082d663fb7838e5
M-BBCLifestyle,http://198.16.100.90:8278/bbclifestyle_twn/playlist.m3u8?tid=MFCF4299842642998426&ct=19225&tsum=d9cac5a62e5c33574ac9c3e860e01623
M--SkyZ,http://198.16.100.90:8278/skynews_antik/playlist.m3u8?tid=MA7A8995522289955222&ct=19225&tsum=017cd1040a70d579955560a0c550c0f2
MusicTV,http://198.16.100.90:8278/MusicTV/playlist.m3u8?tid=MFEF2771586927715869&ct=19225&tsum=25aeb843227531bfab3d9fde062323b2
RHK31,http://50.7.238.114:8278/rhk31_twn/playlist.m3u8?tid=MA6A6225600662256006&ct=19249&tsum=7b0adccccff4fded44e906e9d848ee35
RHK32,http://50.7.238.114:8278/rhk32_twn/playlist.m3u8?tid=MDBD4704174447041744&ct=19249&tsum=763ebe53fc33677d02ebf83b4d558d33
SkySportsCricket,http://198.16.100.90:8278/tiankongcricket/playlist.m3u8?tid=MF0F2840305428403054&ct=19225&tsum=b212d3a5e0f928f816ba4653a3b31f6d
TLC旅遊生活,http://198.16.100.90:8278/tlc_twn/playlist.m3u8?tid=MA0A5904082259040822&ct=19226&tsum=8fa7deead1d4b260825af15bc7378132
TV8,http://198.16.100.90:8278/TV8/playlist.m3u8?tid=MDFD8437455184374551&ct=19225&tsum=ea08ca3d3651a75f499af2fc429eee35
TVB J2,http://50.7.238.114:8278/j2_twn/playlist.m3u8?tid=MA8A1176878411768784&ct=19225&tsum=fea41bb592165942b9971148376f8b70
TVBS,http://50.7.238.114:8278/tvbs/playlist.m3u8?tid=MDED5111960351119603&ct=19226&tsum=49931e2d3885c468d56ffae2c2db9e6e
TVBS,http://198.16.100.90:8278/tvbs/playlist.m3u8?tid=MF8F6036660760366607&ct=19225&tsum=28b93d22eed82973d85656ff0a6978c5
TVBS歡樂台,http://50.7.238.114:8278/tvbshuanle_twn/playlist.m3u8?ct=19193&tid=MC8C2318787923187879&tsum=394d2b9af3df7846e2cdc60d69dd4219
TVBS歡樂台,http://198.16.100.90:8278/tvbshuanle_twn/playlist.m3u8?tid=MA9A4111409641114096&ct=19225&tsum=600f3056bba6413dec3155efd19e2d20
TVBS新聞,http://50.7.238.114:8278/tvbs_n/playlist.m3u8?tid=MC3C9358473393584733&ct=19193&tsum=38970ab977b9e318cbead37db4134eb8
ViuTV6,http://50.7.238.114:8278/viusix_twn/playlist.m3u8?tid=MD7D9950629799506297&ct=19234&tsum=83ba3013be3e325b775bcd348b38eab1
阿里郎 Arirang,http://50.7.238.114:8278/arirang_twn/playlist.m3u8?tid=MF5F3988861839888618&ct=19249&tsum=781d490a6abe9f48f5b93e211cbe0307
愛爾達體育1台,http://50.7.238.114:8278/eltasport_twn/playlist.m3u8?tid=md3567b35401611916221&ct=17874&tsum=be2a069324faa7f0737ca0d396d43745
愛爾達體育1台,http://198.16.100.90:8278/eltasport_twn/playlist.m3u8?tid=md3567b35401611916221&ct=17874&tsum=be2a069324faa7f0737ca0d396d43745
愛爾達體育1台,http://198.16.100.90:8278/eltasport_twn/playlist.m3u8?tid=MF1F8884668388846683&ct=19249&tsum=b676f636b8ef285596dc6512fc4659d4
愛爾達體育2,http://50.7.238.114:8278/eltasport2_twn/playlist.m3u8?tid=ME3E4844502848445028&ct=19317&tsum=035fc643389fcb4a6bf124bca1248aab
愛爾達體育2台,http://198.16.100.90:8278/eltasport_twn/playlist.m3u8?tid=MB5B8133126081331260&ct=19225&tsum=5cb9d121709b107014d31cf856f3572e
愛爾達體育2台,http://198.16.100.90:8278/eltasport2_twn/playlist.m3u8?tid=MB2B3966739039667390&ct=19249&tsum=20bdbd3a22909e8d89aabe7a923c8c5b
八大第一台,http://50.7.238.114:8278/badafirst/playlist.m3u8?tid=mb8efded78b4e12042621&ct=17874&tsum=028ad819cd9a0f949a043d652fa3e164
八大戲劇,http://198.16.100.90:8278/badadrama/playlist.m3u8?tid=m4970c4e1b988&ct=18335&tsum=20cb1d15d4e116ab9e44edb542cf51a5
八大戲劇,http://198.16.100.90:8278/badadrama/playlist.m3u8?tid=m4a65d3abd9ee13871929&ct=17924&tsum=8e5ef501e42d00cdc6a761ca3dc693d8
八大綜合,http://50.7.238.114:8278/badazhonghe/playlist.m3u8?ct=19225&tid=MC7C4692263546922635&tsum=ffdc7a6397b511103e0df0b92e678790
八大綜合,http://198.16.100.90:8278/badazhonghe/playlist.m3u8?tid=mfb8d64b6276514171054&ct=17874&tsum=a87466c997089ea7dce98cd17301667d
博斯高球1,http://198.16.100.90:8278/bosigolf1_twn/playlist.m3u8?tid=m51c41c232c43&ct=18335&tsum=26e2e08302bf0409db94a692921fa08b
博斯高球2,http://50.7.238.114:8278/bosigolf2_twn/playlist.m3u8?tid=MC1C7192072371920723&ct=19249&tsum=fbea99cd84e7284f2cd3f8eab29435dc
博斯魅力,http://50.7.238.114:8278/bosisport1_twn/playlist.m3u8?tid=MCEC3596356835963568&ct=19234&tsum=b4f0f6248548de66e4ff5d230c130d1a
博斯網球,http://50.7.238.114:8278/bositennis_twn/playlist.m3u8?tid=m60f4fd9da4d1&ct=18335&tsum=4d026bfb332da29886aa772f2e149edb
博斯網球,http://198.16.100.90:8278/bositennis_twn/playlist.m3u8?tid=MA9A5922328659223286&ct=19225&tsum=c83f112dbae37be6d20618138fddcf77
博斯網球,http://198.16.100.90:8278/bositennis_twn/playlist.m3u8?tid=m60f4fd9da4d1&ct=18335&tsum=4d026bfb332da29886aa772f2e149edb
博斯運動2,http://198.16.100.90:8278/bosisport2_twn/playlist.m3u8?tid=mb50f39eebf51&ct=18335&tsum=4f8960c36a3e7f2b069d574293809283
博斯運動2,http://198.16.100.90:8278/bosisport2_twn/playlist.m3u8?tid=ME9E7698135376981353&ct=19249&tsum=9eadcc8585f74357f09f1465844024c9
大愛電視,http://50.7.238.114:8278/daai_twn/playlist.m3u8?tid=m22178fccc70212656308&ct=17874&tsum=68bbc63cc5cb649ef5df75b1f0296336
東森LIVE,http://198.16.100.90:8278/ettvnews/playlist.m3u8?ct=19225&tid=MAEA2793211727932117&tsum=151345e2ab6bc0c89ac85598f1988cd3
动物星球,http://50.7.238.114:8278/animalplanet_twn/playlist.m3u8?tid=MABA3681856636818566&ct=18393&tsum=2066d4c793195f8449577d35af941288
動物星球,http://198.16.100.90:8278/animalplanet_twn/playlist.m3u8?tid=m4da2c053371613331372&ct=17874&tsum=4481f502bb91c2c67964feecfbc4b702
動物星球,http://198.16.100.90:8278/animalplanet_twn/playlist.m3u8?tid=MABA3681856636818566&ct=18393&tsum=2066d4c793195f8449577d35af941288
非凡新聞,http://198.16.100.90:8278/feifannews_twn/playlist.m3u8?tid=ME3E6962233269622332&ct=19225&tsum=eea4d84db71e12ba91bfcf328f4dec9d
星河台,http://198.16.100.90:8278/tvbxinhe_twn/playlist.m3u8?tid=ME2E8352893183528931&ct=19225&tsum=5f852c878e02000708a055c6b08a9405
公視,http://198.16.100.90:8278/ctv_taiwan/playlist.m3u8?tid=MDCD6096520560965205&ct=19249&tsum=64237c7ffa0c00b62657a938247bcab0
國家地理野生,http://50.7.238.114:8278/natgeowild_twn/playlist.m3u8?tid=mc9d789e8a1bb12836354&ct=17877&tsum=82c5ce1596dc364c112c79b239c3f5e8
國家地理野生,http://198.16.100.90:8278/natgeowild_twn/playlist.m3u8?tid=mc9d789e8a1bb12836354&ct=17877&tsum=82c5ce1596dc364c112c79b239c3f5e8
好萊塢電影,http://198.16.100.90:8278/hollywoodmovies_twn/playlist.m3u8?tid=MECE5611281156112811&ct=19225&tsum=ad8884ee16b04f885f24bae98fc5fb9f
好萊塢電影,http://198.16.100.90:8278/hollywoodmovies_twn/playlist.m3u8?tid=MF6F7143280071432800&ct=19211&tsum=c0bc00f05a03eb1bef16741e9fd9737e
靖天國際台,http://50.7.238.114:8278/jingtianintl_twn/playlist.m3u8?tid=MC7C4153806141538061&ct=19254&tsum=79854f3ccdc23693ea39da52af54d35b
靖天國際台,http://198.16.100.90:8278/jingtianintl_twn/playlist.m3u8?tid=ME4E7632479576324795&ct=19226&tsum=9922eeed6392b21e1710ba791cc599d6
靖天卡通,http://198.16.100.90:8278/jingtiancartoon_twn/playlist.m3u8?tid=m1465dab025b5&ct=18335&tsum=ba935e583d90bfbe1d1d9662e9ac600c
靖天卡通,http://50.7.238.114:8278/jingtiancartoon_twn/playlist.m3u8?tid=m1465dab025b5&ct=18335&tsum=ba935e583d90bfbe1d1d9662e9ac600c
美亞電影,http://198.16.100.90:8278/meiyamovie_twn/playlist.m3u8?tid=mcfe3e109029013892155&ct=17874&tsum=164baeda6ab6c4160f2775128cfc6f4e
民視臺灣,http://50.7.238.114:8278/ftvtaiwan_twn/playlist.m3u8?tid=MDFD8196635981966359&ct=19226&tsum=b82639ac8b4590b4206effe348e2f9c2
三立戏剧台,http://198.16.100.90:8278/sanlixiju_twn/playlist.m3u8?tid=MCFC5174201151742011&ct=19193&tsum=27477ddeec029345da276c2c903f09c2
三立戏剧台,http://198.16.100.90:8278/sanlixiju_twn/playlist.m3u8?tid=MA8A4626080046260800&ct=19053&tsum=205a453781925ebfb8996c1db8d4ed59
時尚台FTV,http://50.7.238.114:8278/fashiontv_twn/playlist.m3u8?tid=ma97f669e7343&ct=18335&tsum=732ba26aa334bf6c1fad8812deda83d1
時尚台FTV,http://198.16.100.90:8278/fashiontv_twn/playlist.m3u8?tid=ma97f669e7343&ct=18335&tsum=732ba26aa334bf6c1fad8812deda83d1
時尚台FTV,http://198.16.100.90:8278/fashiontv_twn/playlist.m3u8?tid=MABA6457047364570473&ct=18393&tsum=82840dc94ca1ecca47ac4c26d3ee4afc
台視,http://198.16.100.90:8278/ttv_taiwan/playlist.m3u8?tid=mdea1ba75c9e516139101&ct=17874&tsum=95f1742d36f959fe6e241587a4f8e970
探索動力,http://50.7.238.114:8278/discoveryturbo_twn/playlist.m3u8?tid=m33a70bc8259c12219783&ct=17877&tsum=b8470668b7a41d6b15a90b7aa43b3279
探索動力,http://198.16.100.90:8278/discoveryturbo_twn/playlist.m3u8?tid=MECE3122352031223520&ct=18393&tsum=66f49d6631e9a76ea563d20a25e0bd4c
探索動力DMAX,http://198.16.100.90:8278/discoveryturbo_twn/playlist.m3u8?tid=MD5D5964869459648694&ct=19225&tsum=a21251b62069dff5c52601a3e4bc4a6d
探索頻道,http://50.7.238.114:8278/ba86fcd935/playlist.m3u8?tid=m1b458a366fcb&ct=18335&tsum=6ee1498a5e37d8bd1e3f62954629ed4f
探索頻道,http://198.16.100.90:8278/ba86fcd935/playlist.m3u8?tid=m1b458a366fcb&ct=18335&tsum=6ee1498a5e37d8bd1e3f62954629ed4f
探索亞洲,http://198.16.100.90:8278/discoverytwn_twn/playlist.m3u8?tid=m42a2d91d6f2413622196&ct=17874&tsum=3653c4c61f0a0443dbb256dc465b4715
探索亞洲,http://198.16.100.90:8278/discoverytwn_twn/playlist.m3u8?tid=MAAA4463833744638337&ct=18393&tsum=c4bd4c633430327425e073012785525e
緯來日本,http://50.7.238.114:8278/videolandjapan/playlist.m3u8?tid=MBAB7250273772502737&ct=19344&tsum=2b580b485643235654de4a1bbc9639cb
衛視中文,http://50.7.238.114:8278/weishichinese_twn/playlist.m3u8?ct=19226&tid=MA8A7894022878940228&tsum=c0323ce59263e0096d4181626874e17c
衛視中文台,http://198.16.100.90:8278/weishichinese_twn/playlist.m3u8?tid=MB7B8325601583256015&ct=19249&tsum=88f84634240050b869fbbe8cfeb43cc7
中視經典,http://50.7.238.114:8278/zhongshi_twn/playlist.m3u8?tid=14379667&ct=17988&tsum=de63d02f44741580b5070077d1949841
中視經典,http://198.16.100.90:8278/zhongshi_twn/playlist.m3u8?tid=14379667&ct=17988&tsum=de63d02f44741580b5070077d1949841
中視經典,http://198.16.100.90:8278/zhongshi_twn/playlist.m3u8?tid=mffe9aaf8765f&ct=18335&tsum=bcdd7a2ce4a5498b1449cb26a01150c0
中天娛樂,http://50.7.238.114:8278/ctient/playlist.m3u8?tid=MDED1780059017800590&ct=19226&tsum=4d05ea700aa8fd436b51ce703680e674
中天娛樂,http://198.16.100.90:8278/ctient/playlist.m3u8?tid=MDED1780059017800590&ct=19226&tsum=4d05ea700aa8fd436b51ce703680e674
中天娛樂,http://198.16.100.90:8278/ctient/playlist.m3u8?tid=m6780c60bd34a13540795&ct=17874&tsum=06089e289a460b0685447b7656d550e3
中天綜合,http://198.16.100.90:8278/ctizhonghe/playlist.m3u8?tid=m85005aeec85b14021104&ct=17874&tsum=69f19f4b12ab79d2ee683b28cdb1c8ca
「虎牙」英雄联盟-1,https://yang-1989.eu.org/live/huya/660000
「虎牙」英雄联盟-2,https://yang-1989.eu.org/live/huya/660001
「斗鱼」英雄联盟-3,https://yang-1989.eu.org/live/douyu/288016
「斗鱼」英雄联盟-4,https://yang-1989.eu.org/live/douyu/705690
「虎牙」王者荣耀-1,https://yang-1989.eu.org/live/huya/660002
「虎牙」王者荣耀-2,https://yang-1989.eu.org/live/huya/660164
「斗鱼」王者荣耀-3,https://yang-1989.eu.org/live/douyu/1863767
「斗鱼」王者荣耀-4,https://yang-1989.eu.org/live/douyu/1984839
「斗鱼」王者荣耀-5,https://yang-1989.eu.org/live/douyu/2045445
「斗鱼」王者荣耀-6,https://yang-1989.eu.org/live/douyu/3606468
「斗鱼」王者荣耀-♀,https://yang-1989.eu.org/live/douyu/667319
「虎牙」绝地求生-1,https://yang-1989.eu.org/live/huya/660004
「虎牙」绝地求生-2,https://yang-1989.eu.org/live/huya/660005
「虎牙」绝地求生-3,https://yang-1989.eu.org/live/huya/660136
「斗鱼」绝地求生-4,https://yang-1989.eu.org/live/douyu/100
「虎牙」和平精英-1,https://yang-1989.eu.org/live/huya/660006
「斗鱼」和平精英-2,https://yang-1989.eu.org/live/douyu/999
「虎牙」金铲铲之战-1,https://yang-1989.eu.org/live/huya/660579
「斗鱼」金铲铲之战-2,https://yang-1989.eu.org/live/douyu/9715241
「虎牙」CSGO,https://yang-1989.eu.org/live/huya/eslcsgo
「虎牙」DOTA2-1,https://yang-1989.eu.org/live/huya/660118
「斗鱼」DOTA2-2,https://yang-1989.eu.org/live/douyu/30
「斗鱼」云顶之弈,https://yang-1989.eu.org/live/douyu/522423
「虎牙」永劫无间,https://yang-1989.eu.org/live/huya/660115
「虎牙」使命召唤·手游-1,https://yang-1989.eu.org/live/huya/11718629
「斗鱼」使命召唤·手游-2,https://yang-1989.eu.org/live/douyu/9223245
「虎牙」穿越火线-1,https://yang-1989.eu.org/live/huya/660101
「斗鱼」穿越火线-2,https://yang-1989.eu.org/live/douyu/605964
「斗鱼」穿越火线-3,https://yang-1989.eu.org/live/douyu/5388537
「虎牙」穿越火线·手游,https://yang-1989.eu.org/live/huya/660102
「虎牙」第五人格-1,https://yang-1989.eu.org/live/huya/idvesports
「斗鱼」第五人格-2,https://yang-1989.eu.org/live/douyu/3226194
「斗鱼」第五人格-3,https://yang-1989.eu.org/live/douyu/11030737
「虎牙」逆战,https://yang-1989.eu.org/live/huya/nsl2021
「斗鱼」原神,https://yang-1989.eu.org/live/douyu/10853239
「斗鱼」QQ飞车·手游,https://yang-1989.eu.org/live/douyu/5040227
「虎牙」无畏契约-1,https://yang-1989.eu.org/live/huya/660679
「斗鱼」无畏契约-2,https://yang-1989.eu.org/live/douyu/4585645
「斗鱼」我的世界,https://yang-1989.eu.org/live/douyu/738878
「斗鱼」FIFA,https://yang-1989.eu.org/live/douyu/7692166
「斗鱼」跑跑卡丁车,https://yang-1989.eu.org/live/douyu/7722576
「斗鱼」跑跑卡丁车·手游,https://yang-1989.eu.org/live/douyu/6672862
穿越火线,http://tc-tct.douyucdn2.cn/dyliveflv1/605964rzzgGEOZHr.flv?wsAuth=43ef2d796067cbec9c238c73235a1005&token=cpn-androidmpro-0-605964-b9be22700076c085e82232beb0fbe7838e28994acafb3964&logo=0&expire=0&did=d010b07dcb997ada9934081c873542f0&origin=tct&vhost=play1
和平精英·手游,http://tc-tct.douyucdn2.cn/dyliveflv1/999rx47n2pp8pKD_2000.flv?wsAuth=6c429f39afed615e842e02ad1a9b1c6e&token=cpn-androidmpro-0-999-d32d75306aab2a7980ad37445844bcccf012d2bb110b5c33&logo=0&expire=0&did=d010b07dcb997ada9934081c873542f0&origin=tct&vhost=play1
梦幻西游·手游,http://tc-tct.douyucdn2.cn/dyliveflv1/9163712rMgvzHPS8.flv?wsAuth=08386df29327fb79ef1cf360dd01e99c&token=cpn-androidmpro-0-9163712-b202112df1a8ff8ce762e1d3561b3623df9da0ea0a74880e&logo=0&expire=0&did=d010b07dcb997ada9934081c873542f0&origin=tct&vhost=play1
跑跑卡丁车,http://tc-tct.douyucdn2.cn/dyliveflv1/7722576rWHyhVf6Z_2000.flv?wsAuth=05a690d94290609839e7c868f44fbc3d&token=cpn-androidmpro-0-7722576-6b878e1c279c4ee5468d3b8183a8170664764100093885bc&logo=0&expire=0&did=d010b07dcb997ada9934081c873542f0&origin=tct&vhost=play1
CSGO,http://tc-tct.douyucdn2.cn/dyliveflv1/601514rYyuBBDiJK_2000.flv?wsAuth=392e2081de888c961c5b04e1cc969e2a&token=cpn-androidmpro-0-601514-ef59ba1cfb089365430a29ba0e9fabff647f749d2b368bd8&logo=0&expire=0&did=d010b07dcb997ada9934081c873542f0&origin=tct&vhost=play1
云顶之弈,http://tc-tct.douyucdn2.cn/dyliveflv1/522423rw7NgKaYl9_2000p.flv?wsAuth=ce3c0d32c960ce39c10717b795f7ddf9&token=cpn-androidmpro-0-522423-99737a9b5bf363c27f62ed65c0f1025bd1ccd3a301de7e93&logo=0&expire=0&did=d010b07dcb997ada9934081c873542f0&origin=tct&vhost=play1
QQ飞车·手游,http://tc-tct.douyucdn2.cn/dyliveflv1a/5040227raXQRnvWY_2000.flv?wsAuth=0654cc930e81f0d2b58264196ded38af&token=cpn-androidmpro-0-5040227-432528579fe947129e217c8f3c39d0a94c81c1426c347bfb&logo=0&expire=0&did=d010b07dcb997ada9934081c873542f0&origin=tct&vhost=play2
狼人杀,http://tc-tct.douyucdn2.cn/dyliveflv1/4615959rUFUtiJ3v.flv?wsAuth=7971ae0019a9ad2822153b7370372e8c&token=cpn-androidmpro-0-4615959-c88b2c2692ce476579452cdc62babd37285751f91f149297&logo=0&expire=0&did=d010b07dcb997ada9934081c873542f0&origin=tct&vhost=play1
CF·手游,http://tc-tct.douyucdn2.cn/dyliveflv1/868191rjy69PsEAz_2000.flv?wsAuth=63d571126613feca6067da321aaf2df2&token=cpn-androidmpro-0-868191-846aacab1859214c037e4d0c263121580403540feea39901&logo=0&expire=0&did=d010b07dcb997ada9934081c873542f0&origin=tct&vhost=play1
王者荣耀,http://tc-tct.douyucdn2.cn/dyliveflv1a/1863767rkpl2_2000p.flv?wsAuth=f73077d85e523eb95b6ce1ea3581b46b&token=cpn-androidmpro-0-1863767-7b520f6fe0a2b18db3c111c4e3c14350afd2dcaf43d0ef60&logo=0&expire=0&did=d010b07dcb997ada9934081c873542f0&origin=tct&vhost=play2
第五人格,http://tc-tct.douyucdn2.cn/dyliveflv1a/3226194r73pCQamR_2000.flv?wsAuth=50ba16bb9998ec281101f2a5d8975be6&token=cpn-androidmpro-0-3226194-1c055b38aa29e2877292a9ffa392a948c894567c5e4b79ff&logo=0&expire=0&did=d010b07dcb997ada9934081c873542f0&origin=tct&vhost=play2
跑跑卡丁车·手游,http://tc-tct.douyucdn2.cn/dyliveflv1a/6672862r90xSwiRP_2000.flv?wsAuth=1c2c516dd80b1193241687841f128073&token=cpn-androidmpro-0-6672862-ee6297daa5d07f3494aad175947a679df4184f7934380258&logo=0&expire=0&did=d010b07dcb997ada9934081c873542f0&origin=tct&vhost=play2
永劫无间,http://tc-tct.douyucdn2.cn/dyliveflv1a/9662891rlaeIAP3A_2000.flv?wsAuth=07d3125e1ec93068330e14be22a09454&token=cpn-androidmpro-0-9662891-7de7dc707e1a51dddb241f8ecad4f36806d04b45752cbbd8&logo=0&expire=0&did=d010b07dcb997ada9934081c873542f0&origin=tct&vhost=play2
未知电影之旅「IPV6」,http://[2409:8087:2001:20:2800:0:df6e:eb04]:80/PLTV/1/224/3221230435/1.m3u8
欢快集体舞蹈「IPV6」,http://[2409:8087:2001:20:2800:0:df6e:eb27]:80/PLTV/1/224/3221231236/1.m3u8
享受文学声音「IPV6」,http://[2409:8087:2001:20:2800:0:df6e:eb22]:80/PLTV/1/224/3221231174/1.m3u8
LOL 全球总决赛「S13」,https://tv.iill.top//bilibili/10
村AB·贵州,https://yang-1989.eu.org/live/huya/17455052
斯诺克-1,https://yang-1989.eu.org/live/huya/880214
斯诺克-2,https://yang-1989.eu.org/live/huya/880625
UFC,https://yang-1989.eu.org/live/huya/880223
Deluxe Lounge HD「自然」,https://d46c0ebf9ef94053848fdd7b1f2f6b90.mediatailor.eu-central-1.amazonaws.com/v1/master/81bfcafb76f9c947b24574657a9ce7fe14ad75c0/live-prod/9a087b26-8be4-11eb-a7de-bacfe1f83627/0/master.m3u8?country=DE&optout=0&uid=749544ec3d9a45d48c600d03cac91dfd&vendor=philips&checkedby:iptvcat.com
Red Bull TV「体育」,http://rbmn-live.akamaized.net/hls/live/590964/BoRB-AT/master_6660.m3u8
「HK」无线财经体育资讯台,https://tv.iill.top/tvb/6
「HK」事件直播頻道1,https://tv.iill.top/tvb/8
「HK」事件直播頻道2,https://tv.iill.top/tvb/10
「HK」星河台,http://113.117.74.17:8081/hls/135/index.m3u8
「MO」澳门莲花,https://p.ggiptv.com/v/macaulotustv.php
大爱2,https://pulltv2.wanfudaluye.com/live/tv2.m3u8
大立电视,http://www.dalitv.com.tw:4568/live/dali/index.m3u8
东森美洲,http://38.64.72.148:80/hls/modn/list/2015/chunklist0.m3u8
番薯台,http://61.216.67.119:1935/TWHG/E1/chunklist_w7058102.m3u8
华语电视,http://38.64.72.148:80/hls/modn/list/4002/chunklist0.m3u8
华语电视,http://38.64.72.148:80/hls/modn/list/4003/chunklist0.m3u8
台视新闻,http://38.64.72.148/hls/modn/list/4013/chunklist0.m3u8
民视新闻,http://38.64.72.148/hls/modn/list/4012/chunklist0.m3u8
TVBS新闻,http://38.64.72.148:80/hls/modn/list/4006/chunklist0.m3u8
人间卫视,http://61.216.67.119:1935/bltvhd/bltv1/chunklist_w1266569526.m3u8
音乐石榴,https://yang-1989.eu.org/live/huya/17091681
治愈•放松,https://yang-1989.eu.org/live/huya/21241811
新歌速递,https://yang-1989.eu.org/live/huya/19439762
阅读•学习,https://yang-1989.eu.org/live/huya/21241813
PMC,https://hls.pmchd.live/hls/stream.m3u8
Retro,http://stream.mediawork.cz/retrotv/retrotvHQ1/playlist.m3u8
M2,http://live.m2.tv/hls3/stream.m3u8
Sexy K-Pop,https://srv1.zcast.com.br/kpoptv/kpoptv/.m3u8
Vibee,http://de1se01.v2beat.live/chunks.m3u8
Wanasah,https://shls-wanasah-prod-dub.shahid.net/out/v1/c84ef3128e564b74a6a796e8b6287de6/index.m3u8
Music Top,http://live-edge01.telecentro.net.ar/live/msctphd-720/playlist.m3u8
MTV Biggest Pop,http://pluto-live.plutotv.net/egress/chandler/pluto01/live/VIACBS02/master_2400.m3u8
MTV Spankin,http://pluto-live.plutotv.net/egress/chandler/pluto01/live/VIACBS07/master.m3u8
MTV WMA,http://pluto-live.plutotv.net/egress/chandler/pluto01/live/VIACBS08/master.m3u8
MTV Yo!,http://pluto-live.plutotv.net/egress/chandler/pluto01/live/VIACBS01/master.m3u8#EXTINF:-1%20group-title=%22%E5%B9%BF%E6%92%AD%22%20tvg-logo=%22https://live.fanmingming.com/radio/988.png%22,988%E5%8F%8B%E5%A3%B0%E6%9C%89%E8%89%B2
Al Jazeera,http://tunein.ord.streamguys1.com/secure-aljazeera-english
Alternative Hits,http://rfcmedia.streamguys1.com/alternativehitspremium.mp3
BBC Radio 1,http://as-hls-ww-live.akamaized.net/pool_904/live/ww/bbc_radio_one/bbc_radio_one.isml/bbc_radio_one-audio=320000.m3u8
BBC Radio 1 Dance,https://as-hls-ww-live.akamaized.net/pool_904/live/ww/bbc_radio_one_dance/bbc_radio_one_dance.isml/bbc_radio_one_dance-audio=320000.m3u8
BBC Radio 1 relax,https://as-hls-ww-live.akamaized.net/pool_904/live/ww/bbc_radio_one_relax/bbc_radio_one_relax.isml/bbc_radio_one_relax-audio=320000.m3u8
BBC Radio 1Xtra,http://as-hls-ww-live.akamaized.net/pool_904/live/ww/bbc_1xtra/bbc_1xtra.isml/bbc_1xtra-audio=320000.m3u8
BBC Radio 2,http://as-hls-ww-live.akamaized.net/pool_904/live/ww/bbc_radio_two/bbc_radio_two.isml/bbc_radio_two-audio=320000.m3u8
BBC Radio 3,https://as-hls-ww-live.akamaized.net/pool_904/live/ww/bbc_radio_three/bbc_radio_three.isml/bbc_radio_three-audio=320000.m3u8
BBC Radio 4,http://as-hls-ww-live.akamaized.net/pool_904/live/ww/bbc_radio_fourfm/bbc_radio_fourfm.isml/bbc_radio_fourfm-audio=320000.m3u8
BBC Radio 4 Extra,http://as-hls-ww-live.akamaized.net/pool_904/live/ww/bbc_radio_four_extra/bbc_radio_four_extra.isml/bbc_radio_four_extra-audio=320000.m3u8
BBC Radio 5 live,http://as-hls-ww-live.akamaized.net/pool_904/live/ww/bbc_radio_five_live/bbc_radio_five_live.isml/bbc_radio_five_live-audio=320000.m3u8
BBC Radio 6,https://as-hls-ww-live.akamaized.net/pool_904/live/ww/bbc_6music/bbc_6music.isml/bbc_6music-audio=320000.m3u8
BBC World Service,http://as-hls-ww-live.akamaized.net/pool_904/live/ww/bbc_world_service/bbc_world_service.isml/bbc_world_service-audio=320000.m3u8
Big B Radio - 韩语流行,http://kpop.bigbradio.net/s
Big B Radio - 日语流行,http://jpop.bigbradio.net/s
Big B Radio - 亚洲流行,http://apop.bigbradio.net/s
Big B Radio - 中文流行,http://cpop.bigbradio.net/s
Big Radio,https://stream.hndt.com/live/gudian/playlist.m3u8
CAPITAL 958,https://19183.live.streamtheworld.com/CAPITAL958FM_PREM.aac
CityFM|城市广播,http://fm929.cityfm.tw:8080/929.mp3
CityFM|大苗栗广播,http://fm983.cityfm.tw:8080/983.mp3
CityFM|台北健康,http://fm901.cityfm.tw:8080/901.mp3
CityFM|台南之音,http://fm971.cityfm.tw:8080/971.mp3
CNA 938,https://14033.live.streamtheworld.com/938NOW_PREM.aac
CNR 哈语广播,http://live.xmcdn.com/live/1396/64.m3u8
CNR 大湾区之声,http://ngcdn007.cnr.cn/live/hxzs/index.m3u8
CNR 经典广播,http://ngcdn004.cnr.cn/live/dszs/index.m3u8
CNR 经济之声,http://ngcdn002.cnr.cn/live/jjzs/index.m3u8
CNR 老年之声,http://ngcdn011.cnr.cn/live/lnzs/index.m3u8
CNR民族之声,http://ngcdn009.cnr.cn/live/mzzs/index.m3u8
CNR 神州之声,http://ngcdn006.cnr.cn/live/szzs/index.m3u8
CNR 台海之声,http://ngcdn005.cnr.cn/live/zhzs/index.m3u8
CNR 文艺之声,http://audiows010.cnr.cn/live/wyzs192/playlist.m3u8
CNR 乡村之声,http://ngcdn017.cnr.cn/live/xczs/index.m3u8
CNR 香港之声,http://ngcdn008.cnr.cn/live/xgzs/index.m3u8
CNR 音乐之声,http://ngcdn003.cnr.cn/live/yyzs/index.m3u8
CNR 阅读之声,http://ngcdn014.cnr.cn/live/ylgb/index.m3u8
CNR 中国交通广播,http://ngcdn016.cnr.cn/live/gsgljtgb/index.m3u8
CNR 中国之声,http://ngcdn001.cnr.cn/live/zgzs/index.m3u8
Coffee House,http://rfcmedia.streamguys1.com/coffeehousepremium.mp3
Country Hits,http://rfcmedia.streamguys1.com/countryhitspremium.mp3
Country Roads,http://rfcmedia.streamguys1.com/countryroadspremium.mp3
CRI HIT FM (北京),https://satellitepull.cnr.cn/live/wxgjlxyy/playlist.m3u8
CRI HIT FM (广州),https://satellitepull.cnr.cn/live/wxhitfm/playlist.m3u8
CRI Hit FM FM88.7,http://sk.cri.cn/887.m3u8
CRI 环球信息广播 FM90.5,http://sk.cri.cn/905.m3u8
CRI 华语环球广播,http://sk.cri.cn/hyhq.m3u8
CRI 环球资讯广播,https://satellitepull.cnr.cn/live/wxhqzx01/playlist.m3u8
CRI 南海之声,http://sk.cri.cn/nhzs.m3u8
CRI 轻松调频,http://sk.cri.cn/915.m3u8
CRI 外语教学广播 China Plus Radio,http://sk.cri.cn/am1008.m3u8
CRI 英语环球广播 China Plus Radio,http://sk.cri.cn/am846.m3u8
CRI 粤语国际,http://sk.cri.cn/hxfh.m3u8
Dance One,http://rfcmedia.streamguys1.com/srdanceone.mp3
Disco Beats,http://rfcmedia.streamguys1.com/srdiscobeats.mp3
Eclectic24,https://kcrw.streamguys1.com/kcrw_192k_mp3_on_air
Heart FM 乐动1056,http://starfish.bj.aliyun.006.qingting.fm:8000/shenyangjingdianyinle
Kiss Radio,http://api.kiss.com.tw/test/hichannel2.php?api=2
LOVE 972,https://14033.live.streamtheworld.com/LOVE972FM_PREM.aac
Modern Radio,http://play.redefine.ltd/Stream1/FM1058-1.m3u8
M-Radio全国广播,http://stream.rcs.revma.com/044q61ha7a0uv/hls.m3u8
MY,https://astro1.rastream.com/myfm
My Radio,https://stream.hndt.com/live/yingshi/playlist.m3u8
News98 新闻台,http://stream.rcs.revma.com/55tyxsy4qtzuv
one FM,https://mediaprima.rastream.com/mediaprima-onefm
Pop Hits,http://rfcmedia.streamguys1.com/newpophitspremium.mp3
Relax & Unwind,http://rfcmedia.streamguys1.com/relaxationpremium.mp3
Smooth Jazz,http://rfcmedia.streamguys1.com/smoothjazzpremium.mp3
The Hit List,http://rfcmedia.streamguys1.com/srhitlist.mp3
Today’s Hits,http://rfcmedia.streamguys1.com/MusicPulsePremium.mp3
Today's Country Hits,http://rfcmedia.streamguys1.com/srtodayscountryhits.mp3
VOCALO,https://stream.wbez.org/vocalolinear
WHIZ Radio 海口广播,http://starfish.sz.aliyun.005.qingting.fm:8000/haikouSIMULRADIO
YES 933,https://22393.live.streamtheworld.com/YES933_PREM.aac
阿拉善汉语广播,https://satellitepull.cnr.cn/live/wx32nmgalshygb/playlist.m3u8
阿里郎电台(视频),https://amdlive-ch03-ctnd-com.akamaized.net/arirang_3ch/smil:arirang_3ch.smil/playlist.m3u8
安徽故事广播,https://satellitepull.cnr.cn/live/wxahxspsgb/playlist.m3u8
安徽广播,https://satellitepull.cnr.cn/live/wxahyygb/playlist.m3u8
安徽交通广播,https://satellitepull.cnr.cn/live/wxahjtgb/playlist.m3u8
安徽经济广播,https://satellitepull.cnr.cn/live/wxahjjgb/playlist.m3u8
安徽旅游广播•高速之声,https://satellitepull.cnr.cn/live/wxahlygb/playlist.m3u8
安徽生活广播•城市之声,https://satellitepull.cnr.cn/live/wxahshgb/playlist.m3u8
安徽戏曲广播•动听995,https://satellitepull.cnr.cn/live/wxahxqgb/playlist.m3u8
安徽之声,https://satellitepull.cnr.cn/live/wxahxxgb/playlist.m3u8
北京广播,http://live.xmcdn.com/live/95/64.m3u8
北京经典969,http://live.funhillrm.com/4/sd/live.m3u8
藏语广播,http://ngcdn012.cnr.cn/live/zygb/index.m3u8
楚天广播,https://satellitepull.cnr.cn/live/wx32hubctyygb/playlist.m3u8
楚天交通广播,https://satellitepull.cnr.cn/live/wx32hubctjtgb/playlist.m3u8
大象资讯台,https://stream.hndt.com/live/nongcun/playlist.m3u8
电音电台,http://play.redefine.ltd/Stream3/FM1058-3.m3u8
动感音乐台,http://stream3.hndt.com/now/ufjjbZxV/playlist.m3u8
法国国际广播电台,https://rfienchinois64k.ice.infomaniak.ch/rfienchinois-64.mp3
法国国际广播电台,http://rfichinois96k.ice.infomaniak.ch/rfichinois-96k.mp3
房山电台,http://live.funhillrm.com/3/sd/live.m3u8
飞碟电台,http://stream.rcs.revma.com/em90w4aeewzuv
福建东南广播,https://satellitepull.cnr.cn/live/wx32fjdngb/playlist.m3u8
福建都市广播•私家车987,https://satellitepull.cnr.cn/live/wx32fjdndsgb/playlist.m3u8
福建汽车广播,https://satellitepull.cnr.cn/live/wx32fjdnyygb/playlist.m3u8
福州广播,http://live.zohi.tv/audio/s10001-FM893/index.m3u8
福州交通之声,http://live.zohi.tv/audio/s10001-FM876/index.m3u8
福州新闻广播,http://live.zohi.tv/audio/s10001-FM944/index.m3u8
福州左海之声,http://live.zohi.tv/audio/s10001-FM901/index.m3u8
甘肃都市调频,https://satellitepull.cnr.cn/live/wxgsdstb/playlist.m3u8
甘肃经济广播,https://satellitepull.cnr.cn/live/wxgshhzs/playlist.m3u8
格莱美音乐台,http://stream3.hndt.com/now/yorSd1X2/playlist.m3u8
古典音乐台,http://play.redefine.ltd/Stream2/FM1058-2.m3u8
广东广播,http://ls.qingting.fm/live/1260.m3u8
广西北部湾之声,https://satellitepull.cnr.cn/live/wx32gxdwgb/playlist.m3u8
广西广播,https://satellitepull.cnr.cn/live/wx32gxrmgb/playlist.m3u8
广西广播,https://satellitepull.cnr.cn/live/wx32gxwygb/playlist.m3u8
广西交通广播,https://satellitepull.cnr.cn/live/wx32gxjtgb/playlist.m3u8
广西教育广播,https://satellitepull.cnr.cn/live/wx32gbjyshgb/playlist.m3u8
广西经济广播•女主播电台,https://satellitepull.cnr.cn/live/wx32gxjjgb/playlist.m3u8
贵州都市广播,https://satellitepull.cnr.cn/live/wx32gzqcgb/playlist.m3u8
贵州故事广播,https://satellitepull.cnr.cn/live/wx32gzgsgb/playlist.m3u8
贵州广播,https://satellitepull.cnr.cn/live/wx32gzwxwzhgb/playlist.m3u8
贵州广播,https://satellitepull.cnr.cn/live/wx32gzyygb/playlist.m3u8
贵州经济广播,https://satellitepull.cnr.cn/live/wx32gzjjgb/playlist.m3u8
贵州旅游广播,https://satellitepull.cnr.cn/live/wx32gzlygb/playlist.m3u8
国立教育电台,http://wowza.ner.gov.tw/live/_definst_/1/playlist.m3u8
哈萨克语广播,http://ngcdn025.cnr.cn/live/hygb/index.m3u8
海南广播,https://satellitepull.cnr.cn/live/wxhainyygb/playlist.m3u8
河北广播,https://satellitepull.cnr.cn/live/wxhebzhgb/playlist.m3u8
河北广播,https://satellitepull.cnr.cn/live/wxhebyygb/playlist.m3u8
河北交通广播,https://satellitepull.cnr.cn/live/wxhebjtgb/playlist.m3u8
河北经济广播,https://satellitepull.cnr.cn/live/wxhebjjgb/playlist.m3u8
河北生活广播,https://satellitepull.cnr.cn/live/wxhebshgb/playlist.m3u8
河北文艺广播,https://satellitepull.cnr.cn/live/wxhebwygb/playlist.m3u8
河南广播,https://stream.hndt.com/live/yinyue/playlist.m3u8
河南交通广播,https://stream.hndt.com/live/jiaotong/playlist.m3u8
河南教育广播,https://stream.hndt.com/live/jiaoyu/playlist.m3u8
河南经济广播,https://stream.hndt.com/live/jingji/playlist.m3u8
河南戏曲广播,https://stream.hndt.com/live/yule/playlist.m3u8
河南新闻广播,https://stream.hndt.com/live/xinwen/playlist.m3u8
河南信息广播,https://stream.hndt.com/live/leling/playlist.m3u8
黑龙江朝鲜语广播,https://satellitepull.cnr.cn/live/wx32hljcygb/playlist.m3u8
黑龙江都市女性广播,https://satellitepull.cnr.cn/live/wx32hljnxgb/playlist.m3u8
黑龙江高校广播,https://satellitepull.cnr.cn/live/wx32hljgxgb/playlist.m3u8
黑龙江广播,https://satellitepull.cnr.cn/live/wx32hljyygb/playlist.m3u8
黑龙江老年少儿广播•爱家调频,https://satellitepull.cnr.cn/live/wx32hljajgb/playlist.m3u8
呼伦贝尔汉语广播,https://satellitepull.cnr.cn/live/wx32nmghlbehygb/playlist.m3u8
呼伦贝尔蒙语广播,https://satellitepull.cnr.cn/live/wx32nmghlbemygb/playlist.m3u8
湖北城市之声,https://satellitepull.cnr.cn/live/wx32hubjtgb/playlist.m3u8
湖北经典广播,https://satellitepull.cnr.cn/live/wx32hubyygb/playlist.m3u8
湖北亲子广播,https://satellitepull.cnr.cn/live/wx32hubfnetgb/playlist.m3u8
湖北生活广播,https://satellitepull.cnr.cn/live/wx32hubczshgb/playlist.m3u8
湖北之声,https://satellitepull.cnr.cn/live/wx32hubzsgb/playlist.m3u8
湖北资讯广播,https://satellitepull.cnr.cn/live/wx32hubzxgb/playlist.m3u8
湖南文艺广播•摩登音乐台,https://satellitepull.cnr.cn/live/wx32hunwygb/playlist.m3u8
湖南音乐之声•芒果音乐台,http://a.live.hnradio.com/yypd/radio120k_yypd.m3u8?auth_key=1588751172-0-0-d97b858279c1c86650172b9913ea4af2
华语金曲500首,http://ls.qingting.fm/live/3412131.m3u8
怀集音乐台,http://live.xmcdn.com:80/live/966/64.m3u8
欢乐调频,http://starfish.bj.aliyun.007.qingting.fm:8000/huanletiaopin
惠州广播,http://stream.hztvmg.com/gbtest2/sd/live.m3u8
惠州广播,http://stream.hztvmg.com/test17/playlist.m3u8
江苏广播,https://satellitepull.cnr.cn/live/wx32jsyygb/playlist.m3u8
江苏文艺广播,https://satellitepull.cnr.cn/live/wx32jswygb/playlist.m3u8
江西都市广播,https://satellitepull.cnr.cn/live/wx32jiangxdsgb/playlist.m3u8
开州之声,http://183.64.174.171:10124/tlgb.m3u8
老歌音乐台,http://live.xmcdn.com:80/live/2628/64.m3u8
辽宁交通广播,https://satellitepull.cnr.cn/live/wxlnjtgb/playlist.m3u8
辽宁经典广播,https://satellitepull.cnr.cn/live/wxlnwygb/playlist.m3u8
辽宁经济广播,https://satellitepull.cnr.cn/live/wxlnjjtb/playlist.m3u8
辽宁乡村广播,https://satellitepull.cnr.cn/live/wxlnxcgb/playlist.m3u8
辽宁之声,https://satellitepull.cnr.cn/live/wxlnzhgb/playlist.m3u8
旅游之声,http://starfish.bj.aliyun.007.qingting.fm:8000/fm98.7lvyouzhisheng
民谣 蓝调,http://play-radio-stream3.hndt.com/now/XWfN89gh/playlist.m3u8
民谣音乐台,http://stream3.hndt.com/now/DTK5qc83/playlist.m3u8
内蒙古经济生活广播,https://satellitepull.cnr.cn/live/wx32nmgjjgb/playlist.m3u8
内蒙古蒙语对外广播草原之声,https://satellitepull.cnr.cn/live/wx32nmgdwgb/playlist.m3u8
内蒙古蒙语新闻广播,https://satellitepull.cnr.cn/live/wx32nmgmygb/playlist.m3u8
内蒙古评书曲艺广播,https://satellitepull.cnr.cn/live/wx32nmgpsqy/playlist.m3u8
内蒙古新闻广播,https://satellitepull.cnr.cn/live/wx32nmghyzhxwgb/playlist.m3u8
宁波广播,http://ihzlh.linker.cc/ihzlh/zjnb_ts02_986.m3u8
宁波交通广播,http://ihzlh.linker.cc/ihzlh/zjnb_ts01_939.m3u8
宁波经济广播,http://ihzlh.linker.cc/ihzlh/zjnb_ts03_1029.m3u8
宁波老少广播•阳光904,http://ihzlh.linker.cc/ihzlh/zjnb_ts05_904.m3u8
宁波新闻广播,http://ihzlh.linker.cc/ihzlh/zjnb_ts04_920.m3u8
宁夏广播,https://satellitepull.cnr.cn/live/wxnxyygb/playlist.m3u8
宁夏经济广播,https://satellitepull.cnr.cn/live/wxnxjjgb/playlist.m3u8
宁夏旅游广播,https://satellitepull.cnr.cn/live/wxnxdsgb/playlist.m3u8
宁夏新闻广播,https://satellitepull.cnr.cn/live/wxnxxwgb/playlist.m3u8
青岛摩登音乐调频,http://video11.qtv.com.cn/zhibo886/manifest.m3u8
青岛音体广播,http://video11.qtv.com.cn/zhiboytgb-sd/manifest.m3u8
青海交通广播,https://satellitepull.cnr.cn/live/wx32qhjtyygb/playlist.m3u8
青海经济广播,https://satellitepull.cnr.cn/live/wx32qhjjgb/playlist.m3u8
青海新闻广播,https://satellitepull.cnr.cn/live/wx32qhwxzhgb/playlist.m3u8
清晨音乐台,http://live.xmcdn.com:80/live/1011/64.m3u8
全国治安交通网,http://stream.pbs.gov.tw:1935/live/mp3:PBS/playlist.m3u8
山东交通广播,https://satellitepull.cnr.cn/live/wxsdjtgb/playlist.m3u8
山东经典广播,https://satellitepull.cnr.cn/live/wxsdshxxgb/playlist.m3u8
山东经济广播,https://satellitepull.cnr.cn/live/wxsdjjgb/playlist.m3u8
山东体育休闲广播,https://satellitepull.cnr.cn/live/wxsdtyxxgb/playlist.m3u8
陕西都市广播•陕广新闻,https://satellitepull.cnr.cn/live/wxsxxdsgb/playlist.m3u8
陕西广播,https://satellitepull.cnr.cn/live/wxsxxyygb/playlist.m3u8
陕西交通广播,https://satellitepull.cnr.cn/live/wxsxxjtgb/playlist.m3u8
陕西经济广播•896汽车调频,https://satellitepull.cnr.cn/live/wxsxxjjgb/playlist.m3u8
陕西农村广播,https://satellitepull.cnr.cn/live/wxsxxncgb/playlist.m3u8
陕西青少广播•好听1055,https://satellitepull.cnr.cn/live/wxsxxqcgb/playlist.m3u8
陕西戏曲广播,https://satellitepull.cnr.cn/live/wxsxxxqgb/playlist.m3u8
陕西新闻广播,https://satellitepull.cnr.cn/live/wxsxxxwgb/playlist.m3u8
上海第一财经广播,https://satellitepull.cnr.cn/live/wx32dycjgb/playlist.m3u8
上海动感101,http://ls.qingting.fm/live/274.m3u8
上海长三角之声,https://satellitepull.cnr.cn/live/wx32dfgbdt/playlist.m3u8
绍兴交通广播,http://live.shaoxing.com.cn/audio/s10001-jt2/index.m3u8
绍兴之声,http://live.shaoxing.com.cn/audio/s10001-xw1/index.m3u8
深圳飞扬971,https://satellitepull.cnr.cn/live/wxszfy971/playlist.m3u8
深圳飞扬音乐台,http://ls.qingting.fm/live/1271.m3u8
私家车999,https://stream.hndt.com/live/sijiache/playlist.m3u8
四川城市之音,https://satellitepull.cnr.cn/live/wxsccszs/playlist.m3u8
四川广播四川之声,https://satellitepull.cnr.cn/live/wxsczhgb/playlist.m3u8
四川交通广播,https://satellitepull.cnr.cn/live/wxscjtgb/playlist.m3u8
四川经济广播,https://satellitepull.cnr.cn/live/wxscjjgb/playlist.m3u8
四川旅游生活广播,https://satellitepull.cnr.cn/live/wxsclyshgb/playlist.m3u8
四川岷江广播,http://ls.qingting.fm/live/1110.m3u8
四川岷江音乐,https://satellitepull.cnr.cn/live/wxscmjyyt/playlist.m3u8
四川私家车广播,https://satellitepull.cnr.cn/live/wxsc925/playlist.m3u8
四川文艺广播,https://satellitepull.cnr.cn/live/wxscwygb/playlist.m3u8
台北广播电台AM1134,https://stream.ginnet.cloud/live0130lo-yfyo/_definst_/am/playlist.m3u8
台北广播电台FM93.1,https://stream.ginnet.cloud/live0130lo-yfyo/_definst_/fm/playlist.m3u8
台北国际小区广播电台,http://live.leanstream.co/ICRTFM-MP3
台湾Lounge Radio音乐电台,http://streaming.radionomy.com/JamendoLounge
台湾古典音乐台,http://59.120.88.155:8000/live.mp3
台中广播电台,http://211.20.119.101:8081
太阳电台,http://211.20.119.102:8081
天津静海区广播•交通广播网,http://starfish.bj.aliyun.001.qingting.fm:8000/jingdianFM1008
天籁古典,http://stream3.hndt.com/now/MdOpB4zP/playlist.m3u8
天籁之音 Hi-Fi Radio,http://play-radio-stream3.hndt.com/now/JxkyN5mR/playlist.m3u8
天籁之音-国风,http://play-radio-stream3.hndt.com/now/UzPxbRaT/playlist.m3u8
维吾尔语广播,http://ngcdn013.cnr.cn/live/wygb/index.m3u8
武汉广播,http://stream.appwuhan.com/yypdzb/sd/live.m3u8
武汉交通广播,http://stream.appwuhan.com/jtpdzb/sd/live.m3u8
武汉经济广播,http://stream.appwuhan.com/cjpdzb/sd/live.m3u8
武汉青少广播•M-radio,http://stream.appwuhan.com/sepdzb/sd/live.m3u8
武汉新闻广播,http://stream.appwuhan.com/xwpdzb/sd/live.m3u8
锡林郭勒汉语广播,https://satellitepull.cnr.cn/live/wx32nmgxlglhygb/playlist.m3u8
心灵音乐馆,http://play-radio-stream3.hndt.com/now/AFqvb0VX/playlist.m3u8
新疆私家车广播,https://satellitepull.cnr.cn/live/wxxjsjcgb/playlist.m3u8
亚洲经典音乐台,http://live.xmcdn.com:80/live/1005/64.m3u8
延边文艺生活广播,https://satellitepull.cnr.cn/live/wxybwyshgb/playlist.m3u8
云南广播,https://satellitepull.cnr.cn/live/wxynyygb/playlist.m3u8
云南国际广播,https://satellitepull.cnr.cn/live/wxynsegb/playlist.m3u8
云南交通之声,https://satellitepull.cnr.cn/live/wxynjtgb/playlist.m3u8
云南教育广播•知道分子频道,https://satellitepull.cnr.cn/live/wxynjygb/playlist.m3u8
云南经济广播•私家车电台,https://satellitepull.cnr.cn/live/wxynjjgb/playlist.m3u8
云南旅游广播•香格里拉之声,https://satellitepull.cnr.cn/live/wxxgllzs/playlist.m3u8
云南民族广播,https://satellitepull.cnr.cn/live/wxynmzgb/playlist.m3u8
云南新闻广播,https://satellitepull.cnr.cn/live/wxynxwgb/playlist.m3u8
长沙城市之声,http://115.238.238.218/zhcs_radio/cszs1017__redirect__20573.m3u8
长沙广播,http://222.186.61.82/zhcs_radio/jjgb886__redirect__20573.m3u8
长沙交通广播,http://115.238.238.218/zhcs_radio/jtgb1061__redirect__20573.m3u8
浙江城市之声,https://satellitepull.cnr.cn/live/wxzjcszs/playlist.m3u8
浙江动听,http://ls.qingting.fm/live/4866.m3u8
浙江交通之声,https://satellitepull.cnr.cn/live/wxzjjtgb/playlist.m3u8
浙江经济广播,https://satellitepull.cnr.cn/live/wxzjjjgb/playlist.m3u8
浙江旅游之声,https://satellitepull.cnr.cn/live/wxzj1045/playlist.m3u8
浙江民生资讯广播,https://satellitepull.cnr.cn/live/wxzjmsgb/playlist.m3u8
浙江音乐调频•动听968,https://satellitepull.cnr.cn/live/wxzj968/playlist.m3u8
浙江之声,https://satellitepull.cnr.cn/live/wxzjzs/playlist.m3u8
正义电台,http://211.20.119.103:8081
中广流行网,http://stream.rcs.revma.com/aw9uqyxy2tzuv
中广新闻网,http://stream.rcs.revma.com/78fm9wyy2tzuv
中广音乐网,http://stream.rcs.revma.com/ks4vsmg3qtzuv
重庆广播,https://satellitepull.cnr.cn/live/wxcqyygb/playlist.m3u8
埋堆堆1,https://yang-1989.eu.org/live/huya/23749096
埋堆堆2,https://yang-1989.eu.org/live/huya/23735126
埋堆堆3,https://yang-1989.eu.org/live/huya/23865152
埋堆堆4,https://yang-1989.eu.org/live/huya/23903196
埋堆堆5,https://yang-1989.eu.org/live/huya/23740156
埋堆堆6,https://yang-1989.eu.org/live/huya/23728660
埋堆堆7,https://yang-1989.eu.org/live/huya/23865058
埋堆堆8,https://yang-1989.eu.org/live/huya/23734183
埋堆堆9,https://yang-1989.eu.org/live/huya/23865036
埋堆堆10,https://yang-1989.eu.org/live/huya/23734246
埋堆堆11,https://yang-1989.eu.org/live/huya/23863796
埋堆堆12,https://yang-1989.eu.org/live/huya/23749083
埋堆堆13,https://yang-1989.eu.org/live/huya/23824164
埋堆堆14,https://yang-1989.eu.org/live/huya/23863804
埋堆堆15,https://yang-1989.eu.org/live/huya/23865142
埋堆堆16,https://yang-1989.eu.org/live/huya/23903183
埋堆堆17,https://yang-1989.eu.org/live/huya/23903130
埋堆堆18,https://yang-1989.eu.org/live/huya/23734169
埋堆堆19,https://yang-1989.eu.org/live/huya/23728674
「动画」茶啊二中,https://yang-1989.eu.org/live/huya/11213191
「解说」大象放映室,https://yang-1989.eu.org/live/huya/21277391
「解说」电视剧,https://yang-1989.eu.org/live/huya/25018873
「解说」电影•1,https://yang-1989.eu.org/live/huya/20289754
「解说」电影•2,https://yang-1989.eu.org/live/huya/24983280
「解说」电影•3,https://yang-1989.eu.org/live/huya/24396428
「解说」动漫•1,https://yang-1989.eu.org/live/huya/19757963
「解说」恐怖电影,https://yang-1989.eu.org/live/huya/23419131
「解说」漫威,https://yang-1989.eu.org/live/huya/17089779
「解说」美剧,https://yang-1989.eu.org/live/huya/20488841
「解说」止戈电影,https://yang-1989.eu.org/live/huya/19863777
「录像」 挨饿德•1,https://yang-1989.eu.org/live/huya/20985858
「录像」 挨饿德•2,https://yang-1989.eu.org/live/huya/17693860
「录像」 互扇巴掌大赛,https://yang-1989.eu.org/live/huya/20072873
「录像」 荒野求生,https://yang-1989.eu.org/live/huya/593667
「录像」 野行者,https://yang-1989.eu.org/live/huya/20072663
「轮播」跳舞,https://yang-1989.eu.org/live/huya/24634408
「轮播」乐高大师赛,https://yang-1989.eu.org/live/huya/26355776
「轮播」国产悬疑,https://yang-1989.eu.org/live/huya/11342395
奥特曼,http://bj.new1cloud.com/bdcdncmn3-inter-71edge-com.new1cloud.com/tslive/c57_lb_210_600_t10/c57_lb_210_600_t10.m3u8?key
「轮播」成龙,http://jxiptv.xn--9kqp7k2rd.com/svip/yy.php?t=34460526
「轮播」电影•1,http://jxiptv.xn--9kqp7k2rd.com/svip/yy.php?t=1353059120
「轮播」哆啦A梦,https://yang-1989.eu.org/live/huya/11601963
「轮播」动漫,http://tc-tct.douyucdn2.cn/dyliveflv1a/206858rtesHKjl.flv?wsAuth=874ec8068853bd13e2fa21a68f258440&token=cpn-androidmpro-0-206858-355488b41ed19088616f37e791a58fcf3679923943a09438&logo=0&expire=0&did=d010b07dcb997ada9934081c873542f0&origin=tct&vhost=play2
「动漫」航海王,https://yang-1989.eu.org/live/huya/16913382
怀旧动画,http://lvbaiducdncmn.inter.iqiyi.com/tslive/c53_lb_86_600_t10/c53_lb_86_600_t10.m3u8?key=0b292c335e5837e943a226d3c381f872a
「轮播」经典小品,http://tc-tct.douyucdn2.cn/dyliveflv3/10153463r0oBSmAG.flv?wsAuth=327f9acf257abce343423d9ca46ef9ae&token=cpn-androidmpro-0-10153463-ee6c60cb51b36154827caa4c2303ce140c03be821c37ac32&logo=0&expire=0&did=d010b07dcb997ada9934081c873542f0&origin=tct&vhost=play3
铠甲勇士,http://bj.new1cloud.com/bdcdncmn3-inter-71edge-com.new1cloud.com/tslive/c53_lb_82_720P_t10/c53_lb_82_720P_t10.m3u8?key
拉拉队集锦,http://111.62.156.15/tx.flv.huya.com/src/1099531627798-1099531627798-85899440409280512-2199063379052-10057-A-0-1.flv?wsSecret=eb319019991a1dbf62b1b50ae3742474&wsTime=6283abbe&u=0&seqid=16527099506830430&ctype=tars_mp&fs=bgct&t=102
林正英•1,http://jxiptv.xn--9kqp7k2rd.com/svip/yy.php?t=1351505899
林正英•2,http://jxiptv.xn--9kqp7k2rd.com/svip/yy.php?t=1353685311
名侦探柯南,http://lvbaiducdncmn.inter.iqiyi.com/tslive/c54_lb_157_600_t10/c54_lb_157_600_t10.m3u8?key=0b292c335e5837e948e91dd5d11efa525
「欧美」电影•1,http://jxiptv.xn--9kqp7k2rd.com/svip/yy.php?t=37988782
七龙珠改,https://yang-1989.eu.org/live/huya/11601966
童年经典,http://lvbaiducdncmn.inter.iqiyi.com/tslive/c57_lb_211_600_t10/c57_lb_211_600_t10.m3u8?key=0f2a06793124310bce6ba95fc0ac76131
香港电影,https://yang-1989.eu.org/live/huya/11602058
樱桃小丸子「中配」,http://zzy789.xyz/bili.php?id=23242774
T-ARA,http://tc-tct.douyucdn2.cn/dyliveflv3/17732rtara.flv?wsAuth=444b28368bc6cf374a8f22734242cdec&token=cpn-androidmpro-0-17732-2c028a7d8b69ac4c6a43608933105351f464f9543343a70c&logo=0&expire=0&did=d010b07dcb997ada9934081c873542f0&origin=tct&vhost=play3
「电影」棉花糖和云朵妈妈,https://newcntv.qcloudcdn.com/asp/hls/1200/0303000a/3/default/d8ad434c6b08421a927557a4d98da65c/1200.m3u8
「电影」熊出没•变形记,https://newcntv.qcloudcdn.com/asp/hls/1200/0303000a/3/default/1733da751de64e6e910abda889d87a26/1200.m3u8
「电影」熊出没•过年,https://newcntv.qcloudcdn.com/asp/hls/1200/0303000a/3/default/7ae265653fe149069c3b53e31caaf060/1200.m3u8
「电影」猪猪侠•英雄猪少年,https://newcntv.qcloudcdn.com/asp/hls/1200/0303000a/3/default/0f03b08bc7b042358144617000fd2931/1200.m3u8
「电影」大卫贝肯•倒霉特工熊,https://newcntv.qcloudcdn.com/asp/hls/1200/0303000a/3/default/87f87ba569c147e3805f80e4844d2de9/1200.m3u8
「电影」昆塔•反转星球,https://newcntv.qcloudcdn.com/asp/hls/1200/0303000a/3/default/3ccdecc7d6e341c1920ad4eac5d82f38/1200.m3u8
宝宝巴士,http://bj.new1cloud.com/bdcdncmn3-inter-71edge-com.new1cloud.com/tslive/c55_lb_153_720P_t10/c55_lb_153_720P_t10.m3u8?key
宝宝课堂,http://aliyuncdnct.inter.ptqy.gitv.tv/tslive/c57_lb_225_600_t10/c57_lb_225_600_t10.m3u8?key
贝瓦儿歌,http://aliyuncdnct.inter.ptqy.gitv.tv/tslive/c56_lb_188_600_t10/c56_lb_188_600_t10.m3u8?key
成都大熊猫繁育研究基地,https://gcwbcdtxy.liveplay.myqcloud.com/gcwbcd/cdrmipanda_1/index.m3u8
漫画说历史,https://yang-1989.eu.org/live/huya/20985824
「轮播」二次猿动画,http://tc-tct.douyucdn2.cn/dyliveflv1a/206858rtesHKjl.flv?wsAuth=9eaefce6cc13570baaeff857204a4d5c&token=cpn-androidmpro-0-206858-355488b41ed19088c77925a51949944b3aeedf4a96fd30f8&logo=0&expire=0&did=d010b07dcb997ada9934081c873542f0&origin=tct&vhost=play2
喜仔的动画世界,https://yang-1989.eu.org/live/huya/20036751
「CA」 CA,https://rcavlive.akamaized.net/hls/live/704025/xcanrdi/master.m3u8
「CA」 CanadaOne,http://cdn8.live247stream.com/canadaone/tv/playlist.m3u8
「CA」 TheShoppingChannel,http://tscstreaming-lh.akamaihd.net/i/TSCLiveStreaming_1@91031/master.m3u8
「DE」 Baden TV,http://badentv-stream2.siebnich.info/rtplive/btv.stream/live.m3u8
「KH」 Bayon TV,http://203.176.130.123:8989/live/bayontv1_480k.stream/playlist.m3u8?zshijd
「KH」NATIONAL GEOGRAPHIC,http://admdn2.cdn.mangomolo.com/nagtv/smil:nagtv.stream.smil/chunklist_b1800000_t64NzIwcA==.m3u8
「KH」 Persiana Comedy,http://51.210.199.27/hls/stream.m3u8
「KH」 Persiana Documentary,http://51.210.199.23/hls/stream.m3u8
「KH」 Persiana Family,http://51.210.199.19/hls/stream.m3u8
「KH」 Persiana Music,http://51.210.199.24/hls/stream.m3u8
「KH」 Persiana Nostalgia,http://51.210.199.20/hls/stream.m3u8
「KH」 Persiana Iranian,http://51.210.199.22/hls/stream.m3u8
「KH」 TVR,https://streamtv.cdn.dvmr.fr/TVR/ngrp:tvr.stream_all/master.m3u8
「KH」France 24,http://58.99.33.16:1935/liveedge17/live_156_3.stream/chunklist.m3u8
「QA」半岛新闻「英文」,https://live-hls-aje-ak.getaj.net/AJE/01.m3u8?zshijd
「QA」半岛新闻「英语」,https://live-hls-web-aje.getaj.net/AJE/02.m3u8?zshijdp
「QA」半岛新闻「阿拉伯」,http://live-hls-web-aja.getaj.net/AJA/02.m3u8?zshijd
「RU」 ALKORQAPLUS,http://32.shqiptv.org/korca/albplus/index.m3u8
「RU」 GITV,http://hls-igi.cdnvideo.ru/igi/igi_hq/playlist.m3u8?zshijd
「RU」 TivikomUlan-Udje,http://tvcom.stream.intelema.ru/tvcom/studio/index.m3u8
「RU」 TVBRICS(ENG),http://brics.bonus-tv.ru/cdn/brics/english/tracks-v1a1/index.m3u8
「RU」 Орск,http://infochhdcdn.trkeurasia.ru/orsk-infochhd/infochhd/playlist.m3u8
「RU」 Самара,http://live.guberniatv.cdnvideo.ru/guberniatv/guberniatv.sdp/playlist.m3u8
「SG」亚洲新闻,http://d2e1asnsl7br7b.cloudfront.net/7782e205e72f43aeb4a48ec97f66ebbe/index_5.m3u8?zshijd
「SG」亚洲新闻,http://d2e1asnsl7br7b.cloudfront.net/7782e205e72f43aeb4a48ec97f66ebbe/index_4.m3u8?zshijd
「TU」TRT World,https://tv-trtworld.live.trt.com.tr/master.m3u8
「US」 Bloomberg TV+2,https://liveprodusphoenixeast.akamaized.net/USPhx-HD/Channel-TX-USPhx-AWS-virginia-1/Source-USPhx-16k-1-s6lk2-BP-07-02-81ykIWnsMsg_live.m3u8?zshijd
「US」 BloombergTV+ 4K,https://bloomberg-bloombergtv-1-gb.samsung.wurl.com/manifest/playlist.m3u8
「US」 BloombergTV+ 4K,https://bloomberg-bloombergtv-1-fr.samsung.wurl.com/manifest/playlist.m3u8
「US」 BloombergTV+2,https://liveprodusphoenixeast.akamaized.net/USPhx-HD/Channel-TX-USPhx-AWS-virginia-1/Source-USPhx-16k-1-s6lk2-BP-07-02-81ykIWnsMsg_live.m3u8
「US」 MovieKingdom,https://a.jsrdn.com/broadcast/e9b4093a41/%2B0000/high/c.m3u8
「US」 Newsma xTV,http://nmxlive.akamaized.net/hls/live/529965/Live_1/index.m3u8
「US」 PBSAmerica,https://pbs-samsunguk.amagi.tv/playlist.m3u8
「US」 Retro TV,http://592f16fa90d9b.streamlock.net/retrotv/smil:retrotv2.smil/chunklist.m3u8
「US」 WOW TV,http://cdn.elsalvadordigital.com:1935/wowtv/wowtv/playlist.m3u8
「US」*News max「新闻」,http://nmxlive.akamaized.net/hls/live/529965/Live_1/index_720.m3u8
半岛新闻「阿拉伯」,http://live-hls-web-aja.getaj.net/AJA/02.m3u8
朝鲜中央台,http://119.77.96.184:1935/chn05/chn05/chunklist_w644291506.m3u8
俄罗斯中文,http://brics.bonus-tv.ru/cdn/brics/chinese/tracks-v1a1/index.m3u8
美国中文电视,https://jpts.sinovision.net/livestream.m3u8
BBC America,https://uni8rtmp.tulix.tv/cfntv/cfntv/playlist.m3u8
Bloomberg News Asia,https://www.bloomberg.com/media-manifest/streams/asia.m3u8
Bloomberg TV Asia Live Event,https://www.bloomberg.com/media-manifest/streams/asia-event.m3u8
CNN,http://ip2121.com:8081/live/cnn/playlist.m3u8
DCCouncilChannel.htm,http://video.oct.dc.gov/out/u/15_12.m3u8
RT News,https://rt-glb.rttv.com/live/rtnews/playlist.m3u8
MTN,http://moneytoday1.ktcdn.co.kr:1935/mtnlive/720/playlist.m3u8
Job Plus TV,http://live.worktv.or.kr:1935/live/wowtvlive1.sdp/playlist.m3u8
Arirang 阿里郎,http://amdlive-ch01.ctnd.com.edgesuite.net:80/arirang_1ch/smil:arirang_1ch.smil/chunklist_b2256000_sleng.m3u8
KBS 1,http://ye23.vip/z7z8/2021/kbs2020.php?id=1
KBS 2,http://ye23.vip/z7z8/2021/kbs2020.php?id=2
BBS 불교 방송,http://bbstv.clouducs.com:1935/bbstv-live/livestream/chunklist.m3u8
CJ OnStyle,https://live-ch1.cjonstyle.net/cjmalllive/stream2/playlist.m3u8
CJ OnStyle Plus,https://live-ch2.cjonstyle.net/cjosplus/live2/playlist.m3u8
CTS 基督教기독교TV,https://d34t5yjz1ooymj.cloudfront.net/out/v1/875039d5eba0478fa8375a06b3aa5a37/index.m3u8
EBS+ 1,http://ebsonairios.ebs.co.kr/plus1tablet500k/tablet500k/plus1tablet500k.index.m3u8
EBS+ 2,http://ebsonairios.ebs.co.kr/plus2tablet500k/tablet500k/plus2tablet500k.index.m3u8
EBS 1,http://ebsonairios.ebs.co.kr/groundwavetablet500k/tablet500k/playlist.m3u8?zshijd
EBS 2,http://ebsonairios.ebs.co.kr/ebs2tablet500k/tablet500k/ebs2tablet500k.index.m3u8?zshijd
EBS 키즈,http://ebsonairios.ebs.co.kr/ebsutablet500k/_definst_/tablet500k/chunklist_w1965791004.m3u8?zshijd
Job Plus tv,http://live.worktv.or.kr:1935/live/wowtvlive1.sdp/playlist.m3u8?zshijd
GS Shop,https://gstv-gsshop.gsshop.com/gsshop_hd/gsshop_hd.stream/playlist.m3u8
Gugak TV,http://mgugaklive.nowcdn.co.kr/gugakvideo/gugakvideo.stream/playlist.m3u8
KBC SBS 综艺,http://119.200.131.11:1935/KBCTV/tv/playlist.m3u8
KBS Drama,http://mytv.dothome.co.kr/ch/catv/2.php
KBS Joy,http://mytv.dothome.co.kr/ch/catv/3.php
KBS Kids,http://mytv.dothome.co.kr/ch/catv/6.php
KBS LIFE,http://mytv.dothome.co.kr/ch/catv/5.php
KBS LiveCam DokDo,http://kbs-dokdo.gscdn.com/dokdo_300/dokdo_300.stream/playlist.m3u8
KBS Story,http://mytv.dothome.co.kr/ch/catv/4.php
KBS World,https://kbsworld-ott.akamaized.net/hls/live/2002341/kbsworld/01.m3u8
KCTV 광주,http://119.77.96.184:1935/chn05/chn05/chunklist_w1306745753.m3u8
Korea TV,https://hlive.ktv.go.kr/live/klive_h.stream/playlist.m3u8
KShopping,https://fhs8036.bd-61.ktcdn.co.kr/klive/smil:klive.smil/playlist.m3u8
MBC,http://123.254.72.24:1935/tvlive/livestream2/playlist.m3u8
MBC,http://vod.mpmbc.co.kr:1935/live/encoder-tv/playlist.m3u8
NBS,https://media.joycorp.co.kr:4443/live/live_720p/playlist.m3u8
SBS,http://1.222.207.80:1935/live/cjbtv/chunklist_w1357270949.m3u8
TBS Seoul,https://cdntv.tbs.seoul.kr/tbs/tbs_tv_web.smil/playlist.m3u8
국방国防TV,http://mediaworks.dema.mil.kr:1935/live_edge/cudo.sdp/playlist.m3u8
NHK World Japan,https://nhkwlive-ojp.akamaized.net/hls/live/2003459/nhkwlive-ojp-en/index_4M.m3u8
日本テレビ,https://movie.mcas.jp/switcher/smil:mcas8.smil/chunklist_b1800000.m3u8
日テレNEWS24,https://n24-cdn-live.ntv.co.jp/ch01/index.m3u8
Weather News,https://movie.mcas.jp/mcas/wn1_2/master.m3u8
QVC Japan,https://cdn-live1.qvc.jp/iPhone/1501/1501.m3u8
Shop Channel,http://stream1.shopch.jp/HLS/out2/prog_index.m3u8
Tokyo MX 1,https://movie.mcas.jp/mcas/mx1_2/chunklist.m3u8
Tokyo MX 2,https://movie.mcas.jp/mcas/mx2_2/chunklist.m3u8
J SPORTS 1,https://stream01.willfonk.com/live_playlist.m3u8?cid=BS242&r=FHD&ccode=JP&m=d0:20:20:04:35:cc&t=0d6938cb3dcf4b79848bc1753a59daf1
J SPORTS 2,https://stream01.willfonk.com/live_playlist.m3u8?cid=BS243&r=FHD&ccode=JP&m=d0:20:20:04:35:cc&t=0d6938cb3dcf4b79848bc1753a59daf1
J SPORTS 3,https://stream01.willfonk.com/live_playlist.m3u8?cid=BS244&r=FHD&ccode=JP&m=d0:20:20:04:35:cc&t=0d6938cb3dcf4b79848bc1753a59daf1
J Sports 4,https://stream01.willfonk.com/live_playlist.m3u8?cid=BS245&r=FHD&ccode=JP&m=d0:20:20:04:35:cc&t=0d6938cb3dcf4b79848bc1753a59daf1
釣りビジョン,https://stream01.willfonk.com/live_playlist.m3u8?cid=BS251&r=FHD&ccode=JP&m=d0:20:20:04:35:cc&t=0d6938cb3dcf4b79848bc1753a59daf1
東映チャンネル,https://stream01.willfonk.com/live_playlist.m3u8?cid=CS218&r=FHD&ccode=JP&m=d0:20:20:04:35:cc&t=0d6938cb3dcf4b79848bc1753a59daf1
歌謡ポップスチャンネル,https://stream01.willfonk.com/live_playlist.m3u8?cid=CS329&r=FHD&ccode=JP&m=d0:20:20:04:35:cc&t=0d6938cb3dcf4b79848bc1753a59daf1
日本映画専門チャンネル,https://stream01.willfonk.com/live_playlist.m3u8?cid=BS255&r=FHD&ccode=JP&m=d0:20:20:04:35:cc&t=0d6938cb3dcf4b79848bc1753a59daf1
チャンネル銀河,https://stream01.willfonk.com/live_playlist.m3u8?cid=CS305&r=FHD&ccode=JP&m=d0:20:20:04:35:cc&t=0d6938cb3dcf4b79848bc1753a59daf1
チャンネルNECO,https://stream01.willfonk.com/live_playlist.m3u8?cid=CS223&r=FHD&ccode=JP&m=d0:20:20:04:35:cc&t=0d6938cb3dcf4b79848bc1753a59daf1
テレビ朝日,https://stream01.willfonk.com/live_playlist.m3u8?cid=BS295&r=FHD&ccode=JP&m=d0:20:20:04:35:cc&t=0d6938cb3dcf4b79848bc1753a59daf1
テレビ東京,https://stream01.willfonk.com/live_playlist.m3u8?cid=BS297&r=FHD&ccode=JP&m=d0:20:20:04:35:cc&t=0d6938cb3dcf4b79848bc1753a59daf1
ファミリー劇場,https://stream01.willfonk.com/live_playlist.m3u8?cid=CS293&r=FHD&ccode=JP&m=d0:20:20:04:35:cc&t=0d6938cb3dcf4b79848bc1753a59daf1
フジテレビ,https://stream01.willfonk.com/live_playlist.m3u8?cid=BS298&r=FHD&ccode=JP&m=d0:20:20:04:35:cc&t=0d6938cb3dcf4b79848bc1753a59daf1
ホームドラマチャンネル,https://stream01.willfonk.com/live_playlist.m3u8?cid=CS294&r=FHD&ccode=JP&m=d0:20:20:04:35:cc&t=0d6938cb3dcf4b79848bc1753a59daf1
ムービープラス,https://stream01.willfonk.com/live_playlist.m3u8?cid=CS240&r=FHD&ccode=JP&m=d0:20:20:04:35:cc&t=0d6938cb3dcf4b79848bc1753a59daf1
日本テレビ,https://stream01.willfonk.com/live_playlist.m3u8?cid=BS294&r=FHD&ccode=JP&m=d0:20:20:04:35:cc&t=0d6938cb3dcf4b79848bc1753a59daf1
日テレNEWS24,https://stream01.willfonk.com/live_playlist.m3u8?cid=CS349&r=FHD&ccode=JP&m=d0:20:20:04:35:cc&t=0d6938cb3dcf4b79848bc1753a59daf1
日テレジータス,https://stream01.willfonk.com/live_playlist.m3u8?cid=CS257&r=FHD&ccode=JP&m=d0:20:20:04:35:cc&t=0d6938cb3dcf4b79848bc1753a59daf1
時代劇専門チャンネル,https://stream01.willfonk.com/live_playlist.m3u8?cid=CS292&r=FHD&ccode=JP&m=d0:20:20:04:35:cc&t=0d6938cb3dcf4b79848bc1753a59daf1
囲碁?将棋チャンネル,https://stream01.willfonk.com/live_playlist.m3u8?cid=CS363&r=FHD&ccode=JP&m=d0:20:20:04:35:cc&t=0d6938cb3dcf4b79848bc1753a59daf1
BSアニマックス,https://stream01.willfonk.com/live_playlist.m3u8?cid=BS236&r=FHD&ccode=JP&m=d0:20:20:04:35:cc&t=0d6938cb3dcf4b79848bc1753a59daf1
BSテレ東,https://stream01.willfonk.com/live_playlist.m3u8?cid=BS171&r=FHD&ccode=JP&m=d0:20:20:04:35:cc&t=0d6938cb3dcf4b79848bc1753a59daf1
GAORA,https://stream01.willfonk.com/live_playlist.m3u8?cid=CS254&r=FHD&ccode=JP&m=d0:20:20:04:35:cc&t=0d6938cb3dcf4b79848bc1753a59daf1
LaLaTV,https://stream01.willfonk.com/live_playlist.m3u8?cid=CS314&r=FHD&ccode=JP&m=d0:20:20:04:35:cc&t=0d6938cb3dcf4b79848bc1753a59daf1
NHK BS1,https://stream01.willfonk.com/live_playlist.m3u8?cid=BS101&r=FHD&ccode=JP&m=d0:20:20:04:35:cc&t=0d6938cb3dcf4b79848bc1753a59daf1
NHK教育,https://stream01.willfonk.com/live_playlist.m3u8?cid=BS292&r=FHD&ccode=JP&m=d0:20:20:04:35:cc&t=0d6938cb3dcf4b79848bc1753a59daf1
NHK総合,https://stream01.willfonk.com/live_playlist.m3u8?cid=BS291&r=FHD&ccode=JP&m=d0:20:20:04:35:cc&t=0d6938cb3dcf4b79848bc1753a59daf1
WOWOWシネマ,https://stream01.willfonk.com/live_playlist.m3u8?cid=BS193&r=FHD&ccode=JP&m=d0:20:20:04:35:cc&t=0d6938cb3dcf4b79848bc1753a59daf1
WOWOWプライム,https://stream01.willfonk.com/live_playlist.m3u8?cid=BS191&r=FHD&ccode=JP&m=d0:20:20:04:35:cc&t=0d6938cb3dcf4b79848bc1753a59daf1
WOWOWライブ,https://stream01.willfonk.com/live_playlist.m3u8?cid=BS192&r=FHD&ccode=JP&m=d0:20:20:04:35:cc&t=0d6938cb3dcf4b79848bc1753a59daf1
キッズステーション,https://stream01.willfonk.com/live_playlist.m3u8?cid=CS330&r=FHD&ccode=JP&m=d0:20:20:04:35:cc&t=0d6938cb3dcf4b79848bc1753a59daf1
ゴルフネットワーク,https://stream01.willfonk.com/live_playlist.m3u8?cid=CS262&r=FHD&ccode=JP&m=d0:20:20:04:35:cc&t=0d6938cb3dcf4b79848bc1753a59daf1
スーパー!ドラマTV,https://stream01.willfonk.com/live_playlist.m3u8?cid=CS310&r=FHD&ccode=JP&m=d0:20:20:04:35:cc&t=0d6938cb3dcf4b79848bc1753a59daf1
スカイA,https://stream01.willfonk.com/live_playlist.m3u8?cid=CS250&r=FHD&ccode=JP&m=d0:20:20:04:35:cc&t=0d6938cb3dcf4b79848bc1753a59daf1
スターチャンネル1,https://stream01.willfonk.com/live_playlist.m3u8?cid=BS200&r=FHD&ccode=JP&m=d0:20:20:04:35:cc&t=0d6938cb3dcf4b79848bc1753a59daf1
スターチャンネル2,https://stream01.willfonk.com/live_playlist.m3u8?cid=BS201&r=FHD&ccode=JP&m=d0:20:20:04:35:cc&t=0d6938cb3dcf4b79848bc1753a59daf1
スターチャンネル3,https://stream01.willfonk.com/live_playlist.m3u8?cid=BS202&r=FHD&ccode=JP&m=d0:20:20:04:35:cc&t=0d6938cb3dcf4b79848bc1753a59daf1
「韩」DJ Soda Remix 2021,https://vd3.bdstatic.com/mda-mev3hw0htz28h5wn/1080p/cae_h264/1622343504467773766/mda-mev3hw0htz28h5wn.mp4
「韩」佳仁-ParadiseLost,https://15799848.s21v.faiusr.com/58/ABUIABA6GAAgy9j64wUogPOGEQ.mp4
「韩」僵尸舞,https://15799848.s21v.faiusr.com/58/ABUIABA6GAAgw5Cv4gUoiZqZ4wE.mp4
「韩」朴孝敏–SKETCH,https://15799848.s21v.faiusr.com/58/ABUIABA6GAAguq6r7gUouOyF4gE.mp4
「韩」金泫雅1,https://15799848.s21v.faiusr.com/58/ABUIABA6GAAgyt_s4gUolOCslAQ.mp4
「韩」Alan Walker-feat,https://15799848.s21v.faiusr.com/58/ABUIABA6GAAg9qiM5gUo-tns8Qc.mp4
「韩」AOA - Excuse Me,https://15799848.s21v.faiusr.com/58/ABUIABA6GAAgmozg7AUolaeS8gU.mp4
「韩」AOA - Like A Cat,https://15799848.s21v.faiusr.com/58/ABUIABA6GAAgtfm95QUok8Wu6AQ.mp4
「韩」Areia Kpop Remix,https://15799848.s21v.faiusr.com/58/ABUIABA6GAAg____4gUopsLtrQQ.mp4
「韩」DalShabet,https://15799848.s21v.faiusr.com/58/ABUIABA6GAAg3fq95QUoisPxpAM.mp4
「韩」DavidJones,https://15799848.s21v.faiusr.com/58/ABUIABA6GAAg-vqa4gUotM7X6wc.mp4
「韩」EXID-UP&DOWN,https://15799848.s21v.faiusr.com/58/ABUIABA6GAAgzMnG4gUoroOQgQU.mp4
「韩」Four Ladies-Move,https://15799848.s21v.faiusr.com/58/ABUIABA6GAAg85Do5QUow-P-wwI.mp4
「韩」School-初恋,https://15799848.s21v.faiusr.com/58/ABUIABA6GAAgn-a24gUouMCswQY.mp4
「韩」School-Flashback,https://15799848.s21v.faiusr.com/58/ABUIABA6GAAg_PSc4gUoxOLZ3AM.mp4
「韩」Stellar-Vibrato,https://15799848.s21v.faiusr.com/58/ABUIABA6GAAg_O_-4gUo257EIg.mp4
「韩」StickySticky,https://15799848.s21v.faiusr.com/58/ABUIABA6GAAgnIS24gUoptqYDQ.mp4
「韩」TroubleMaker,https://15799848.s21v.faiusr.com/58/ABUIABA6GAAg2fWv4gUo9JT7DQ.mp4
「韩」TroubleMaker-Now,https://15799848.s21v.faiusr.com/58/ABUIABA6GAAgvue_4gUomZa1kQU.mp4
「韩」1,https://cloud.video.taobao.com//play/u/57349687/p/1/e/6/t/1/240095359203.mp4
「韩」2,https://cloud.video.taobao.com//play/u/57349687/p/1/e/6/t/1/239978750464.mp4
「韩」3,https://cloud.video.taobao.com//play/u/57349687/p/1/e/6/t/1/239858729476.mp4
「韩」4,https://cloud.video.taobao.com//play/u/57349687/p/1/e/6/t/1/239755956819.mp4
「韩」5,https://cloud.video.taobao.com//play/u/57349687/p/1/e/6/t/1/239987758613.mp4
「韩」6,https://cloud.video.taobao.com//play/u/57349687/p/1/e/6/t/1/239880949246.mp4
「韩」7,https://cloud.video.taobao.com//play/u/57349687/p/1/e/6/t/1/239903717006.mp4
「韩」8,https://cloud.video.taobao.com//play/u/57349687/p/1/e/6/t/1/239903321355.mp4
「韩」9,https://cloud.video.taobao.com//play/u/57349687/p/1/e/6/t/1/239799872402.mp4
「韩」10,https://cloud.video.taobao.com//play/u/57349687/p/1/e/6/t/1/239799088974.mp4
「韩」11,https://cloud.video.taobao.com//play/u/57349687/p/1/e/6/t/1/240024786285.mp4
「韩」12,https://cloud.video.taobao.com//play/u/57349687/p/1/e/6/t/1/240142715042.mp4
「韩」13,https://cloud.video.taobao.com//play/u/57349687/p/1/e/6/t/1/240025046562.mp4
「韩」14,https://cloud.video.taobao.com//play/u/57349687/p/1/e/6/t/1/240145171654.mp4
「韩」15,https://cloud.video.taobao.com//play/u/57349687/p/1/e/6/t/1/240147051191.mp4
「韩」16,https://cloud.video.taobao.com//play/u/57349687/p/1/e/6/t/1/239805200933.mp4
「韩」17,https://cloud.video.taobao.com//play/u/57349687/p/1/e/6/t/1/239910253332.mp4
「韩」18,https://cloud.video.taobao.com//play/u/57349687/p/1/e/6/t/1/239806164759.mp4
「韩」19,https://cloud.video.taobao.com//play/u/57349687/p/1/e/6/t/1/239807872136.mp4
「韩」20,https://cloud.video.taobao.com//play/u/57349687/p/1/e/6/t/1/240032526123.mp4
「韩」21,https://cloud.video.taobao.com//play/u/57349687/p/1/e/6/t/1/239808028600.mp4
「韩」22,https://cloud.video.taobao.com//play/u/57349687/p/1/e/6/t/1/240031614983.mp4
「韩」23,https://cloud.video.taobao.com//play/u/57349687/p/1/e/6/t/1/240150331617.mp4
「韩」24,https://cloud.video.taobao.com//play/u/57349687/p/1/e/6/t/1/239809100782.mp4
「韩」25,https://cloud.video.taobao.com//play/u/57349687/p/1/e/6/t/1/240151167718.mp4
「韩」26,https://cloud.video.taobao.com//play/u/57349687/p/1/e/6/t/1/240033362815.mp4
「韩」27,https://cloud.video.taobao.com//play/u/57349687/p/1/e/6/t/1/240151167938.mp4
「韩」28,https://cloud.video.taobao.com//play/u/57349687/p/1/e/6/t/1/240035466345.mp4
「韩」29,https://cloud.video.taobao.com//play/u/57349687/p/1/e/6/t/1/239811800375.mp4
「韩」30,https://cloud.video.taobao.com//play/u/57349687/p/1/e/6/t/1/239916285148.mp4
「韩」31,https://cloud.video.taobao.com//play/u/57349687/p/1/e/6/t/1/239927589941.mp4
「韩」32,https://cloud.video.taobao.com//play/u/57349687/p/1/e/6/t/1/239931661209.mp4
「韩」33,https://cloud.video.taobao.com//play/u/57349687/p/1/e/6/t/1/240171579858.mp4
「韩」34,https://cloud.video.taobao.com//play/u/57349687/p/1/e/6/t/1/239831144046.mp4
「韩」35,https://cloud.video.taobao.com//play/u/57349687/p/1/e/6/t/1/240056530470.mp4
「韩」36,https://cloud.video.taobao.com//play/u/57349687/p/1/e/6/t/1/239832040344.mp4
「韩」37,https://cloud.video.taobao.com//play/u/57349687/p/1/e/6/t/1/240173879894.mp4
「韩」38,https://cloud.video.taobao.com//play/u/57349687/p/1/e/6/t/1/240057078179.mp4
「韩」39,https://cloud.video.taobao.com//play/u/57349687/p/1/e/6/t/1/239936685999.mp4
「韩」40,https://cloud.video.taobao.com//play/u/57349687/p/1/e/6/t/1/240059018784.mp4
「韩」41,https://cloud.video.taobao.com//play/u/57349687/p/1/e/6/t/1/239834324813.mp4
「韩」42,https://cloud.video.taobao.com//play/u/57349687/p/1/e/6/t/1/239834716201.mp4
「韩」43,https://cloud.video.taobao.com//play/u/57349687/p/1/e/6/t/1/239837532125.mp4
「韩」44,https://cloud.video.taobao.com//play/u/57349687/p/1/e/6/t/1/240179867562.mp4
「韩」45,https://cloud.video.taobao.com//play/u/57349687/p/1/e/6/t/1/240063650207.mp4
「韩」46,https://cloud.video.taobao.com//play/u/57349687/p/1/e/6/t/1/240181243061.mp4
「韩」47,https://cloud.video.taobao.com//play/u/57349687/p/1/e/6/t/1/240181363115.mp4
「韩」48,https://cloud.video.taobao.com//play/u/57349687/p/1/e/6/t/1/239944465251.mp4
「韩」49,https://cloud.video.taobao.com//play/u/57349687/p/1/e/6/t/1/240065122134.mp4
「韩」50,https://cloud.video.taobao.com//play/u/57349687/p/1/e/6/t/1/239840536452.mp4
「韩」51,https://cloud.video.taobao.com//play/u/57349687/p/1/e/6/t/1/240065838644.mp4
「韩」52,https://cloud.video.taobao.com//play/u/57349687/p/1/e/6/t/1/239945877111.mp4
「韩」53,https://cloud.video.taobao.com//play/u/57349687/p/1/e/6/t/1/240184339138.mp4
「韩」54,https://cloud.video.taobao.com//play/u/57349687/p/1/e/6/t/1/239842640589.mp4
「韩」55,https://cloud.video.taobao.com//play/u/57349687/p/1/e/6/t/1/240186067562.mp4
「韩」56,https://cloud.video.taobao.com//play/u/57349687/p/1/e/6/t/1/240187071401.mp4
「韩」57,https://cloud.video.taobao.com//play/u/57349687/p/1/e/6/t/1/240069974546.mp4
「韩」58,https://cloud.video.taobao.com//play/u/57349687/p/1/e/6/t/1/240070346911.mp4
「韩」59,https://cloud.video.taobao.com//play/u/57349687/p/1/e/6/t/1/240070818783.mp4
「韩」60,https://cloud.video.taobao.com//play/u/57349687/p/1/e/6/t/1/239846692034.mp4
「韩」61,https://cloud.video.taobao.com//play/u/57349687/p/1/e/6/t/1/239951329234.mp4
「韩」62,https://cloud.video.taobao.com//play/u/57349687/p/1/e/6/t/1/240191295627.mp4
「韩」63,https://cloud.video.taobao.com//play/u/57349687/p/1/e/6/t/1/240026585459.mp4
「韩」64,https://cloud.video.taobao.com//play/u/57349687/p/1/e/6/t/1/240192067467.mp4
「韩」65,https://cloud.video.taobao.com//play/u/57349687/p/1/e/6/t/1/239911732892.mp4
「韩」66,https://cloud.video.taobao.com//play/u/57349687/p/1/e/6/t/1/240196491782.mp4
「韩」67,https://cloud.video.taobao.com//play/u/57349687/p/1/e/6/t/1/239960909980.mp4
「韩」68,https://cloud.video.taobao.com//play/u/57349687/p/1/e/6/t/1/240017737344.mp4
「韩」69,https://cloud.video.taobao.com//play/u/57349687/p/1/e/6/t/1/240202339353.mp4
「韩」70,https://cloud.video.taobao.com//play/u/57349687/p/1/e/6/t/1/240203243765.mp4
「韩」71,https://cloud.video.taobao.com//play/u/57349687/p/1/e/6/t/1/240205555546.mp4
「韩」72,https://cloud.video.taobao.com//play/u/57349687/p/1/e/6/t/1/239983417489.mp4
「韩」74,https://cloud.video.taobao.com//play/u/57349687/p/1/e/6/t/1/240221687198.mp4
「韩」75,https://cloud.video.taobao.com//play/u/57349687/p/1/e/6/t/1/240222023079.mp4
「韩」76,https://cloud.video.taobao.com//play/u/57349687/p/1/e/6/t/1/240107150280.mp4
「韩」77,https://cloud.video.taobao.com//play/u/57349687/p/1/e/6/t/1/240224523227.mp4
「韩」78,https://cloud.video.taobao.com//play/u/57349687/p/1/e/6/t/1/239987569147.mp4
「韩」79,https://cloud.video.taobao.com//play/u/57349687/p/1/e/6/t/1/240225803033.mp4
「韩」80,https://cloud.video.taobao.com//play/u/57349687/p/1/e/6/t/1/239989445779.mp4
「韩」81,https://cloud.video.taobao.com//play/u/57349687/p/1/e/6/t/1/240229579224.mp4
「韩」82,https://cloud.video.taobao.com//play/u/57349687/p/1/e/6/t/1/239993533054.mp4
「韩」83,https://cloud.video.taobao.com//play/u/57349687/p/1/e/6/t/1/239994225085.mp4
「韩」84,https://cloud.video.taobao.com//play/u/57349687/p/1/e/6/t/1/239994741288.mp4
「韩」85,https://cloud.video.taobao.com//play/u/57349687/p/1/e/6/t/1/239995197198.mp4
「韩」86,https://cloud.video.taobao.com//play/u/57349687/p/1/e/6/t/1/240232939168.mp4
「韩」87,https://cloud.video.taobao.com//play/u/57349687/p/1/e/6/t/1/239890536417.mp4
「韩」88,https://cloud.video.taobao.com//play/u/57349687/p/1/e/6/t/1/239890568711.mp4
「韩」89,https://cloud.video.taobao.com//play/u/57349687/p/1/e/6/t/1/240233783820.mp4
「韩」90,https://cloud.video.taobao.com//play/u/57349687/p/1/e/6/t/1/239894180409.mp4
「韩」92,https://cloud.video.taobao.com//play/u/57349687/p/1/e/6/t/1/239895496483.mp4
「韩」93,https://cloud.video.taobao.com//play/u/57349687/p/1/e/6/t/1/240119938989.mp4
「韩」94,https://cloud.video.taobao.com//play/u/57349687/p/1/e/6/t/1/240002397273.mp4
「韩」95,https://cloud.video.taobao.com//play/u/57349687/p/1/e/6/t/1/240241527208.mp4
「韩」96,https://cloud.video.taobao.com//play/u/57349687/p/1/e/6/t/1/239899840062.mp4
「韩」97,https://cloud.video.taobao.com//play/u/57349687/p/1/e/6/t/1/240243499351.mp4
「韩」98,https://cloud.video.taobao.com//play/u/57349687/p/1/e/6/t/1/240127638122.mp4
「韩」99,https://cloud.video.taobao.com//play/u/57349687/p/1/e/6/t/1/240030505796.mp4
「韩」100,https://cloud.video.taobao.com//play/u/57349687/p/1/e/6/t/1/240245283772.mp4
「韩」101,https://cloud.video.taobao.com//play/u/57349687/p/1/e/6/t/1/240247623420.mp4
「韩」102,https://cloud.video.taobao.com//play/u/57349687/p/1/e/6/t/1/240043672242.mp4
「韩」103,https://cloud.video.taobao.com//play/u/57349687/p/1/e/6/t/1/240339124000.mp4
「韩」104,https://cloud.video.taobao.com//play/u/57349687/p/1/e/6/t/1/240221702622.mp4
「韩」105,https://cloud.video.taobao.com//play/u/57349687/p/1/e/6/t/1/239993732827.mp4
「韩」106,https://cloud.video.taobao.com//play/u/57349687/p/1/e/6/t/1/239994460907.mp4
「韩」107,https://cloud.video.taobao.com//play/u/57349687/p/1/e/6/t/1/240340899550.mp4
「韩」108,https://cloud.video.taobao.com//play/u/57349687/p/1/e/6/t/1/239995692215.mp4
「韩」109,https://cloud.video.taobao.com//play/u/57349687/p/1/e/6/t/1/240341971789.mp4
「韩」110,https://cloud.video.taobao.com//play/u/57349687/p/1/e/6/t/1/239996664565.mp4
「韩」111,https://cloud.video.taobao.com//play/u/57349687/p/1/e/6/t/1/240342839842.mp4
「韩」112,https://cloud.video.taobao.com//play/u/57349687/p/1/e/6/t/1/240225254466.mp4
「韩」113,https://cloud.video.taobao.com//play/u/57349687/p/1/e/6/t/1/240225226897.mp4
「韩」114,https://cloud.video.taobao.com//play/u/57349687/p/1/e/6/t/1/239998000351.mp4
「韩」115,https://cloud.video.taobao.com//play/u/57349687/p/1/e/6/t/1/240105989528.mp4
「韩」116,https://cloud.video.taobao.com//play/u/57349687/p/1/e/6/t/1/239998340711.mp4
「韩」117,https://cloud.video.taobao.com//play/u/57349687/p/1/e/6/t/1/240106477140.mp4
「韩」118,https://cloud.video.taobao.com//play/u/57349687/p/1/e/6/t/1/240107389699.mp4
「韩」119,https://cloud.video.taobao.com//play/u/57349687/p/1/e/6/t/1/240345787129.mp4
「韩」120,https://cloud.video.taobao.com//play/u/57349687/p/1/e/6/t/1/240227966801.mp4
「韩」121,https://cloud.video.taobao.com//play/u/57349687/p/1/e/6/t/1/240228462625.mp4
「韩」122,https://cloud.video.taobao.com//play/u/57349687/p/1/e/6/t/1/240108721427.mp4
「韩」123,https://cloud.video.taobao.com//play/u/57349687/p/1/e/6/t/1/240001176191.mp4
「韩」125,https://cloud.video.taobao.com//play/u/57349687/p/1/e/6/t/1/240001228776.mp4
「韩」126,https://cloud.video.taobao.com//play/u/57349687/p/1/e/6/t/1/240109533631.mp4
「韩」127,https://cloud.video.taobao.com//play/u/57349687/p/1/e/6/t/1/240347663598.mp4
「韩」128,https://cloud.video.taobao.com//play/u/57349687/p/1/e/6/t/1/240001932458.mp4
「韩」129,https://cloud.video.taobao.com//play/u/57349687/p/1/e/6/t/1/240002044738.mp4
「韩」130,https://cloud.video.taobao.com//play/u/57349687/p/1/e/6/t/1/240111085001.mp4
「韩」131,https://cloud.video.taobao.com//play/u/57349687/p/1/e/6/t/1/240350575186.mp4
「韩」132,https://cloud.video.taobao.com//play/u/57349687/p/1/e/6/t/1/240350771160.mp4
「韩」133,https://cloud.video.taobao.com//play/u/57349687/p/1/e/6/t/1/240113261859.mp4
「韩」134,https://cloud.video.taobao.com//play/u/57349687/p/1/e/6/t/1/240352039996.mp4
「韩」135,https://cloud.video.taobao.com//play/u/57349687/p/1/e/6/t/1/240236014123.mp4
「韩」136,https://cloud.video.taobao.com//play/u/57349687/p/1/e/6/t/1/240008036293.mp4
「韩」137,https://cloud.video.taobao.com//play/u/57349687/p/1/e/6/t/1/240354863286.mp4
「韩」138,https://cloud.video.taobao.com//play/u/57349687/p/1/e/6/t/1/240008780109.mp4
「韩」139,https://cloud.video.taobao.com//play/u/57349687/p/1/e/6/t/1/240009608741.mp4
「韩」140,https://cloud.video.taobao.com//play/u/57349687/p/1/e/6/t/1/240379515679.mp4
「韩」141,https://cloud.video.taobao.com//play/u/57349687/p/1/e/6/t/1/240262842385.mp4
「韩」142,https://cloud.video.taobao.com//play/u/57349687/p/1/e/6/t/1/240264262344.mp4
「韩」143,https://cloud.video.taobao.com//play/u/57349687/p/1/e/6/t/1/240384227055.mp4
「韩」145,https://cloud.video.taobao.com//play/u/57349687/p/1/e/6/t/1/240267170778.mp4
「韩」146,https://cloud.video.taobao.com//play/u/57349687/p/1/e/6/t/1/240386743317.mp4
「韩」147,https://cloud.video.taobao.com//play/u/57349687/p/1/e/6/t/1/240268654616.mp4
「韩」148,https://cloud.video.taobao.com//play/u/57349687/p/1/e/6/t/1/240387107547.mp4
「韩」149,https://cloud.video.taobao.com//play/u/57349687/p/1/e/6/t/1/240150573492.mp4
「韩」150,https://cloud.video.taobao.com//play/u/57349687/p/1/e/6/t/1/240388683474.mp4
「韩」151,https://cloud.video.taobao.com//play/u/57349687/p/1/e/6/t/1/240270774376.mp4
「韩」152,https://cloud.video.taobao.com//play/u/57349687/p/1/e/6/t/1/240151273206.mp4
「韩」153,https://cloud.video.taobao.com//play/u/57349687/p/1/e/6/t/1/240389031565.mp4
「韩」154,https://15799848.s21v.faiusr.com/58/ABUIABA6GAAgr-2n9AUoqsakNg.mp4
「韩」155,https://15799848.s21v.faiusr.com/58/ABUIABA6GAAgz-qc4gUo4vj-tQY.mp4
「韩」156,https://cloud.video.taobao.com//play/u/57349687/p/1/e/6/t/1/240162304531.mp4
「韩」157,https://cloud.video.taobao.com//play/u/57349687/p/1/e/6/t/1/240167997205.mp4
「韩」158,https://cloud.video.taobao.com//play/u/57349687/p/1/e/6/t/1/240059400880.mp4
「韩」159,https://cloud.video.taobao.com//play/u/57349687/p/1/e/6/t/1/240407847242.mp4
「韩」160,https://cloud.video.taobao.com//play/u/57349687/p/1/e/6/t/1/240062596020.mp4
「韩」161,https://cloud.video.taobao.com//play/u/57349687/p/1/e/6/t/1/240170661907.mp4
「韩」162,https://cloud.video.taobao.com//play/u/57349687/p/1/e/6/t/1/240411259014.mp4
「韩」163,https://cloud.video.taobao.com//play/u/57349687/p/1/e/6/t/1/240174309994.mp4
「韩」164,https://cloud.video.taobao.com//play/u/57349687/p/1/e/6/t/1/240175225325.mp4
「韩」165,https://cloud.video.taobao.com//play/u/57349687/p/1/e/6/t/1/240066736888.mp4
「韩」166,https://cloud.video.taobao.com//play/u/57349687/p/1/e/6/t/1/240175161903.mp4
「韩」167,https://cloud.video.taobao.com//play/u/57349687/p/1/e/6/t/1/240295526170.mp4
「韩」168,https://cloud.video.taobao.com//play/u/57349687/p/1/e/6/t/1/240295818399.mp4
「韩」169,https://cloud.video.taobao.com//play/u/57349687/p/1/e/6/t/1/240177321736.mp4
「韩」170,https://cloud.video.taobao.com//play/u/57349687/p/1/e/6/t/1/240177941288.mp4
「韩」171,https://cloud.video.taobao.com//play/u/57349687/p/1/e/6/t/1/240070652257.mp4
「韩」172,https://cloud.video.taobao.com//play/u/57349687/p/1/e/6/t/1/240298266546.mp4
「韩」173,https://cloud.video.taobao.com//play/u/57349687/p/1/e/6/t/1/240070884570.mp4
「韩」174,https://cloud.video.taobao.com//play/u/57349687/p/1/e/6/t/1/240298694512.mp4
「韩」175,https://cloud.video.taobao.com//play/u/57349687/p/1/e/6/t/1/240418087243.mp4
「韩」176,https://cloud.video.taobao.com//play/u/57349687/p/1/e/6/t/1/240299394846.mp4
「韩」177,https://cloud.video.taobao.com//play/u/57349687/p/1/e/6/t/1/240181409471.mp4
「韩」178,https://cloud.video.taobao.com//play/u/57349687/p/1/e/6/t/1/240182993056.mp4
「韩」179,https://cloud.video.taobao.com//play/u/57349687/p/1/e/6/t/1/240301854532.mp4
「韩」180,https://cloud.video.taobao.com//play/u/57349687/p/1/e/6/t/1/240075164377.mp4
「韩」181,https://cloud.video.taobao.com//play/u/57349687/p/1/e/6/t/1/240349762400.mp4
「韩」182,https://cloud.video.taobao.com//play/u/57349687/p/1/e/6/t/1/240121912724.mp4
「韩」183,https://cloud.video.taobao.com//play/u/57349687/p/1/e/6/t/1/240126480392.mp4
「韩」184,https://cloud.video.taobao.com//play/u/57349687/p/1/e/6/t/1/240355262537.mp4
「韩」185,https://cloud.video.taobao.com//play/u/57349687/p/1/e/6/t/1/240355734488.mp4%EF%BB%BF
「韩」186,https://cloud.video.taobao.com//play/u/57349687/p/1/e/6/t/1/240237453313.mp4
「韩」187,https://cloud.video.taobao.com//play/u/57349687/p/1/e/6/t/1/240130092025.mp4
「韩」188,https://cloud.video.taobao.com//play/u/57349687/p/1/e/6/t/1/240478207039.mp4
「韩」189,https://cloud.video.taobao.com//play/u/57349687/p/1/e/6/t/1/240361330093.mp4
「韩」190,https://cloud.video.taobao.com//play/u/57349687/p/1/e/6/t/1/240139316317.mp4
「韩」191,https://cloud.video.taobao.com//play/u/57349687/p/1/e/6/t/1/240248465975.mp4
「韩」192,https://cloud.video.taobao.com//play/u/57349687/p/1/e/6/t/1/240139720035.mp4
「韩」193,https://cloud.video.taobao.com//play/u/57349687/p/1/e/6/t/1/240368550193.mp4
「韩」194,https://cloud.video.taobao.com//play/u/57349687/p/1/e/6/t/1/240250429573.mp4
「韩」195,https://cloud.video.taobao.com//play/u/57349687/p/1/e/6/t/1/240370230905.mp4
「韩」196,https://cloud.video.taobao.com//play/u/57349687/p/1/e/6/t/1/240160716008.mp4
「韩」197,https://cloud.video.taobao.com//play/u/57349687/p/1/e/6/t/1/240161212784.mp4
「韩」198,https://cloud.video.taobao.com//play/u/57349687/p/1/e/6/t/1/240389662042.mp4
「欧美」迈克尔杰克逊,https://15799848.s21v.faiusr.com/58/ABUIABA6GAAgw9ma4gUo3YLDvgU.mp4
「欧美」1,https://15799848.s21v.faiusr.com/58/ABUIABA6GAAgyMqg4gUo-uSR5AU.mp4
「欧美」2,https://15799848.s21v.faiusr.com/58/ABUIABA6GAAgianW4gUoj9-Aaw.mp4
「欧美」3,https://15799848.s21v.faiusr.com/58/ABUIABA6GAAgpdia4gUo7oWfiAE.mp4
「印度」1,http://15799848.s21v.faiusr.com/58/ABUIABA6GAAguOCe9wUotr-RqQU.mp4
「印度」2,http://15799848.s21v.faiusr.com/58/ABUIABA6GAAguuCe9wUoyKfU-gI.mp4
「印度」3,http://15799848.s21v.faiusr.com/58/ABUIABA6GAAgl_Ce9wUo6t-WdQ.mp4
「印度」4,http://15799848.s21v.faiusr.com/58/ABUIABA6GAAgmeCe9wUoiJmTxgc.mp4
「印度」5,http://15799848.s21v.faiusr.com/58/ABUIABA6GAAgj_Ce9wUoqtHxJQ.mp4
「印度」6,http://15799848.s21v.faiusr.com/58/ABUIABA6GAAgmuCe9wUokNHLuAQ.mp4
「印度」7,http://15799848.s21v.faiusr.com/58/ABUIABA6GAAgneCe9wUouKLe8Ac.mp4
「印度」8,http://15799848.s21v.faiusr.com/58/ABUIABA6GAAg3N_e9wUogdbOaQ.mp4
「印度」9,http://15799848.s21v.faiusr.com/58/ABUIABA6GAAg1t_e9wUouM_i8wM.mp4
「印度」10,http://15799848.s21v.faiusr.com/58/ABUIABA6GAAg45qY9wUonJT41gc.mp4
「印度」11,http://15799848.s21v.faiusr.com/58/ABUIABA6GAAgvZ6k4wUo0cGkhgQ.mp4
「印度」12,http://15799848.s21v.faiusr.com/58/ABUIABA6GAAghrTW4gUojKzXlwI.mp4
「中」UP&DOWN(中文版),https://15799848.s21v.faiusr.com/58/ABUIABA6GAAgtd6M9QUokpHf7AY.mp4
「中」毛不易-不染,https://vd3.bdstatic.com/mda-jmceuahfwxarnh7v/hd/mda-jmceuahfwxarnh7v.mp4?pd=20&playlist=%5B%22hd%22%2C%22sc%22%5D
「中」蔡丽津月圆情,http://vd3.bdstatic.com/mda-jm53zq7k0b0kbxch/sc/mda-jm53zq7k0b0kbxch.mp4
「中」草蜢-半点心,http://vodcdn.video.taobao.com/oss/ali-video/68fc953ff930412784dada5eb79d0821/1461058499/video.m3u8.m3u8
「中」草蜢-宝贝对不起,http://bizcommon.alicdn.com/l2nDqpMmn6DGHnWzZQA/RQdMfitGKCINh4BPzc9%40%40sd.m3u8
「中」草蜢-失恋阵线联盟,http://vodcdn.video.taobao.com/oss/ali-video/bbae2fc164d9517913ed5a9117f8455b/video.m3u8
「中」草蜢-忘情森巴舞,http://vodcdn.video.taobao.com/oss/ali-video/a30020a6cd9ce2a8b387e029f9c5365c/video.m3u8
「中」刘清沨-曾经拥有的那些年,http://em.21dtv.com/songs/60110036.mkv
「中」陈百潭-初恋,http://vd4.bdstatic.com/mda-jk22i7yt5vyjbgwt/hd/mda-jk22i7yt5vyjbgwt.mp4
「中」陈慧娴-孤单背影,http://vodcdn.video.taobao.com/oss/ali-video/092bc3fac8ea013544a1dda61de41e58/video.m3u8
「中」陈慧娴-归来吧,http://vodcdn.video.taobao.com/oss/ali-video/c89589fd5809cf6e2f1a4d7a52023733/video.m3u8
「中」陈慧娴-红茶馆,http://vodcdn.video.taobao.com/oss/ali-video/22ecb463b2e44875b1fa78090d0ffd4e/1460015776/video.m3u8.m3u8
「中」陈慧娴-千千阙歌,http://vodcdn.video.taobao.com/oss/ali-video/8f45a35108ebe1b1951d2936007e3cd0/video.m3u8
「中」陈慧娴-跳舞街,http://vodcdn.video.taobao.com/oss/ali-video/5e463c16339f3dd6839e6a7d2074915c/video.m3u8
「中」陈柯宇-生僻字,http://vd2.bdstatic.com/mda-jb28qp6tauzkzpy9/hd/mda-jb28qp6tauzkzpy9.mp4
「中」陈明真-百万个吻,http://vodcdn.video.taobao.com/oss/ali-video/0c66aff1e198e944fb0460172d33d780/video.m3u8
「中」陈明真-变心的翅膀,http://vodcdn.video.taobao.com/oss/ali-video/e18dd3abfada11fb6faf26a521084343/video.m3u8
「中」陈明真-情债,http://vodcdn.video.taobao.com/oss/ali-video/99c8f1df6d5686d99e4adc1e6caed7b7/video.m3u8
「中」陈明真-为爱笑着流泪,http://vodcdn.video.taobao.com/oss/ali-video/4f31a4692aae0974dbc82a95d23339f4/video.m3u8
「中」陈倩倩-婴儿,http://vodcdn.video.taobao.com/oss/ali-video/4fc8d043456c092c392483bd293d0ee3/video.m3u8
「中」陈瑞-爱得真伤的深,http://antiserver.kuwo.cn/anti.s?rid=MUSIC_1218839&response=res&format=mp4&type=convert_url
「中」陈瑞-爱的痕迹,http://antiserver.kuwo.cn/anti.s?rid=MUSIC_1218815&response=res&format=mp4&type=convert_url
「中」陈瑞-别思,http://antiserver.kuwo.cn/anti.s?rid=MUSIC_3429064&response=res&format=mp4&type=convert_url
「中」陈瑞-分手了别来打扰我,http://antiserver.kuwo.cn/anti.s?rid=MUSIC_5835684&response=res&format=mp4&type=convert_url
「中」陈瑞-父亲,http://antiserver.kuwo.cn/anti.s?rid=MUSIC_4247454&response=res&format=mp4&type=convert_url
「中」陈瑞-红尘永相伴,http://antiserver.kuwo.cn/anti.s?rid=MUSIC_506435&response=res&format=mp4&type=convert_url
「中」陈瑞-三生三世,http://antiserver.kuwo.cn/anti.s?rid=MUSIC_6449820&response=res&format=mp4&type=convert_url
「中」陈瑞-天长地久,http://antiserver.kuwo.cn/anti.s?rid=MUSIC_1583220&response=res&format=mp4&type=convert_url
「中」陈瑞-心中的牵挂,http://antiserver.kuwo.cn/anti.s?rid=MUSIC_1583211&response=res&format=mp4&type=convert_url
「中」陈瑞-一辈子的真爱,http://antiserver.kuwo.cn/anti.s?rid=MUSIC_28470656&response=res&format=mp4&type=convert_url
「中」陈瑞-一生的等待,http://antiserver.kuwo.cn/anti.s?rid=MUSIC_1583215&response=res&format=mp4&type=convert_url
「中」陈瑞-有谁知道我在等你,http://antiserver.kuwo.cn/anti.s?rid=MUSIC_1583218&response=res&format=mp4&type=convert_url
「中」陈瑞-鱼和水的故事,http://antiserver.kuwo.cn/anti.s?rid=MUSIC_353501&response=res&format=mp4&type=convert_url
「中」陈瑞-烛光里的妈妈,http://antiserver.kuwo.cn/anti.s?rid=MUSIC_1024266&response=res&format=mp4&type=convert_url
「中」陈淑苹-黄昏之恋,http://vd4.bdstatic.com/mda-jk0m1rgje4eh01cw/hd/mda-jk0m1rgje4eh01cw.mp4
「中」陈淑苹-离家,http://vd2.bdstatic.com/mda-iftyuk6tjcxrm53p/sc/mda-iftyuk6tjcxrm53p.mp4
「中」大田后-生仔,https://vdse.bdstatic.com/1f5b8de1e52e8ebe8d5493d29bf29981.mp4?authorization=bce-auth-v1%2Ffb297a5cc0fb434c971b8fa103e8dd7b%2F2017-05-11T09%3A02%3A31Z%2F-1%2F
「中」花粥/马雨阳-盗将行,https://vdse.bdstatic.com//8355cbc6c2fe19c5ad280869218430f5.mp4?authorization=bce-auth-v1%2F40f207e648424f47b2e3dfbb1014b1a5%2F2020-01-31T13%3A03%3A13Z%2F-1%2Fhost
「中」凤凰传奇-策马奔腾,http://antiserver.kuwo.cn/anti.s?rid=MUSIC_24042013&response=res&format=mp4&type=convert_url
「中」凤凰传奇-歌唱二小放牛郎,http://antiserver.kuwo.cn/anti.s?rid=MUSIC_8120530&response=res&format=mp4&type=convert_url
「中」凤凰传奇-光芒,http://antiserver.kuwo.cn/anti.s?rid=MUSIC_24042019&response=res&format=mp4&type=convert_url
「中」凤凰传奇-华夏传说,http://antiserver.kuwo.cn/anti.s?rid=MUSIC_40828850&response=res&format=mp4&type=convert_url
「中」凤凰传奇-今生的缘,http://antiserver.kuwo.cn/anti.s?rid=MUSIC_646024&response=res&format=mp4&type=convert_url
「中」凤凰传奇-奇迹世界,http://antiserver.kuwo.cn/anti.s?rid=MUSIC_954805&response=res&format=mp4&type=convert_url
「中」凤凰传奇-温柔姑娘,http://antiserver.kuwo.cn/anti.s?rid=MUSIC_6401404&response=res&format=mp4&type=convert_url
「中」凤凰传奇-御龙归字谣,http://antiserver.kuwo.cn/anti.s?rid=MUSIC_1164118&response=res&format=mp4&type=convert_url
「中」凤凰传奇-月亮之上,http://antiserver.kuwo.cn/anti.s?rid=MUSIC_7084968&response=res&format=mp4&type=convert_url
「中」凤凰传奇-中国味道,http://antiserver.kuwo.cn/anti.s?rid=MUSIC_24042021&response=res&format=mp4&type=convert_url
「中」凤凰传奇-自由飞翔,http://antiserver.kuwo.cn/anti.s?rid=MUSIC_18747906&response=res&format=mp4&type=convert_url
「中」凤凰传奇-自由自在,http://antiserver.kuwo.cn/anti.s?rid=MUSIC_24042025&response=res&format=mp4&type=convert_url
「中」刘珂矣-芙蓉雨,https://vdse.bdstatic.com//85593e1127a1389dc49e9b0491814df2.mp4?authorization=bce-auth-v1%2F40f207e648424f47b2e3dfbb1014b1a5%2F2020-01-31T14%3A58%3A05Z%2F-1%2Fhost
「中」张杰-浮诛,https://vdse.bdstatic.com/1c2dc5580507bc1b0ef507c63b3fc461.mp4?authorization=bce-auth-v1%2Ffb297a5cc0fb434c971b8fa103e8dd7b%2F2017-05-11T09%3A02%3A31Z%2F-1%2F
「中」杨小壮-孤芳自赏,https://vdse.bdstatic.com//650fda26067e619a8632b173052b3a08.mp4?authorization=bce-auth-v1%2F40f207e648424f47b2e3dfbb1014b1a5%2F2020-01-31T14%3A25%3A59Z%2F-1%2Fhost
「中」光良-第一次,http://vodcdn.video.taobao.com/oss/ali-video/fe68ff471420aaefcb3a7f4f413ad3f4/video.m3u8
「中」光良-童话,http://vodcdn.video.taobao.com/oss/ali-video/e2c54a5b89aaa794cfc186c41d2ef348/video.m3u8
「中」胡杨林-香水有毒,http://vodcdn.video.taobao.com/oss/ali-video/180f9fcdb9e2b24d3b13a526fb90003e/video.m3u8
「中」黄凯芹-相爱很难,http://vodcdn.video.taobao.com/oss/ali-video/11b6273898b6a1b1da34e646264cd036/video.m3u8
「中」江蕙-梦中的情话,http://vd2.bdstatic.com/mda-ji4rwrwg7fijyqkh/mda-ji4rwrwg7fijyqkh.mp4
「中」曾惜-讲真的,https://vdse.bdstatic.com//9145a29aecbbf594c5b21ab1e6b14d20.mp4?authorization=bce-auth-v1%2F40f207e648424f47b2e3dfbb1014b1a5%2F2020-01-31T15%3A46%3A15Z%2F-1%2Fhost
「中」张杰-就算没有如果,https://vdse.bdstatic.com//b362a1c2ecbc60b18d3dc06cdc97f142.mp4?authorization=bce-auth-v1%2F40f207e648424f47b2e3dfbb1014b1a5%2F2020-01-31T15%3A58%3A51Z%2F-
「中」筷子兄弟-小苹果,http://vd1.bdstatic.com/mda-hc2rwgemn6yrnvw2/mda-hc2rwgemn6yrnvw2.mp4
「中」冷漠-不要再说你还爱我,http://antiserver.kuwo.cn/anti.s?rid=MUSIC_911272&response=res&format=mp4&type=convert_url
「中」冷漠-古咖啡,http://antiserver.kuwo.cn/anti.s?rid=MUSIC_3142984&response=res&format=mp4&type=convert_url
「中」冷漠-你把爱情给了谁,http://antiserver.kuwo.cn/anti.s?rid=MUSIC_1210771&response=res&format=mp4&type=convert_url
「中」冷漠-谁都不要说分手,http://antiserver.kuwo.cn/anti.s?rid=MUSIC_12975393&response=res&format=mp4&type=convert_url
「中」冷漠-时光海湾,http://antiserver.kuwo.cn/anti.s?rid=MUSIC_9867444&response=res&format=mp4&type=convert_url
「中」冷漠-我是否也在你心中,http://antiserver.kuwo.cn/anti.s?rid=MUSIC_4378249&response=res&format=mp4&type=convert_url
「中」冷漠-再爱也没有用,http://antiserver.kuwo.cn/anti.s?rid=MUSIC_5834217&response=res&format=mp4&type=convert_url
「中」冷漠-真不是闹着玩,http://antiserver.kuwo.cn/anti.s?rid=MUSIC_22836669&response=res&format=mp4&type=convert_url
「中」黎瑞恩-为情为爱,http://vodcdn.video.taobao.com/oss/ali-video/73348f95d4cee3fcc96a63c30deed357/video.m3u8
「中」李圣杰-痴心绝对,http://vodcdn.video.taobao.com/oss/ali-video/f2b27944f9960f3dbb2c6dd6c4679747/video.m3u8
「中」李翊君-诺言,http://vodcdn.video.taobao.com/oss/ali-video/b8096cd4762369bbcb4ceb52cc25a938/video.m3u8
「中」凉凉张碧晨杨宗纬,https://vdse.bdstatic.com//56bc61cb4f9d080708a7e74647a1c2b2.mp4?authorization=bce-auth-v1%2F40f207e648424f47b2e3dfbb1014b1a5%2F2020-01-31T15%3A48%3A39Z%2F-
「中」梁朝伟-一天一天爱恋,http://vodcdn.video.taobao.com/oss/ali-video/d8c74bd184d05f8cf1cbd4bbd7307f79/video.m3u8
「中」梁静茹-问,http://vodcdn.video.taobao.com/oss/ali-video/b2a2adf565e97d00d1bd6d62145184d1/video.m3u8
「中」梁静茹-勇气,http://vodcdn.video.taobao.com/oss/ali-video/f501ffc81da040099b17fb1db30b92fe/1462937648/video.m3u8.m3u8
「中」龙梅子-泪满天,http://vodcdn.video.taobao.com/oss/ali-video/2ea2890443421f58665a7fdf0a297265/video.m3u8
「中」吕方-多爱你一天,http://vodcdn.video.taobao.com/oss/ali-video/dcd97358c3e72377932aa883727320f9/video.m3u8
「中」吕方-朋友别哭,http://bizcommon.alicdn.com/l2nDqpMmn6DGHnWzZQA/qgljCDKewD8vEgOMrrt%40%40sd.m3u8
「中」罗时丰-爱那么痛,http://vd2.bdstatic.com/mda-jcrjbhmgprhs00c4/sc/mda-jcrjbhmgprhs00c4.mp4
「中」罗时丰-爱情的路,http://vd4.bdstatic.com/mda-jcrjcp1wy5q2i00n/sc/mda-jcrjcp1wy5q2i00n.mp4
「中」罗时丰-擦掉彼句我爱你,http://vd1.bdstatic.com/mda-hj3j9zhu12h99a79/vs-f5f50550f0b93f5020da43ab88266eda-watermark/hd/mda-hj3j9zhu12h99a79.mp4
「中」罗时丰-无情之梦,http://vd2.bdstatic.com/mda-je1jq1hvgmab08gd/sc/mda-je1jq1hvgmab08gd.mp4
「中」罗时丰-心事,http://vd2.bdstatic.com/mda-jaadiz1rwrtrj7kw/sc/mda-jaadiz1rwrtrj7kw.mp4
「中」罗时丰一定要成功,http://vd1.bdstatic.com/mda-hgmk00ncqxvvix0v/mda-hgmk00ncqxvvix0v.mp4
「中」赵方婧-芒种,https://vd3.bdstatic.com/mda-kat1tr4ka5st965k/hd/mda-kat1tr4ka5st965k.mp4?pd=20
「中」毛宁-蓝蓝的夜蓝蓝的梦,http://vodcdn.video.taobao.com/oss/ali-video/6d5a8c2e7667e3d6138246a45571d1f7/video.m3u8
「中」毛宁-晚秋,http://vodcdn.video.taobao.com/oss/ali-video/95751adaad64e6ca860b18f4855cd94d/video.m3u8
「中」毛宁/杨钰莹-心雨,http://vodcdn.video.taobao.com/oss/ali-video/0191a1eb6017684a3641a51d32c9633a/video.m3u8
「中」孟庭苇-爱你太深,http://bizcommon.alicdn.com/l2nDqpMmn6DGHnWzZQA/KbJb4OVT1yH1ZDvri5p%40%40hd.m3u8
「中」孟庭苇-把思念寄托远方,http://bizcommon.alicdn.com/l2nDqpMmn6DGHnWzZQA/Y0iKpwmE2YZona6PY7A%40%40hd.m3u8
「中」孟庭苇-不下雨就出太阳吧,http://bizcommon.alicdn.com/l2nDqpMmn6DGHnWzZQA/lhaW77A2RRwiJrh0CiJ%40%40hd.m3u8
「中」孟庭苇-春雪,http://bizcommon.alicdn.com/l2nDqpMmn6DGHnWzZQA/5ZFrpzPk37KvY7CaTUj%40%40hd.m3u8
「中」孟庭苇-冬季到台北来看雨,http://bizcommon.alicdn.com/l2nDqpMmn6DGHnWzZQA/Pd8qTC385qKJVXaXcKj%40%40hd.m3u8
「中」孟庭苇-风里的梦,http://vodcdn.video.taobao.com/oss/ali-video/626e2336b5e9765e14ba22a617fd6223/video.m3u8
「中」孟庭苇-风中有朵雨做的云,http://bizcommon.alicdn.com/l2nDqpMmn6DGHnWzZQA/Cg9qI5imMInpPvK5Mnm%40%40hd.m3u8
「中」孟庭苇-过冬,http://bizcommon.alicdn.com/l2nDqpMmn6DGHnWzZQA/U9QKnKK2RpKMElnSS07%40%40hd.m3u8
「中」孟庭苇-红雨,http://vodcdn.video.taobao.com/oss/ali-video/a816f01838e07c4dac5f8612331bca63/video.m3u8
「中」孟庭苇-你究竟有多少个好妹妹,http://vodcdn.video.taobao.com/oss/ali-video/dfb07cbdd8435d48cb1e6691122d8d85/video.m3u8
「中」孟庭苇-你看你看月亮的脸,http://vodcdn.video.taobao.com/oss/ali-video/6e098f7b47614885845efb7a45998eb1/1465875165/video.m3u8.m3u8
「中」孟庭苇-谁的眼泪在飞,http://vodcdn.video.taobao.com/oss/ali-video/bfcfddb1694a43957962294c2f75bdfb/video.m3u8
「中」孟庭苇-我说的谎都是真的,http://bizcommon.alicdn.com/l2nDqpMmn6DGHnWzZQA/9aqTcUjlJ7KZkA37W1E%40%40hd.m3u8
「中」孟庭苇-无声的雨,http://vodcdn.video.taobao.com/oss/ali-video/d404a897abb4526c94bb5f72dc566952/video.m3u8
「中」孟庭苇-雾里看花,http://bizcommon.alicdn.com/l2nDqpMmn6DGHnWzZQA/fi3PjAgsnTjwzAvSboT%40%40hd.m3u8
「中」孟庭苇-真的还是假的,http://bizcommon.alicdn.com/l2nDqpMmn6DGHnWzZQA/vhJvCIZiDOz7f6VTCON%40%40hd.m3u8
「中」摩登兄弟-探清水河,http://vd2.bdstatic.com/mda-jg6dffnbt92877h0/sc/mda-jg6dffnbt92877h0.mp4
「中」阿冗-你的答案,https://vdse.bdstatic.com/363480020aaa13240bbe51121d3e2a65.mp4?authorization=bce-auth-v1%2Ffb297a5cc0fb434c971b8fa103e8dd7b%2F2017-05-11T09%3A02%3A31Z%2F-1%2F
「中」陈雪凝-你的酒馆对我打了烊,https://vd3.bdstatic.com/mda-ka59e4w0qxxsxnt0/hd/mda-ka59e4w0qxxsxnt0.mp4?pd=19&vt=1
「中」阿悠悠-你若三冬,https://vdse.bdstatic.com/865b4e81a729189fcafe910104151a75.mp4?authorization=bce-auth-v1%2Ffb297a5cc0fb434c971b8fa103e8dd7b%2F2017-05-11T09%3A02%3A31Z%2F-1%2F
「中」彭佳慧-回味,http://vodcdn.video.taobao.com/oss/ali-video/6801f707771eacdb5264f8bb20e4d599/video.m3u8
「中」彭佳慧-无法割舍,http://vodcdn.video.taobao.com/oss/ali-video/8be8f7d28d4f2c7ce759d431f0d3181b/video.m3u8
「中」海伦-桥边姑娘,https://vdse.bdstatic.com/8ae4235344c61f9c05ccf3716c84e823.mp4?authorization=bce-auth-v1%2Ffb297a5cc0fb434c971b8fa103e8dd7b%2F2017-05-11T09%3A02%3A31Z%2F-1%2F
「中」裘正海-爱你十分泪七分,http://vodcdn.video.taobao.com/oss/ali-video/6ad63af2dc4b244d0dc773b2004374c3/video.m3u8
「中」任齐贤-心太软,http://vodcdn.video.taobao.com/oss/ali-video/1675208d8b5f0f0d8ce09236f4068dfe/video.m3u8
「中」如果有一天我变的很有钱,https://vd3.bdstatic.com/mda-jjmfvpaqh1z11ibc/hd/mda-jjmfvpaqh1z11ibc.mp4?pd=19&vt=1
「中」如梦令,https://vdse.bdstatic.com/20e606730cb53b91bd4a4d2b0323e563.mp4?authorization=bce-auth-v1%2Ffb297a5cc0fb434c971b8fa103e8dd7b%2F2017-05-11T09%3A02%3A31Z%2F-1%2F
「中」马健淘-杀阡陌,https://vdse.bdstatic.com/17014878933308f5eb81b2a9d98783d8.mp4?authorization=bce-auth-v1%2Ffb297a5cc0fb434c971b8fa103e8dd7b%2F2017-05-11T09%3A02%3A31Z%2F-1%2F
「中」柏松-世界美好与你环环相扣,https://vdse.bdstatic.com//90f59f9978da89c2f5f8dec807a238b6.mp4?authorization=bce-auth-v1%2F40f207e648424f47b2e3dfbb1014b1a5%2F2020-01-31T13%3A25%3A00Z%2F-
「中」誓言-求佛,http://vodcdn.video.taobao.com/oss/ali-video/f4f761d970399f186ce1f9ac6d009721/video.m3u8
「中」思慕-郁可唯,https://vdse.bdstatic.com/5ec8d619d2ecb4ff832cfa252a967bb8.mp4?authorization=bce-auth-v1%2Ffb297a5cc0fb434c971b8fa103e8dd7b%2F2017-05-11T09%3A02%3A31Z%2F-1%2F
「中」谭咏麟/关淑怡-明天你是否依然爱我,http://vodcdn.video.taobao.com/oss/ali-video/0b56ad556e887a9be35d496d318a7565/video.m3u8
「中」于文文-体面,https://vdse.bdstatic.com//f18bdf41f28b68a1b0177fa5e5cdf8fe.mp4?authorization=bce-auth-v1%2F40f207e648424f47b2e3dfbb1014b1a5%2F2020-01-31T14%3A25%3A29Z%2F-1%2Fhost
「中」杨紫/邓伦-天地无霜,https://vdse.bdstatic.com//bd1f7fcb1263b608c60793c5c7094ce9.mp4?authorization=bce-auth-v1%2F40f207e648424f47b2e3dfbb1014b1a5%2F2020-01-31T15%3A25%3A13Z%2F-1%2Fhost
「中」王彩华-爱情的骗子我问你,http://vd4.bdstatic.com/mda-jm4h7v1isxwc660u/sc/mda-jm4h7v1isxwc660u.mp4
「中」王菲-爱与痛的边缘,http://vodcdn.video.taobao.com/oss/ali-video/f5e79c70df75bdccf2714ed788764f58/video.m3u8
「中」王菲-如风,http://vodcdn.video.taobao.com/oss/ali-video/f176658a3f974aecd5ce3df456092835/video.m3u8
「中」王菲-执迷不悔,http://vodcdn.video.taobao.com/oss/ali-video/15bf7da88b44048edaabe73d6b17c00b/video.m3u8
「中」王麟-伤不起,http://vodcdn.video.taobao.com/oss/ali-video/1e3633ff1c3a525e148968b45c18f780/video.m3u8
「中」损茜茹/马良-往后余生,https://vd3.bdstatic.com/mda-jatub6sb1pzwxfnb/hd/mda-jatub6sb1pzwxfnb.mp4?pd=19&vt=1
「中」赵丽颖/张碧晨-望,https://vdse.bdstatic.com/25f5ae931f851bf09c48abaebe5d6f8d.mp4?authorization=bce-auth-v1%2F40f207e648424f47b2e3dfbb1014b1a5%2F2017-05-11T09%3A02%3A31Z%2F-1%2F
「中」翁立友-阿公的茶,http://vd2.bdstatic.com/mda-ijgqgd9jwz54ray7/sc/mda-ijgqgd9jwz54ray7.mp4
「中」翁立友-爱过无心,http://vd4.bdstatic.com/mda-ijgqk17gxf3xh2wz/sc/mda-ijgqk17gxf3xh2wz.mp4
「中」翁立友-爱情的陷阱,http://vd3.bdstatic.com/mda-ijgee8tg9n4a95ij/sc/mda-ijgee8tg9n4a95ij.mp4
「中」翁立友-表示,http://vd4.bdstatic.com/mda-ijge8r0m6vgx46ms/sc/mda-ijge8r0m6vgx46ms.mp4
「中」翁立友-痴情雨,http://vd1.bdstatic.com/mda-hemzqd1rrbr8q4kw/sc/mda-hemzqd1rrbr8q4kw.mp4
「中」翁立友-独身仔的生活,http://vd4.bdstatic.com/mda-jdmd7ydrsa0dp6e2/hd/mda-jdmd7ydrsa0dp6e2.mp4
「中」翁立友-感恩,http://vd2.bdstatic.com/mda-jdc4v9b9tvrjw4pe/hd/mda-jdc4v9b9tvrjw4pe.mp4
「中」翁立友-乎我理由,http://vd3.bdstatic.com/mda-jd0bzjvcp1d19b0k/sc/mda-jd0bzjvcp1d19b0k.mp4
「中」翁立友-甲妳惜命命,http://vd2.bdstatic.com/mda-jk2ptewhvn5cee6n/sc/mda-jk2ptewhvn5cee6n.mp4
「中」翁立友-坚持,http://vd2.bdstatic.com/mda-ji4uxxfqu5tgr7c3/mda-ji4uxxfqu5tgr7c3.mp4
「中」翁立友-今生今世,http://vd3.bdstatic.com/mda-ji4sadsbxes30b8h/mda-ji4sadsbxes30b8h.mp4
「中」翁立友-妈妈请你不通痛,http://vd3.bdstatic.com/mda-im9gh6d15m05zu9p/sc/mda-im9gh6d15m05zu9p.mp4
「中」翁立友-迷魂香,http://vd1.bdstatic.com/mda-hid0euc4xc7xmum0/sc/mda-hid0euc4xc7xmum0.mp4
「中」翁立友-恁姊仔住市内,http://vd3.bdstatic.com/mda-ijfekw4yxergj9ak/sc/mda-ijfekw4yxergj9ak.mp4
「中」翁立友-拼命的坚持,http://vd4.bdstatic.com/mda-jd9ksvdjk0n3qiae/hd/mda-jd9ksvdjk0n3qiae.mp4
「中」翁立友-前途,http://vd2.bdstatic.com/mda-jijnuvcf8ggs5wte/mda-jijnuvcf8ggs5wte.mp4
「中」翁立友-情缘路,http://vd3.bdstatic.com/mda-ijgdxmwrrfv4tsam/sc/mda-ijgdxmwrrfv4tsam.mp4
「中」翁立友-思念的情泪,http://vd3.bdstatic.com/mda-hmhng3p0jbskv57p/sc/mda-hmhng3p0jbskv57p.mp4
「中」翁立友-送你送到这,http://vd2.bdstatic.com/mda-jm33ts9txcjuaq27/hd/mda-jm33ts9txcjuaq27.mp4
「中」翁立友-探听,http://vd2.bdstatic.com/mda-igmf3i4hied5ar5u/hd/mda-igmf3i4hied5ar5u.mp4
「中」翁立友-为爱相逢,http://vd2.bdstatic.com/mda-ijgq79ukweagj0v0/sc/mda-ijgq79ukweagj0v0.mp4
「中」翁立友-温暖家园,http://vd3.bdstatic.com/mda-igim5cnwnq4xv94f/hd/mda-igim5cnwnq4xv94f.mp4
「中」翁立友-我问天,http://vd4.bdstatic.com/mda-im9gwdckyxiq5ab6/sc/mda-im9gwdckyxiq5ab6.mp4
「中」翁立友-沃澹的相片,http://vd4.bdstatic.com/mda-jefjhd593hvtfjsc/sc/mda-jefjhd593hvtfjsc.mp4
「中」翁立友-限时批,http://vd3.bdstatic.com/mda-iighnnxyc3nfj9zu/sc/mda-iighnnxyc3nfj9zu.mp4
「中」翁立友-行棋,http://vd2.bdstatic.com/mda-ji4w8pcxse8taw5b/sc/mda-ji4w8pcxse8taw5b.mp4
「中」翁立友-因为你的爱,http://vd2.bdstatic.com/mda-jk2r3d0w8sqkk59j/mda-jk2r3d0w8sqkk59j.mp4
「中」翁立友-用泪写缘份,http://vd4.bdstatic.com/mda-ijfeqx4zc0gxq5jq/sc/mda-ijfeqx4zc0gxq5jq.mp4
「中」翁立友-找巢,http://vd2.bdstatic.com/mda-jm5gc09g63p6j10k/sc/mda-jm5gc09g63p6j10k.mp4
「中」我曾,https://vd3.bdstatic.com/mda-jjm8i93paakzz8yj/hd/mda-jjm8i93paakzz8yj.mp4?pd=20&vt=1
「中」我愿意平凡的陪在你身旁,https://vdse.bdstatic.com/570e05ef514db00b14c9c10d1aef7f1f.mp4?authorization=bce-auth-v1%2Ffb297a5cc0fb434c971b8fa103e8dd7b%2F2017-05-11T09%3A02%3A31Z
「中」巫启贤-太傻,http://vodcdn.video.taobao.com/oss/ali-video/e6f2953419f904065dc2ce38efc85515/video.m3u8
「中」巫启贤-只因你伤心,http://vodcdn.video.taobao.com/oss/ali-video/c28acbe36530da595b04161855bba004/video.m3u8
「中」屋顶着火宋茜,https://vd3.bdstatic.com/mda-ife08h4xpq85sg65/logo/hd/mda-ife08h4xpq85sg65.mp4?pd=19&vt=1
「中」下山,https://vdse.bdstatic.com/e2d35750d461a6d524080c7a3c4cb7a4.mp4?authorization=bce-auth-v1%2F40f207e648424f47b2e3dfbb1014b1a5%2F2017-05-11T09%3A02%3A31Z%2F-1%2F
「中」消愁,https://vd3.bdstatic.com/mda-ifkj2zwdscwthsfj/logo/hd/mda-ifkj2zwdscwthsfj.mp4?pd=20
「中」小凤凤爱情一阵风,http://vd2.bdstatic.com/mda-jjm7vgq1iahz0zpg/mda-jjm7vgq1iahz0zpg.mp4
「中」辛晓琪-仿佛是昨天,http://vodcdn.video.taobao.com/oss/ali-video/dbaf6d1d5a0ec2d93a668796e46e4f05/video.m3u8
「中」辛晓琪-俩俩相忘,http://vodcdn.video.taobao.com/oss/ali-video/6b406c70e3007a5c66a2085c39b13d80/video.m3u8
「中」辛晓琪-领悟,http://vodcdn.video.taobao.com/oss/ali-video/2a4e61d4bba6b712bd5638fd508e85a5/video.m3u8
「中」辛晓琪-味道,http://vodcdn.video.taobao.com/oss/ali-video/ce005204d02a88cfac474f1583f08add/video.m3u8
「中」许茹芸-不爱我放了我,http://vodcdn.video.taobao.com/oss/ali-video/b0f458650135c68f1b88ea7667eec629/video.m3u8
「中」许茹芸-独角戏,http://vodcdn.video.taobao.com/oss/ali-video/5333f389ce940d0a2c1dd6090927746c/video.m3u8
「中」许茹芸-泪海,http://vodcdn.video.taobao.com/oss/ali-video/76fe6eb28aee716783f2a47ba8a15e5a/video.m3u8
「中」许茹芸-如果云知道,http://vodcdn.video.taobao.com/oss/ali-video/fd87aea7bc293a5930b8a64c752df476/video.m3u8
「中」许茹芸-我依然爱你,http://vodcdn.video.taobao.com/oss/ali-video/4c4ec12e6efa0d76e5a269ac05ea394e/video.m3u8
「中」杨曼-9999滴眼泪,http://vodcdn.video.taobao.com/oss/ali-video/f6d027835c0e8f72d3c74379b86fb696/video.m3u8
「中」杨钰莹-等你一万年,http://vodcdn.video.taobao.com/oss/ali-video/e1e0b88e5c6d40d7176f353d41aac985/video.m3u8
「中」杨钰莹-红彤彤的春天,http://vodcdn.video.taobao.com/oss/ali-video/31fcc5242ffc9a00a5a62d89b21c0bea/video.m3u8
「中」杨钰莹-轻轻告诉你,http://vodcdn.video.taobao.com/oss/ali-video/1905c60363f40cea52f342ec59132da0/video.m3u8
「中」杨钰莹-我不想说,http://vodcdn.video.taobao.com/oss/ali-video/cc97a07de2cac88c025590ef874253fc/video.m3u8
「中」叶倩文-曾经心痛,http://vodcdn.video.taobao.com/oss/ali-video/0ea34400f2502a94ee14aea506e0042b/video.m3u8
「中」叶倩文-伤逝,http://vodcdn.video.taobao.com/oss/ali-video/9f6ad7cd057bc2cf21d1c5a6cc57eed7/video.m3u8
「中」叶倩文-我的爱对你说,http://bizcommon.alicdn.com/l2nDqpMmn6DGHnWzZQA/7xXG24i7EbZtCTOtSnh%40%40sd.m3u8
「中」叶倩文-潇洒走一回,http://vodcdn.video.taobao.com/oss/ali-video/371d75312720e701b5f3988d46cdf4ef/video.m3u8
「中」一念一年,https://vdse.bdstatic.com/ea4ad861c3816ba29b415da2494706a1.mp4?authorization=bce-auth-v1%2Ffb297a5cc0fb434c971b8fa103e8dd7b%2F2017-05-11T09%3A02%3A31Z%2F-1%2F
「中」一曲相思,https://vdse.bdstatic.com//e547b08ce3afad200eec374f3c4ee450.mp4?authorization=bce-auth-v1%2F40f207e648424f47b2e3dfbb1014b1a5%2F2020-01-31T13%3A00%3A56Z%2F-1%2Fhost
「中」余年,https://vdse.bdstatic.com/660c78b56b33dca31497de9c6921c5a6.mp4?authorization=bce-auth-v1%2Ffb297a5cc0fb434c971b8fa103e8dd7b%2F2017-05-11T09%3A02%3A31Z%2F-1%2F
「中」原版大鱼海棠,http://vd3.bdstatic.com/mda-jm9x2pw13gpb4d82/sc/mda-jm9x2pw13gpb4d82.mp4
「中」站着等你三千年,https://vdse.bdstatic.com//967f216dea39a6f3ccb44884a219f8ff.mp4?authorization=bce-auth-v1%2F40f207e648424f47b2e3dfbb1014b1a5%2F2019-12-14T02%3A12%3A33Z%2F-
「中」张惠妹-别在伤口撒盐,http://vodcdn.video.taobao.com/oss/ali-video/5997fdd5c8b241b7b2995ae6da3bc8f8/1458294379/video.m3u8.m3u8
「中」张惠妹-听海,http://vodcdn.video.taobao.com/oss/ali-video/c105aa7685c54fbfa74b92e8cc88a3e3/1457681472/video.m3u8.m3u8
「中」张秀卿车站,http://vd2.bdstatic.com/mda-jjmnjgiabtvmy13u/sc/mda-jjmnjgiabtvmy13u.mp4
「中」张学友-一颗不变心,http://vodcdn.video.taobao.com/oss/ali-video/1dcf180669ab98697e49c4c9b5f76cd7/video.m3u8
「中」张学友-只想一生跟你走,http://vodcdn.video.taobao.com/oss/ali-video/7f567e1159256a099f3de8f1fdda2db0/video.m3u8
「中」张智霖-片片枫叶情,http://vodcdn.video.taobao.com/oss/ali-video/1d02cf8794a542c930fbf210c0a4e3e7/video.m3u8
「中」张智霖-现代爱情故事,http://vodcdn.video.taobao.com/oss/ali-video/864b1ca28cb8b566e2989775ae737de7/video.m3u8
「中」只问你肯不肯,https://vdse.bdstatic.com/d4463cd83c0c47fba7ce65c71ad94bbb.mp4?authorization=bce-auth-v1%2Ffb297a5cc0fb434c971b8fa103e8dd7b%2F2017-05-11T09%3A02%3A31Z%2F-1%2F
「中」纸短情长,https://vdse.bdstatic.com//e214194bf6de7f598b9873619b691fa6.mp4?authorization=bce-auth-v1%2F40f207e648424f47b2e3dfbb1014b1a5%2F2020-01-31T13%3A26%3A53Z%2F-1%2Fhost
「中」周华健-风雨无阻,http://vodcdn.video.taobao.com/oss/ali-video/8d77795bdc63d87125ba47f993e0bfb4/video.m3u8
「中」周华健-朋友,http://vodcdn.video.taobao.com/oss/ali-video/6079de4355c45a42073ead75954c1b2f/video.m3u8
「中」周慧敏-痴心换情深,http://vodcdn.video.taobao.com/oss/ali-video/aa07f0b5c8a36740b3bee03d69a4116c/video.m3u8
「中」卓依婷-爱拼才会赢,http://vd3.bdstatic.com/mda-jfreugw1pcza8xr1/mda-jfreugw1pcza8xr1.mp4?playlist=%5B%22hd%22%2C%22sc%22%5D
「中」卓依婷-爱情一阵风,http://vd3.bdstatic.com/mda-jf5fre7jvd0q3rfu/mda-jf5fre7jvd0q3rfu.mp4?playlist=%5B%22hd%22%2C%22sc%22%5D
「中」卓依婷-擦干眼泪,http://vd3.bdstatic.com/mda-jeqd4kq8iwh67a1k/mda-jeqd4kq8iwh67a1k.mp4?playlist=%5B%22hd%22%2C%22sc%22%5D
「中」卓依婷-采红菱,http://vd3.bdstatic.com/mda-jfdvpsg280t986rz/mda-jfdvpsg280t986rz.mp4?playlist=%5B%22hd%22%2C%22sc%22%5D
「中」卓依婷-常回家看看,http://vd3.bdstatic.com/mda-jerf6nxy7nc0d6m5/mda-jerf6nxy7nc0d6m5.mp4?playlist=%5B%22hd%22%2C%22sc%22%5D
「中」卓依婷-大家一起来DJ,http://vd3.bdstatic.com/mda-jf1jfkgj3qte7h96/mda-jf1jfkgj3qte7h96.mp4?playlist=%5B%22hd%22%2C%22sc%22%5D
「中」卓依婷-歹路不通行,http://vd3.bdstatic.com/mda-imigfktdeeseud4j/mda-imigfktdeeseud4j.mp4?playlist=%5B%22hd%22%2C%22sc%22%5D
「中」卓依婷-电话情思,http://vd3.bdstatic.com/mda-jfghscj8datutink/mda-jfghscj8datutink.mp4?playlist=%5B%22hd%22%2C%22sc%22%5D
「中」卓依婷-东南西北风,http://vd3.bdstatic.com/mda-jf9fszd51shymgp6/mda-jf9fszd51shymgp6.mp4?playlist=%5B%22hd%22%2C%22sc%22%5D
「中」卓依婷-杜十娘,http://vd3.bdstatic.com/mda-jekst5s3c341xwyd/mda-jekst5s3c341xwyd.mp4?playlist=%5B%22hd%22%2C%22sc%22%5D
「中」卓依婷-橄榄树,http://vd3.bdstatic.com/mda-jfagwdhxb30ymr13/mda-jfagwdhxb30ymr13.mp4?playlist=%5B%22hd%22%2C%22sc%22%5D
「中」卓依婷-花好月圆,http://vd3.bdstatic.com/mda-jepfhjwcthgci13y/mda-jepfhjwcthgci13y.mp4?playlist=%5B%22hd%22%2C%22sc%22%5D
「中」卓依婷-旧情也绵绵,http://vd3.bdstatic.com/mda-jfje0s0z33b0c9vf/mda-jfje0s0z33b0c9vf.mp4?playlist=%5B%22hd%22%2C%22sc%22%5D
「中」卓依婷-看不见温柔,http://vd3.bdstatic.com/mda-jeqg6s6gc0ietmst/mda-jeqg6s6gc0ietmst.mp4?playlist=%5B%22hd%22%2C%22sc%22%5D
「中」卓依婷-流星雨,http://vd3.bdstatic.com/mda-jfap39wqmi2yisu6/mda-jfap39wqmi2yisu6.mp4?playlist=%5B%22hd%22%2C%22sc%22%5D
「中」卓依婷-鲁冰花,http://vd3.bdstatic.com/mda-jf8fbjprnf1fvpxm/mda-jf8fbjprnf1fvpxm.mp4?playlist=%5B%22hd%22%2C%22sc%22%5D
「中」卓依婷-美酒加咖啡,http://vd3.bdstatic.com/mda-jfrred8ck6pnh6bq/mda-jfrred8ck6pnh6bq.mp4?playlist=%5B%22hd%22%2C%22sc%22%5D
「中」卓依婷-梦醒十分,http://vd3.bdstatic.com/mda-jennyc5ci1ugrxzi/mda-jennyc5ci1ugrxzi.mp4?playlist=%5B%22hd%22%2C%22sc%22%5D
「中」卓依婷-免失志,http://vd3.bdstatic.com/mda-jdngvdh4ru0irwma/mda-jdngvdh4ru0irwma.mp4?playlist=%5B%22hd%22%2C%22sc%22%5D
「中」卓依婷-莫辜负好时光,http://vd3.bdstatic.com/mda-jfkkh6m5u47trvqc/mda-jfkkh6m5u47trvqc.mp4?playlist=%5B%22hd%22%2C%22sc%22%5D
「中」卓依婷-萍聚,http://vd3.bdstatic.com/mda-jenmbx88uk365k40/mda-jenmbx88uk365k40.mp4?playlist=%5B%22hd%22%2C%22sc%22%5D
「中」卓依婷-山不转水转,http://vd3.bdstatic.com/mda-jb7pfvgc6wuivhqi/mda-jb7pfvgc6wuivhqi.mp4?playlist=%5B%22hd%22%2C%22sc%22%5D
「中」卓依婷-同一首歌,http://vd3.bdstatic.com/mda-jf1j2af0dji6ju83/mda-jf1j2af0dji6ju83.mp4?playlist=%5B%22hd%22%2C%22sc%22%5D
「中」卓依婷-蜗牛与黄鹂鸟,http://vd3.bdstatic.com/mda-jfjnacpfn6r21dec/mda-jfjnacpfn6r21dec.mp4?playlist=%5B%22hd%22%2C%22sc%22%5D
「中」卓依婷-无聊的爱情,http://vd3.bdstatic.com/mda-jfkhu7bksxcqjq2z/mda-jfkhu7bksxcqjq2z.mp4?playlist=%5B%22hd%22%2C%22sc%22%5D
「中」卓依婷-无情的班机,http://vd3.bdstatic.com/mda-jeqjsqimdzvytgvv/mda-jeqjsqimdzvytgvv.mp4?playlist=%5B%22hd%22%2C%22sc%22%5D
「中」卓依婷-无言的结局,http://vd3.bdstatic.com/mda-jenpdiydc7kez9ze/mda-jenpdiydc7kez9ze.mp4?playlist=%5B%22hd%22%2C%22sc%22%5D
「中」卓依婷-谢谢你的爱,http://vd3.bdstatic.com/mda-jf2fuh2yhd0txff0/mda-jf2fuh2yhd0txff0.mp4?playlist=%5B%22hd%22%2C%22sc%22%5D
「中」卓依婷-心挂意无处用,http://vd3.bdstatic.com/mda-jfkgx7x5gki9xpgs/mda-jfkgx7x5gki9xpgs.mp4?playlist=%5B%22hd%22%2C%22sc%22%5D
「中」卓依婷-夜来香,http://vd3.bdstatic.com/mda-jfai9k0sxf0nisvq/mda-jfai9k0sxf0nisvq.mp4?playlist=%5B%22hd%22%2C%22sc%22%5D
「中」卓依婷-雨过天晴,http://vd3.bdstatic.com/mda-jfbggf264f55hv4m/mda-jfbggf264f55hv4m.mp4?playlist=%5B%22hd%22%2C%22sc%22%5D
「中」卓依婷-捉泥鳅,http://vd3.bdstatic.com/mda-jf6k8v71hrs8s441/mda-jf6k8v71hrs8s441.mp4?playlist=%5B%22hd%22%2C%22sc%22%5D
「中」醉千年李袁杰,http://vd3.bdstatic.com/mda-ihai9qt3yny3sx53/hd/mda-ihai9qt3yny3sx53.mp4?pd=19&vt=1
「中」左手指月,https://vdse.bdstatic.com//b35227847ccb42d48ea6414d47087ce9.mp4?authorization=bce-auth-v1%2F40f207e648424f47b2e3dfbb1014b1a5%2F2020-01-31T15%3A26%3A59Z%2F-1%2Fhost
「中」sheep张艺兴,https://vdse.bdstatic.com/971347deaddd6fdb5ada6e87e4722ece.mp4?authorization=bce-auth-v1%2Ffb297a5cc0fb434c971b8fa103e8dd7b%2F2017-05-11T09%3A02%3A31Z%2F-1%2F
30A Investment Pitch,http://www.30a-tv.com/InvPit.m3u8?checkedby:iptvcat.com
30A Music,http://30a-tv.com/music.m3u8?checkedby:iptvcat.com
88 Stereo,http://k3.usastreams.com/CableLatino/88stereo/playlist.m3u8?checkedby:iptvcat.com
ABC News,https://abc-iview-mediapackagestreams-2.akamaized.net/out/v1/6e1cc6d25ec0480ea099a5399d73bc4b/index.m3u8
Access Sacramento Channel 17,https://reflect-access-sacramento.cablecast.tv/live-7/live/live.m3u8?checkedby:iptvcat.com
Access Sacramento Channel 18,https://reflect-access-sacramento.cablecast.tv/live-8/live/live.m3u8?checkedby:iptvcat.com
Action Hollywood Movies,https://cdn-apse1-prod.tsv2.amagi.tv/linear/amg01076-lightningintern-actionhollywood-samsungnz/playlist.m3u8?checkedby:iptvcat.com
Ahlulbayt TV,http://109.123.126.14:1935/live/livestream1.sdp/chunklist.m3u8?checkedby:iptvcat.com
Al Horreya TV,http://media.smc-host.com:1935/alhorreya.tv/_definst_/mp4:alhorreya3/playlist.m3u8?checkedby:iptvcat.com
Al Maali TV (1080p),https://kali.vdopanel.com:3986/live/mbashalive.m3u8?checkedby:iptvcat.com
AR | 5TV Corrientes,http://www.coninfo.net:1935/tvcinco/live1/chunklist_w1546509083.m3u8?checkedby:iptvcat.com
Arroyo Grande Gov't Access TV Channel 20,https://agp-nimble.streamguys1.com/AGCC/AGCC/playlist.m3u8?checkedby:iptvcat.com
Bahrain Sports 2,https://5c7b683162943.streamlock.net/live/ngrp:bahrainsportstwo_all/playlist.m3u8?checkedby:iptvcat.com
BBC Arabic,https://vs-hls-pushb-ww-live.akamaized.net/x=3/i=urn:bbc:pips:service:bbc_arabic_tv/pc_hd_abr_v2_akamai_hls_live_http.m3u8?checkedby:iptvcat.com
BBC Persian,https://vs-hls-pushb-ww-live.akamaized.net/x=3/i=urn:bbc:pips:service:bbc_persian_tv/pc_hd_abr_v2_akamai_hls_live_http.m3u8?checkedby:iptvcat.com
BBC World News,http://103.199.161.254/Content/bbcworld/Live/Channel%28BBCworld%29/index.m3u8
Better Life TV,http://uni5rtmp.tulix.tv:1935/betterlife/betterlife/playlist.m3u8?checkedby:iptvcat.com
Better Nature TV,http://uni5rtmp.tulix.tv:1935/betternature/betternature/playlist.m3u8?checkedby:iptvcat.com
Bloomberg Quicktake,http://bloomberg-quicktake-1-nl.samsung.wurl.tv/playlist.m3u8?checkedby:iptvcat.com
CafeTV24 Veneto,https://srvx1.selftv.video/cafe/live/playlist.m3u8?checkedby:iptvcat.com
Camp Spoopy「少儿」,https://stream.ads.ottera.tv/playlist.m3u8?network_id=269&livestream=1&live=1&app_bundle=com.plexapp.desktop&did=df8e1a36-847d-5096-86a7-3803ed330ede&app_domain=app.plex.tv&app_name=plex&h=691&w=1224&content_title=MorUy57ijWhGe4ixZb_T&content_series=5f77a99416621400402b3dc1&custom4=plex&gdpr=1&device_make=Windows&device_model=Firefox&coppa=1&us_privacy=1---&checkedby:iptvcat.com
Canal 13 La Rioja,http://arcast.net:1935/mp/mp/playlist.m3u8?checkedby:iptvcat.com
Canal 4 Jujuy,http://190.52.32.13:1935/canal4/smil:manifest.smil/playlist.m3u8?checkedby:iptvcat.com
Cartoon Network,https://playout.cdn.cartoonnetwork.com.br/playout_02/playlist.m3u8?checkedby:iptvcat.com
Christian Youth Channel,http://media.smc-host.com:1935/cycnow.com/cyc2/chunklist_w884806316.m3u8?checkedby:iptvcat.com
CineView,https://cdn-apse1-prod.tsv2.amagi.tv/linear/amg01076-lightningintern-rialto-samsungnz/playlist.m3u8?checkedby:iptvcat.com
Cloudflare TV,https://cloudflare.tv/hls/live.m3u8?checkedby:iptvcat.com
Clubbing TV,https://clubbingtv-samsungnz.amagi.tv/playlist.m3u8?checkedby:iptvcat.com
Colosal TV,http://tv.ticosmedia.com:1935/COLOSAL/COLOSAL/playlist.m3u8?checkedby:iptvcat.com
Comet TV,http://usgeowall.sinclairstoryline.com/channel/3e45c6b5354a40f787e0b2aadb0f5d6a.m3u8?checkedby:iptvcat.com
Cultura 24,http://vs8.live.opencaster.com/cultura24/_definst_/mp4:cultura24_480/chunklist_w1999901240.m3u8?checkedby:iptvcat.com
DC Council Channel,http://video.oct.dc.gov/out/u/15_12.m3u8?checkedby:iptvcat.com
Dunya News,http://imob.dunyanews.tv/live/_definst_/dunyalive_1/FluxusTV.m3u8?checkedby:iptvcat.com
Dust,https://cdn-apse1-prod.tsv2.amagi.tv/linear/amg00219-gunpowdersky-dustintlnz-samsungnz/playlist.m3u8?checkedby:iptvcat.com
Eman Channel,https://ap02.iqplay.tv:8082/iqb8002/3m9n/playlist.m3u8?checkedby:iptvcat.com
Entertainment TV:Charge,https://usgeowall.sinclairstoryline.com/channel/37eb732888614810b512fdd82604244e.m3u8?checkedby:iptvcat.com
Failarmy International,http://failarmy-international-in.samsung.wurl.tv/playlist.m3u8?checkedby:iptvcat.com
Folk TV,http://584b0aa350b92.streamlock.net:1935/folk-tv/myStream.sdp/playlist.m3u8?checkedby:iptvcat.com
GB News,https://cdn-apse1-prod.tsv2.amagi.tv/linear/amg01076-lightningintern-gbnewsnz-samsungnz/playlist.m3u8?checkedby:iptvcat.com
Gems TV,http://57d6b85685bb8.streamlock.net:1935/abrgemporiaukgfx/livestream_360p/index.m3u8?checkedby:iptvcat.com
Gigant FM,https://video.uitzending.tv:19360/gigantfm/gigantfm.m3u8?checkedby:iptvcat.com
Gusto TV,https://cdn-apse1-prod.tsv2.amagi.tv/linear/amg01077-gustoworldwidem-gustotvnz-samsungnz/playlist.m3u8?checkedby:iptvcat.com
Hell's Kitchen,https://cdn-uw2-prod.tsv2.amagi.tv/linear/amg00654-itvstudios-hellskitchennl-samsungnl/playlist.m3u8?checkedby:iptvcat.com
HollyWire,https://bozztv.com/hwotta/playlist/playlist.m3u8?checkedby:iptvcat.com
Horse and Country,https://hncfree-samsungau.amagi.tv/playlist.m3u8
Iqra TV,https://ap02.iqplay.tv:8082/iqb8002/iq6a7k/playlist.m3u8?checkedby:iptvcat.com
KBEV Spectrum Channel 6 [Beverly Hills],https://s3-us-west-2.amazonaws.com/beverly-hills-high-school.castus-vod/live/ch1/video.m3u8?checkedby:iptvcat.com
Legislative Assembly of Ontario,http://origin-http-delivery.isilive.ca/live/_definst_/ontla/house-en/playlist.m3u8?checkedby:iptvcat.com
LifevisionTV,http://uni5rtmp.tulix.tv/lifevision/lifevision.stream/playlist.m3u8?checkedby:iptvcat.com
LON TV (Lokale Omroep Nuenen),https://streamingserver02.omroepnuenen.nl/lon/lonweb_720p/playlist.m3u8?checkedby:iptvcat.com
Midpen Media Center Arts Issues and Lifestyles Channel 30,https://5c2974786200d.streamlock.net/live-chan30/ngrp:ch30_all/playlist.m3u8?checkedby:iptvcat.com
Midpen Media Center Diversity and Culture Channel 75,https://5c2974786200d.streamlock.net/live-chan75/ngrp:ch75_all/playlist.m3u8?checkedby:iptvcat.com
Midpen Media Center Government etc Channel 26,https://5c2974786200d.streamlock.net/live-chan26/ngrp:ch26_all/playlist.m3u8?checkedby:iptvcat.com
Midpen Media Center Government etc Channel 29,https://5c2974786200d.streamlock.net/live-chan29/ngrp:ch29_all/playlist.m3u8?checkedby:iptvcat.com
Midpen Media Center Youth Education and Sports Channel 28,https://5c2974786200d.streamlock.net/live-chan28/ngrp:ch28_all/playlist.m3u8?checkedby:iptvcat.com
Morro Bay Channel 20,https://agp-nimble.streamguys1.com/MBCh20/MBCh20/playlist.m3u8?checkedby:iptvcat.com
NRBTV,http://uni6rtmp.tulix.tv/nrbnetwork/myStream.sdp/playlist.m3u8?checkedby:iptvcat.com
PequeRadio TV「少儿」,http://canadaremar2.todostreaming.es/live/peque-pequetv.m3u8?checkedby:iptvcat.com
Realitatea Plus,https://edge.realitatea.net/realitatea/plus_fq/playlist.m3u8?checkedby:iptvcat.com
Regio8 TV,https://ms7.mx-cd.net/dtv-10/91-475821/Regio8TV.smil/playlist.m3u8?checkedby:iptvcat.com
Reuters,https://32ce4aad1eed49b1ba2999fb68d119c8.mediatailor.us-east-1.amazonaws.com/v1/manifest/44f73ba4d03e9607dcd9bebdcb8494d86964f1d8/Plex_ReutersNow/678e78de-ad71-4747-936a-55da37f68898/6.m3u8?checkedby:iptvcat.com
RTV Rijnstreek TV,https://ms7.mx-cd.net/tv/290-3222276/RTV_Rijnstreek.smil/playlist.m3u8?checkedby:iptvcat.com
Ryan and Friends,https://cdn-apse1-prod.tsv2.amagi.tv/linear/amg00286-pocketwatch-ryanandfriends-samsungnz/playlist.m3u8?checkedby:iptvcat.com
Satran TV,http://139.162.182.79/live/test/index.m3u8?checkedby:iptvcat.com
SEA TV,http://203.176.130.123:8989/live/seatv_480k.stream/playlist.m3u8?checkedby:iptvcat.com
Smithsonian Channel,https://cdn-apse1-prod.tsv2.amagi.tv/linear/amg01553-blueantmediaasi-smithsoniannz-samsungnz/playlist.m3u8?checkedby:iptvcat.com
Smithsonian Channel Asia,https://smithsonianaus-samsungau.amagi.tv/playlist.m3u8
Stingray Classic Rock「音乐」,https://ott-linear-channels.stingray.com/hls/stirr/101.m3u8?checkedby:iptvcat.com
Stingray Everything 80s「音乐」,https://ott-linear-channels.stingray.com/hls/stirr/128.m3u8?checkedby:iptvcat.com
Stingray Flashback 70s「音乐」,https://ott-linear-channels.stingray.com/hls/stirr/115.m3u8?checkedby:iptvcat.com
Stingray Hit List「音乐」,https://ott-linear-channels.stingray.com/hls/stirr/107.m3u8?checkedby:iptvcat.com
Stingray Holiday Hits「音乐」,https://ott-linear-channels.stingray.com/hls/stirr/155.m3u8?checkedby:iptvcat.com
Stingray Hot Country「音乐」,https://ott-linear-channels.stingray.com/hls/stirr/108.m3u8?checkedby:iptvcat.com
Stingray Rock Alternative「音乐」,https://ott-linear-channels.stingray.com/hls/stirr/102.m3u8?checkedby:iptvcat.com
Stingray Today's Latin Pop「音乐」,https://ott-linear-channels.stingray.com/hls/stirr/190.m3u8?checkedby:iptvcat.com
Stingray Urban Beats「音乐」,https://ott-linear-channels.stingray.com/hls/stirr/133.m3u8?checkedby:iptvcat.com
Super Radyo DZBB,http://stream.gmanews.tv/ioslive/livestream/chunklist.m3u8?checkedby:iptvcat.com
SWR 3 Visual Radio,https://swrswr3vr-hls.akamaized.net/hls/live/2018683/swr3vr/master.m3u8?checkedby:iptvcat.com
TBD,http://content.uplynk.com/channel/1831163f97674328ad9f4b4814ed39c5.m3u8?checkedby:iptvcat.com
TelePegaso,https://flash2.xdevel.com/telepegasocanale812/telepegasocanale812/playlist.m3u8?checkedby:iptvcat.com
TeleUno TV,http://tv.teleunotv.cr:1935/TVUNO/TVUNO/playlist.m3u8?checkedby:iptvcat.com
The 360 Channel,https://www.filmon.com/vr-streams/4136.high/playlist.m3u8?checkedby:iptvcat.com
The Shopping Channel,https://tscstreaming-lh.akamaihd.net/i/TSCLiveStreaming_1@91031/master.m3u8?checkedby:iptvcat.com
Tierramia TV,http://live-edge01.telecentro.net.ar/live/smil:trm.smil/playlist.m3u8?checkedby:iptvcat.com
Time Line Australia,https://lds-timeline-samsungau.amagi.tv/playlist.m3u8
TJB「韩国」,http://1.245.74.5:1935/live/tv/.m3u8
Trace Sports Stars,https://trace-sportstars-samsungnz.amagi.tv/playlist.m3u8?checkedby:iptvcat.com
TV 41,http://stream.taksimbilisim.com:1935/tv41/smil:tv41.smil/chunklist.m3u8?checkedby:iptvcat.com
TV Brusque,https://5ad482a77183d.streamlock.net/rodrigotvbrusque.com.br/5d880199c902eb4a1e8df00d/playlist.m3u8?checkedby:iptvcat.com
TV Ellef,https://61ae39677a1ab.streamlock.net/tvellef/tvellef/playlist.m3u8?checkedby:iptvcat.com
TV Guará,https://video02.logicahost.com.br/tvguara23/tvguara23/playlist.m3u8?checkedby:iptvcat.com
TVK,http://203.176.130.123:8989/live/tvk_480k.stream/playlist.m3u8?checkedby:iptvcat.com
UCTV - University of California,https://59e8e1c60a2b2.streamlock.net/509/509.stream/playlist.m3u8?checkedby:iptvcat.com
UK | Akaal TV,http://cdnamd-hls-globecast.akamaized.net/live/ramdisk/akaal_tv/hls1_smart_akaal/akaal_tv.m3u8?checkedby:iptvcat.com
US | Albany | CBS 6 WRGB,https://content.uplynk.com/channel/bba3e7da884a49bba96341ecf5128f0f.m3u8?checkedby:iptvcat.com
US | Better Life TV,https://uni10rtmp.tulix.tv/betterlife/betterlife.stream/chunklist.m3u8?checkedby:iptvcat.com
US | Denver | ABC 7 KMGH,https://content.uplynk.com/channel/64ca339f04964a5e961c3207a7771bf1.m3u8?checkedby:iptvcat.com
WABI 5 - Bangor - Maine,https://ad-playlistserver.aws.syncbak.com/playlist/13613390/master.m3u8?access_token=eyJhbGciOiJIUzI1NiIsInR5cCI6IkpXVCIsImtpZCI6IkdyYXkyMDE2MDgyOSJ9.eyJtaWQiOjEzNjEzMzkwLCJtZDUiOiI2Y2M5MzczYjIxZWIwNzQ4ZDA0YTRlYzYyMjU2YjBhMiIsImlhdCI6MTQ5NzM4MTU5NywiaXNzIjoiU3luY2JhayIsInN1YiI6IkdyYXkifQ.qJPiMCbnGjAn9wgPrGjVl3M9Xfc4CVSyoZTZ5OH-1jo&checkedby:iptvcat.com
WCCA-TV,http://worcester.vod.castus.tv/live/ch1.m3u8?checkedby:iptvcat.com
Wicked Tuna,https://cdn-uw2-prod.tsv2.amagi.tv/linear/amg00353-lionsgatestudio-wickedtunanl-samsungnl/playlist.m3u8?checkedby:iptvcat.com
WJLA,https://content.uplynk.com/40cec2bf074c40f08932da03ab4510be.m3u8?checkedby:iptvcat.com
WKAQ-DT1 (Telemundo Puerto Rico),https://nbculocallive.akamaized.net/hls/live/2037499/puertorico/stream1/master.m3u8?checkedby:iptvcat.com
Wonder,https://cdn-apse1-prod.tsv2.amagi.tv/linear/amg00426-littledotstudio-wondernz-samsungnz/playlist.m3u8?checkedby:iptvcat.com
Wonder,https://lds-wonder-samsungau.amagi.tv/playlist.m3u8
Xplore,https://cdn-uw2-prod.tsv2.amagi.tv/linear/amg00111-hearstmediaprod-xploreintlnl-samsungnl/playlist.m3u8?checkedby:iptvcat.com
爱吃鱼的棕熊,https://hls.cntv.kcdnvip.com/asp/hls/1200/0303000a/3/default/79c7bb4495f74ca698f3111a6f7ba567/1200.m3u8
爱的奉献1,https://hls.cntv.kcdnvip.com/asp/hls/1200/0303000a/3/default/5b062ba2cd854ba993166d277af8a40d/1200.m3u8
爱的奉献2,https://hls.cntv.kcdnvip.com/asp/hls/1200/0303000a/3/default/80cf935aef484e15aa31b8fbd565be39/1200.m3u8
爱的奉献3,https://hls.cntv.kcdnvip.com/asp/hls/1200/0303000a/3/default/aee1f28cf3e94a5fa7468206d4f417ed/1200.m3u8
爱你我的宝宝(上),https://hls.cntv.kcdnvip.com/asp/hls/1200/0303000a/3/default/08f97ee21d884d0486c37ae6fb7c5683/1200.m3u8
爱你我的宝宝(下),https://hls.cntv.kcdnvip.com/asp/hls/1200/0303000a/3/default/f16dbba3ddf84af2a0ff1521448ee4da/1200.m3u8
爱与狗相伴,https://hls.cntv.kcdnvip.com/asp/hls/1200/0303000a/3/default/530a12d274184293802f51c38603f75a/1200.m3u8
遨游海底两万里,https://hls.cntv.kcdnvip.com/asp/hls/1200/0303000a/3/default/31d0363fb3714ce4b916790aa7da22db/1200.m3u8
白狮的荒野故事(上),https://hls.cntv.kcdnvip.com/asp/hls/1200/0303000a/3/default/649a0df6bc394fde973b2e8ef12ef3d6/1200.m3u8
白狮的荒野故事(下),https://hls.cntv.kcdnvip.com/asp/hls/1200/0303000a/3/default/1eee9eda1dec4c8da256c6b2ef70114a/1200.m3u8
白狮归来1,https://hls.cntv.kcdnvip.com/asp/hls/1200/0303000a/3/default/199ab14f5ba44a208371a3eef0029a09/1200.m3u8
白狮归来2,https://hls.cntv.kcdnvip.com/asp/hls/1200/0303000a/3/default/e3b36e52d0bc4a0a851a1bd3fa181365/1200.m3u8
白狮归来4,https://hls.cntv.kcdnvip.com/asp/hls/1200/0303000a/3/default/ffda5e0584b64e0d9dc3cc43783900cf/1200.m3u8
豹妈当家(上),https://hls.cntv.kcdnvip.com/asp/hls/1200/0303000a/3/default/984cda8d35d544658fbd96b417bdea1f/1200.m3u8
豹妈当家(下),https://hls.cntv.kcdnvip.com/asp/hls/1200/0303000a/3/default/33343249dabd4dcfaeb64da7ab7fe061/1200.m3u8
北极熊的冒险之旅(上),https://hls.cntv.kcdnvip.com/asp/hls/1200/0303000a/3/default/e1b4b7a8beb3459bbd44f505a3fcc99c/1200.m3u8
北极熊的冒险之旅(下),https://hls.cntv.kcdnvip.com/asp/hls/1200/0303000a/3/default/9ab29267ff5b4b2b99fdb74d1b9fec55/1200.m3u8
北极熊路在何方,https://hls.cntv.kcdnvip.com/asp/hls/1200/0303000a/3/default/38321222144945faa76d79c7785346a6/1200.m3u8
北极熊之光(上),https://hls.cntv.kcdnvip.com/asp/hls/1200/0303000a/3/default/9df8189c94b24b8b8bb6c69e448cc936/1200.m3u8
北极熊之光(下),https://hls.cntv.kcdnvip.com/asp/hls/1200/0303000a/3/default/ca1fabcc21d64b1f8cc933844830fcc5/1200.m3u8
被母狮拯救的小角马(上),https://hls.cntv.kcdnvip.com/asp/hls/1200/0303000a/3/default/ba95e1a983584925887c11306f83ccf8/1200.m3u8
被母狮拯救的小角马(下),https://hls.cntv.kcdnvip.com/asp/hls/1200/0303000a/3/default/8e655ba0c751468b9d18f3020133571f/1200.m3u8
变形记,https://hls.cntv.kcdnvip.com/asp/hls/1200/0303000a/3/default/c88fd67847314d1ab20524c9fd94d555/1200.m3u8
冰天雪地北极熊(上),https://hls.cntv.kcdnvip.com/asp/hls/1200/0303000a/3/default/15dd2029621a498d9c4d3eb2982285e7/1200.m3u8
冰天雪地北极熊(下),https://hls.cntv.kcdnvip.com/asp/hls/1200/0303000a/3/default/360e77812fc84a8198e85a60f087b049/1200.m3u8
冰雪王国里的童话,https://hls.cntv.kcdnvip.com/asp/hls/1200/0303000a/3/default/3b291326cf2648cd8119f5facf9e3b92/1200.m3u8
捕猎刹那间1,https://hls.cntv.kcdnvip.com/asp/hls/1200/0303000a/3/default/6b222a92e2b9484f86121a558915ddb5/1200.m3u8
捕猎刹那间2,https://hls.cntv.kcdnvip.com/asp/hls/1200/0303000a/3/default/eb2cf087eae64ff9a40258bbbc1a92ba/1200.m3u8
捕猎刹那间3,https://hls.cntv.kcdnvip.com/asp/hls/1200/0303000a/3/default/799ea1ddb3db403484fe2421d4831287/1200.m3u8
捕食奇谋(上),https://hls.cntv.kcdnvip.com/asp/hls/1200/0303000a/3/default/543fa61893394cc48d2802207c8a51e8/1200.m3u8
捕食奇谋(下),https://hls.cntv.kcdnvip.com/asp/hls/1200/0303000a/3/default/05ba8dcc7a224442a58f6d6f86885d25/1200.m3u8
捕食一瞬间(上),https://hls.cntv.kcdnvip.com/asp/hls/1200/0303000a/3/default/426cfdd1924a452b863c0cd52af6436b/1200.m3u8
捕食一瞬间(下),https://hls.cntv.kcdnvip.com/asp/hls/1200/0303000a/3/default/b66704d4d4aa4ea7bab6e6ef673568b3/1200.m3u8
捕食者大观,https://hls.cntv.kcdnvip.com/asp/hls/1200/0303000a/3/default/d19e46abe2754e2985715a147e653626/1200.m3u8
捕食者身体构造,https://hls.cntv.kcdnvip.com/asp/hls/1200/0303000a/3/default/83901acd0fed408f904a9b554c8e16ef/1200.m3u8
捕食者追猎现场(上),https://hls.cntv.kcdnvip.com/asp/hls/1200/0303000a/3/default/853b68324c2e4718ad08298aaed459b7/1200.m3u8
捕食者追猎现场(下),https://hls.cntv.kcdnvip.com/asp/hls/1200/0303000a/3/default/6016b09920a7447eb798f3f891f52bad/1200.m3u8
彩蛇之舞,https://hls.cntv.kcdnvip.com/asp/hls/1200/0303000a/3/default/002334474c7c4b8b98bad237a7bdeb7b/1200.m3u8
草原三巨头,https://hls.cntv.kcdnvip.com/asp/hls/1200/0303000a/3/default/2bdc779138bb4235b20a5155e40fa7c8/1200.m3u8
草原上的大猫王国,https://hls.cntv.kcdnvip.com/asp/hls/1200/0303000a/3/default/e98eed67d3164ec0a2f5a9215693f7a8/1200.m3u8
草原狮子的戏剧舞台(上),https://hls.cntv.kcdnvip.com/asp/hls/1200/0303000a/3/default/93fde1242f50415faa6da2dd5da9105b/1200.m3u8
草原狮子的戏剧舞台(下),https://hls.cntv.kcdnvip.com/asp/hls/1200/0303000a/3/default/c5b600bcb2c44c44b56e9afdb5243a07/1200.m3u8
草原之王上战场,https://hls.cntv.kcdnvip.com/asp/hls/1200/0303000a/3/default/bfb6917b29ea413c89e8ed8fa6e2a6ab/1200.m3u8
超凡猎手,https://hls.cntv.kcdnvip.com/asp/hls/1200/0303000a/3/default/77d5ca903f0948ad8c5ec57e49b3cc95/1200.m3u8
超凡猎手,https://hls.cntv.kcdnvip.com/asp/hls/1200/0303000a/3/default/8bd3d27314fd431a84d8443c2fdc8b02/1200.m3u8
超级猫行动,https://hls.cntv.kcdnvip.com/asp/hls/1200/0303000a/3/default/8d952bbdd6cc4e6abf9df153bc18e927/1200.m3u8
超级狮子家族,https://hls.cntv.kcdnvip.com/asp/hls/1200/0303000a/3/default/f689bc846e93479898d8dcbdffad9744/1200.m3u8
超级狮子群的故事(上),https://hls.cntv.kcdnvip.com/asp/hls/1200/0303000a/3/default/1c0a25fcb5564e02a435ec33fbdc4888/1200.m3u8
超级狮子群的故事(下),https://hls.cntv.kcdnvip.com/asp/hls/1200/0303000a/3/default/8986640e9a3f43be9ffe66f0feb41f72/1200.m3u8
充满爱的象家族1,https://hls.cntv.kcdnvip.com/asp/hls/1200/0303000a/3/default/4bd5e30e25244ef1a622142a1053d8c0/1200.m3u8
充满爱的象家族2,https://hls.cntv.kcdnvip.com/asp/hls/1200/0303000a/3/default/0acf5b4f7fc248f1bd0801b768375fd6/1200.m3u8
穿越森林的迷宫,https://hls.cntv.kcdnvip.com/asp/hls/1200/0303000a/3/default/52bf33932d1646529b95b044f187d4d3/1200.m3u8
穿越狮子的领地,https://hls.cntv.kcdnvip.com/asp/hls/1200/0303000a/3/default/ea08ccce272f4b7984eb665a97bab536/1200.m3u8
传奇母狮,https://hls.cntv.kcdnvip.com/asp/hls/1200/0303000a/3/default/c550dc54139b4e619e7d4a1c1ab69e56/1200.m3u8
聪明的建筑师,https://hls.cntv.kcdnvip.com/asp/hls/1200/0303000a/3/default/d04a550f19ac42869d7b4d3f5f9246b2/1200.m3u8
丛林勇士之战(上),https://hls.cntv.kcdnvip.com/asp/hls/1200/0303000a/3/default/2550722b92464a749fa7aceb52e22895/1200.m3u8
丛林勇士之战(下),https://hls.cntv.kcdnvip.com/asp/hls/1200/0303000a/3/default/c02959d3f2b14d3abf05ec017179c964/1200.m3u8
丛林之王美洲豹,https://hls.cntv.kcdnvip.com/asp/hls/1200/0303000a/3/default/bbb1037a32ad44cf8bab822eda34bc86/1200.m3u8
打造一只超级猫,https://hls.cntv.kcdnvip.com/asp/hls/1200/0303000a/3/default/ba966901198844d09399a354e203e6cb/1200.m3u8
大地骄子,https://hls.cntv.kcdnvip.com/asp/hls/1200/0303000a/3/default/b08d6ad2f22047bd93af89955db5ce46/1200.m3u8
大力士捕鱼记,https://hls.cntv.kcdnvip.com/asp/hls/1200/0303000a/3/default/1bcefb1f860746ebbbfe7f969c3a84ea/1200.m3u8
大猫榜中榜(上),https://hls.cntv.kcdnvip.com/asp/hls/1200/0303000a/3/default/e5c95f6d2f9447e2bbb0b2bba952e062/1200.m3u8
大猫榜中榜(下),https://hls.cntv.kcdnvip.com/asp/hls/1200/0303000a/3/default/9f813ed35c264d4ea10e57516dafe5d6/1200.m3u8
大猫传奇,https://hls.cntv.kcdnvip.com/asp/hls/1200/0303000a/3/default/6976a5d0ae0d4426bbd94bc1dd8f44a9/1200.m3u8
大猫归来,https://hls.cntv.kcdnvip.com/asp/hls/1200/0303000a/3/default/8c13b8463ee54e93a0a0ccc33dab33ef/1200.m3u8
大猫和邻居们(上),https://hls.cntv.kcdnvip.com/asp/hls/1200/0303000a/3/default/84359a09aab544b184a40865454e0b0a/1200.m3u8
大猫和邻居们(下),https://hls.cntv.kcdnvip.com/asp/hls/1200/0303000a/3/default/2c4bc4b10e7d408a8de9c9e3012f64ca/1200.m3u8
大猫猎手训练营,https://hls.cntv.kcdnvip.com/asp/hls/1200/0303000a/3/default/a08d9451f00a451682973c99b503dd6a/1200.m3u8
大猫们的世界,https://hls.cntv.kcdnvip.com/asp/hls/1200/0303000a/3/default/830375ed0f54449e8e369edc9635e329/1200.m3u8
大水獭回归的故事,https://hls.cntv.kcdnvip.com/asp/hls/1200/0303000a/3/default/0e114c18fa084fe58238307c66506675/1200.m3u8
大水獭桑丘的故事(上),https://hls.cntv.kcdnvip.com/asp/hls/1200/0303000a/3/default/ffea8bb4f0a04e53a82dab943e32bfb1/1200.m3u8
大水獭桑丘的故事(下),https://hls.cntv.kcdnvip.com/asp/hls/1200/0303000a/3/default/9934a6c232264addaf109ac76f21e7da/1200.m3u8
大象的别样生活(上),https://hls.cntv.kcdnvip.com/asp/hls/1200/0303000a/3/default/f4e6615b73ce42aa805767845425078a/1200.m3u8
大象的别样生活(下),https://hls.cntv.kcdnvip.com/asp/hls/1200/0303000a/3/default/f80446c8a43c4357af8680057ec1669f/1200.m3u8
大象的秘密生活(上),https://hls.cntv.kcdnvip.com/asp/hls/1200/0303000a/3/default/81f43884b4064750af230205752dbb63/1200.m3u8
大象的秘密生活(下),https://hls.cntv.kcdnvip.com/asp/hls/1200/0303000a/3/default/43e021f3a6dc4b6089c71afe80552fae/1200.m3u8
大象与羊的快乐生活,https://hls.cntv.kcdnvip.com/asp/hls/1200/0303000a/3/default/b72e3a49fdd44f36915d6cc59aa0a113/1200.m3u8
大象与羊的神奇友情(上),https://hls.cntv.kcdnvip.com/asp/hls/1200/0303000a/3/default/7689d02607d34fdb8ce22cc479e42e91/1200.m3u8
大象与羊的神奇友情(下),https://hls.cntv.kcdnvip.com/asp/hls/1200/0303000a/3/default/8ab73d30adff4cfa8e5afda910387dfc/1200.m3u8
冬季传说雪鸮,https://hls.cntv.kcdnvip.com/asp/hls/1200/0303000a/3/default/e76b2116c4514daea844fbdd1b56ab5d/1200.m3u8
冬日雪鸮,https://hls.cntv.kcdnvip.com/asp/hls/1200/0303000a/3/default/1a7b439474b6439c91dc5d5b2cb736d4/1200.m3u8
动物宝宝闯天涯(上),https://hls.cntv.kcdnvip.com/asp/hls/1200/0303000a/3/default/e1f91fe01a9b4b24834a0a6e4b309bb2/1200.m3u8
动物宝宝闯天涯(下),https://hls.cntv.kcdnvip.com/asp/hls/1200/0303000a/3/default/d5937591787941518b5a1390f7a1e792/1200.m3u8
动物搏击赛,https://hls.cntv.kcdnvip.com/asp/hls/1200/0303000a/3/default/22ef116331af49a782d42488e396837e/1200.m3u8
动物搏击运动会,https://hls.cntv.kcdnvip.com/asp/hls/1200/0303000a/3/default/0f74c44316a34ea482ecae43f5c12fa8/1200.m3u8
动物的海底宫殿,https://hls.cntv.kcdnvip.com/asp/hls/1200/0303000a/3/default/0929798fce744530b14a6add96afcdf3/1200.m3u8
动物父母有梦想(上),https://hls.cntv.kcdnvip.com/asp/hls/1200/0303000a/3/default/f069e600b3584765840f34e9d641919a/1200.m3u8
动物父母有梦想(下),https://hls.cntv.kcdnvip.com/asp/hls/1200/0303000a/3/default/1c1df6f1bff5454a9570693475f920ef/1200.m3u8
动物冠军竞技场(上),https://hls.cntv.kcdnvip.com/asp/hls/1200/0303000a/3/default/cf107046774d4db5a1ac622e880488e2/1200.m3u8
动物冠军竞技场(下),https://hls.cntv.kcdnvip.com/asp/hls/1200/0303000a/3/default/9f1dc957013c4765a96b86c1890e4ae2/1200.m3u8
动物冠军俱乐部,https://hls.cntv.kcdnvip.com/asp/hls/1200/0303000a/3/default/65227347336749ffa373661cac985952/1200.m3u8
动物界捕食奇观,https://hls.cntv.kcdnvip.com/asp/hls/1200/0303000a/3/default/5215de3e2a7b41009ed1ded1f29fea40/1200.m3u8
动物霓裳羽衣之妙,https://hls.cntv.kcdnvip.com/asp/hls/1200/0303000a/3/default/b4aea8cd185c4126a37aa6e92d179f82/1200.m3u8
动物世界,https://hls.cntv.kcdnvip.com/asp/hls/1200/0303000a/3/default/71d7dce230b74c1b9e35b41e837ffc5f/1200.m3u8
动物与计谋,https://hls.cntv.kcdnvip.com/asp/hls/1200/0303000a/3/default/403122f54ee5492fa9e5d2b8f0087ad2/1200.m3u8
都市里的丛林(上),https://hls.cntv.kcdnvip.com/asp/hls/1200/0303000a/3/default/2e2e0e875d624196af0488f6b07bb2e0/1200.m3u8
都市里的丛林(下),https://hls.cntv.kcdnvip.com/asp/hls/1200/0303000a/3/default/9f79dac568844de8813e682b280efb4f/1200.m3u8
都市里的野生家园(上),https://hls.cntv.kcdnvip.com/asp/hls/1200/0303000a/3/default/03770b0594d44f289ce91022fe37a7bf/1200.m3u8
都市里的野生家园(下),https://hls.cntv.kcdnvip.com/asp/hls/1200/0303000a/3/default/06ca0e5a61624f11987ba99dc9a8ed64/1200.m3u8
鳄鱼出海,https://hls.cntv.kcdnvip.com/asp/hls/1200/0303000a/3/default/7bdf23a599b44a7c8308684cbb789da0/1200.m3u8
鳄鱼王漂流记,https://hls.cntv.kcdnvip.com/asp/hls/1200/0303000a/3/default/8da4a365db75455cb0c15bd7681b57fc/1200.m3u8
非同一般的友谊,https://hls.cntv.kcdnvip.com/asp/hls/1200/0303000a/3/default/fc5b68979baa47e6ab90db7e78b43364/1200.m3u8
非洲水牛战狮群(上),https://hls.cntv.kcdnvip.com/asp/hls/1200/0303000a/3/default/945ab75be37f46c984dade1efb742b00/1200.m3u8
非洲水牛战狮群(下),https://hls.cntv.kcdnvip.com/asp/hls/1200/0303000a/3/default/76d3b3c55eaf44b198ceb0f456f41416/1200.m3u8
非洲野放计划2,https://hls.cntv.kcdnvip.com/asp/hls/1200/0303000a/3/default/21ff76c2151743f983d8f67d3cc7231d/1200.m3u8
非洲野放计划3,https://hls.cntv.kcdnvip.com/asp/hls/1200/0303000a/3/default/234631821d1343b086ed272be364d861/1200.m3u8
非洲野放计划4,https://hls.cntv.kcdnvip.com/asp/hls/1200/0303000a/3/default/28f6148101924fadb0f1cab6017801fe/1200.m3u8
非洲野狗家族,https://hls.cntv.kcdnvip.com/asp/hls/1200/0303000a/3/default/2e64ec647a314b74b27ebc7f6bb985f2/1200.m3u8
疯狂的爱,https://hls.cntv.kcdnvip.com/asp/hls/1200/0303000a/3/default/35b481b5e27a4fa2b2c03f42596b68ba/1200.m3u8
高个子幸运儿,https://hls.cntv.kcdnvip.com/asp/hls/1200/0303000a/3/default/0ea3dbe589a34258b6109229223de234/1200.m3u8
古老的活化石恒河鳄(上),https://hls.cntv.kcdnvip.com/asp/hls/1200/0303000a/3/default/f8c9f1b5ac454c9a9ec5fda21c62b926/1200.m3u8
古老的活化石恒河鳄(下),https://hls.cntv.kcdnvip.com/asp/hls/1200/0303000a/3/default/966f8103448c4dcdabee095eeb340451/1200.m3u8
海的呼唤,https://hls.cntv.kcdnvip.com/asp/hls/1200/0303000a/3/default/ee6a46541b624388a01ba2fc14c34079/1200.m3u8
海底生存战,https://hls.cntv.kcdnvip.com/asp/hls/1200/0303000a/3/default/20225ac33ef7408e8c7040cb39d6a595/1200.m3u8
海鬣蜥的故事,https://hls.cntv.kcdnvip.com/asp/hls/1200/0303000a/3/default/d19635c3f57f4e538e078569ac796fd6/1200.m3u8
海鬣蜥的幸福生活,https://hls.cntv.kcdnvip.com/asp/hls/1200/0303000a/3/default/a66f6344f9cc4ed3b42b06e678124d0f/1200.m3u8
海豚的奇妙生活(上),https://hls.cntv.kcdnvip.com/asp/hls/1200/0303000a/3/default/30385b1caa214c9a8c6c53ef69ce7e18/1200.m3u8
海豚的奇妙生活(下),https://hls.cntv.kcdnvip.com/asp/hls/1200/0303000a/3/default/b61b0646586142aca08c2e8d333c385b/1200.m3u8
海洋宫殿的守护者,https://hls.cntv.kcdnvip.com/asp/hls/1200/0303000a/3/default/86c73156b8ad405180ed252940b2155c/1200.m3u8
海洋里的神奇家族(上),https://hls.cntv.kcdnvip.com/asp/hls/1200/0303000a/3/default/ef8e561920694e4a81cd1933314610cb/1200.m3u8
海洋里的神奇家族(下),https://hls.cntv.kcdnvip.com/asp/hls/1200/0303000a/3/default/5775e1919dca48169eb22986804455b3/1200.m3u8
海洋里的神奇家族(下),https://hls.cntv.kcdnvip.com/asp/hls/1200/0303000a/3/default/a68ae907dc7e4783af8d9547a1926435/1200.m3u8
海洋猎手,https://hls.cntv.kcdnvip.com/asp/hls/1200/0303000a/3/default/f98ebc30517647839c09fb17e0dbea04/1200.m3u8
旱季极限生存战,https://hls.cntv.kcdnvip.com/asp/hls/1200/0303000a/3/default/1b750e952abb452c9f77d44f8d8bae17/1200.m3u8
旱季冒险故事,https://hls.cntv.kcdnvip.com/asp/hls/1200/0303000a/3/default/ac505ca5d2d5469eb21448c300a8c16c/1200.m3u8
旱季生存攻略,https://hls.cntv.kcdnvip.com/asp/hls/1200/0303000a/3/default/3f34548881664dd6afb01ccdcb677a5d/1200.m3u8
呵护,https://hls.cntv.kcdnvip.com/asp/hls/1200/0303000a/3/default/3e2d88a89cd9464e89f3b4b6353db194/1200.m3u8
河里的捕食大师(上),https://hls.cntv.kcdnvip.com/asp/hls/1200/0303000a/3/default/bf70f8033ec049f5be4698c3497d3868/1200.m3u8
河里的捕食大师(下),https://hls.cntv.kcdnvip.com/asp/hls/1200/0303000a/3/default/040c050908a340238dacd1ac86694543/1200.m3u8
河龙王出海,https://hls.cntv.kcdnvip.com/asp/hls/1200/0303000a/3/default/f352ba97a41146279f5d250cc8c670bb/1200.m3u8
黑猩猩的丛林法则,https://hls.cntv.kcdnvip.com/asp/hls/1200/0303000a/3/default/05ff5278105445e1a9d5651372faf47e/1200.m3u8
猴子的智慧,https://hls.cntv.kcdnvip.com/asp/hls/1200/0303000a/3/default/ef01d6b79fe74daf9bd63ff0469713d2/1200.m3u8
虎妈妈爱(上),https://hls.cntv.kcdnvip.com/asp/hls/1200/0303000a/3/default/6855ee238c9c4e9893ff342b7dbe5a2b/1200.m3u8
虎妈妈爱(下),https://hls.cntv.kcdnvip.com/asp/hls/1200/0303000a/3/default/9b07324b869c457e80531b72e979ee1a/1200.m3u8
花豹柔情,https://hls.cntv.kcdnvip.com/asp/hls/1200/0303000a/3/default/96712ee30d144f21a0566f3c1b2fbc56/1200.m3u8
荒野里的呼唤,https://hls.cntv.kcdnvip.com/asp/hls/1200/0303000a/3/default/de55f16b130042b19472ef89e184d719/1200.m3u8
家有萌宝(五),https://hls.cntv.kcdnvip.com/asp/hls/1200/0303000a/3/default/496e4c0e2de74aaf968651d447eeb12a/1200.m3u8
家有萌宝1,https://hls.cntv.kcdnvip.com/asp/hls/1200/0303000a/3/default/7c53f1554802430587ecc54b1cef1002/1200.m3u8
家有萌宝2,https://hls.cntv.kcdnvip.com/asp/hls/1200/0303000a/3/default/81f9af4e6a6f41daa48c6c0091e4d66b/1200.m3u8
家有萌宝3,https://hls.cntv.kcdnvip.com/asp/hls/1200/0303000a/3/default/fe463d857de5415daa72441ab0cdab7f/1200.m3u8
家有萌宝4,https://hls.cntv.kcdnvip.com/asp/hls/1200/0303000a/3/default/15d2240bbfc34785bfc2ab8147244466/1200.m3u8
家有萌狗,https://hls.cntv.kcdnvip.com/asp/hls/1200/0303000a/3/default/0fb39f83b1764305bd0216f15b8ab88a/1200.m3u8
角马幸运儿(上),https://hls.cntv.kcdnvip.com/asp/hls/1200/0303000a/3/default/40c883e3f4c441d08422ce49aec61644/1200.m3u8
角马幸运儿(下),https://hls.cntv.kcdnvip.com/asp/hls/1200/0303000a/3/default/67b7d65e3b3e4b509e314e65937ef369/1200.m3u8
金豺夫妇的故事,https://hls.cntv.kcdnvip.com/asp/hls/1200/0303000a/3/default/5b71afacb8eb442d9d4a5844d3ceca15/1200.m3u8
进化中的北极熊,https://hls.cntv.kcdnvip.com/asp/hls/1200/0303000a/3/default/caf316bd282e4bfdbbd36bac2514c428/1200.m3u8
镜头里的真相1,https://hls.cntv.kcdnvip.com/asp/hls/1200/0303000a/3/default/df70034b3a4243bd888d18b8b877787d/1200.m3u8
巨兽来了,https://hls.cntv.kcdnvip.com/asp/hls/1200/0303000a/3/default/1224d3b3e1ba410d8dc316f2f2ab1872/1200.m3u8
巨藻林的守卫者,https://hls.cntv.kcdnvip.com/asp/hls/1200/0303000a/3/default/432e7e692dc841bfaefb5e662de89bdc/1200.m3u8
凯门鳄的奇妙旅程,https://hls.cntv.kcdnvip.com/asp/hls/1200/0303000a/3/default/aba970eff8be48beb339a2ad027592cf/1200.m3u8
看得见的远方1,https://hls.cntv.kcdnvip.com/asp/hls/1200/0303000a/3/default/f532415139fb4dc3a0e9de757d535d6a/1200.m3u8
看得见的远方3,https://hls.cntv.kcdnvip.com/asp/hls/1200/0303000a/3/default/255a802e924a44f381318db92a32431e/1200.m3u8
可爱的海獭(上),https://hls.cntv.kcdnvip.com/asp/hls/1200/0303000a/3/default/340266a6b3ff421fa174208845f56fef/1200.m3u8
可爱的海獭(下),https://hls.cntv.kcdnvip.com/asp/hls/1200/0303000a/3/default/ef9b2898e92146d29a2e926ce1107eac/1200.m3u8
辣妈带娃记,https://hls.cntv.kcdnvip.com/asp/hls/1200/0303000a/3/default/8fd303fc08454c3497673fa40ced6284/1200.m3u8
来到这个美丽的世界(上),https://hls.cntv.kcdnvip.com/asp/hls/1200/0303000a/3/default/003d910853de498299eb47d7d8a2eedf/1200.m3u8
来到这个美丽的世界(下),https://hls.cntv.kcdnvip.com/asp/hls/1200/0303000a/3/default/9323ea96cf6a47afaf798fca6d9411e6/1200.m3u8
冷静与柔情,https://hls.cntv.kcdnvip.com/asp/hls/1200/0303000a/3/default/554c1b879dc646d4ab188dfd58a0f02f/1200.m3u8
猎豹妈妈奋斗记,https://hls.cntv.kcdnvip.com/asp/hls/1200/0303000a/3/default/6b10d45dafaa47f4a3c3444946c074c9/1200.m3u8
猎豹妈妈育儿记(上),https://hls.cntv.kcdnvip.com/asp/hls/1200/0303000a/3/default/dba9097ef49e42acb2c6597e04551fbc/1200.m3u8
猎豹妈妈育儿记(下),https://hls.cntv.kcdnvip.com/asp/hls/1200/0303000a/3/default/fca702ad83284ff0a3b883a735913060/1200.m3u8
猎食计划1,https://hls.cntv.kcdnvip.com/asp/hls/1200/0303000a/3/default/cd732e06e7934a3daef6483c6be1afca/1200.m3u8
猎食计划2,https://hls.cntv.kcdnvip.com/asp/hls/1200/0303000a/3/default/497afdb07e92409fb8cb5c0249dfe6d7/1200.m3u8
猎食计划3,https://hls.cntv.kcdnvip.com/asp/hls/1200/0303000a/3/default/947b6c076a0c4a3ca72a1274731feb66/1200.m3u8
猎手求生记,https://hls.cntv.kcdnvip.com/asp/hls/1200/0303000a/3/default/5bc79939a4804f199e606cc08b1bb416/1200.m3u8
猎手生存攻略,https://hls.cntv.kcdnvip.com/asp/hls/1200/0303000a/3/default/703310100a944d78a5e6838f80920cd6/1200.m3u8
鬣蜥生存攻略,https://hls.cntv.kcdnvip.com/asp/hls/1200/0303000a/3/default/ae22dffaf28f496584fc581ab72fab9c/1200.m3u8
林间潜伏,https://hls.cntv.kcdnvip.com/asp/hls/1200/0303000a/3/default/922b142fef9443218be5eaf44df0b397/1200.m3u8
领养一只宠物狗,https://hls.cntv.kcdnvip.com/asp/hls/1200/0303000a/3/default/ec7ccf71d6544387afbfc956f4c29ceb/1200.m3u8
龙宫里的奇异动物,https://hls.cntv.kcdnvip.com/asp/hls/1200/0303000a/3/default/3528163c6b7d4a48b09b24027351ccf7/1200.m3u8
猫科动物谁为王者(上),https://hls.cntv.kcdnvip.com/asp/hls/1200/0303000a/3/default/17c3860b26c14110a740dfa49785a1bd/1200.m3u8
猫科动物谁为王者(下),https://hls.cntv.kcdnvip.com/asp/hls/1200/0303000a/3/default/1cbb873dc7474315b86788e9f657534a/1200.m3u8
美食的,https://hls.cntv.kcdnvip.com/asp/hls/1200/0303000a/3/default/9debd40527e34471bdfbe1212aa198d7/1200.m3u8
萌狗诞生记,https://hls.cntv.kcdnvip.com/asp/hls/1200/0303000a/3/default/0f68b16f162c493c8d82a57135f16da0/1200.m3u8
猛虎柔情,https://hls.cntv.kcdnvip.com/asp/hls/1200/0303000a/3/default/dd3be5a89c1542d3bb4db0953a1430c6/1200.m3u8
秘境里的动物王国,https://hls.cntv.kcdnvip.com/asp/hls/1200/0303000a/3/default/bb36368ba24f47ed88d4204fd3db5483/1200.m3u8
秘境里的奇观,https://hls.cntv.kcdnvip.com/asp/hls/1200/0303000a/3/default/38ba9675721d4259b3dd327b7e212a39/1200.m3u8
秘境之蛇,https://hls.cntv.kcdnvip.com/asp/hls/1200/0303000a/3/default/c4e45ac9dd2642b6ae9fb95b470224a9/1200.m3u8
母爱的呵护,https://hls.cntv.kcdnvip.com/asp/hls/1200/0303000a/3/default/a6ec4d0475e1453e8ede023e346c2350/1200.m3u8
母爱之路,https://hls.cntv.kcdnvip.com/asp/hls/1200/0303000a/3/default/115d481467e04333be047fcebf482b3e/1200.m3u8
南美野生世界1,https://hls.cntv.kcdnvip.com/asp/hls/1200/0303000a/3/default/35eac4ae4e024654b845f5c7b2221d15/1200.m3u8
南美野生世界2,https://hls.cntv.kcdnvip.com/asp/hls/1200/0303000a/3/default/9c743ea1e41f4bf585fb1470c9575c0d/1200.m3u8
南美野生世界3,https://hls.cntv.kcdnvip.com/asp/hls/1200/0303000a/3/default/68caf99e50bc496fb478b0ed8f4b421a/1200.m3u8
螃蟹岛海战(上),https://hls.cntv.kcdnvip.com/asp/hls/1200/0303000a/3/default/d0137f4e9adc44a7856c7288fe8ca3d2/1200.m3u8
螃蟹岛海战(下),https://hls.cntv.kcdnvip.com/asp/hls/1200/0303000a/3/default/d784a777f3dd42b3b73be06858b71197/1200.m3u8
奇迹发生的时刻,https://hls.cntv.kcdnvip.com/asp/hls/1200/0303000a/3/default/1dbbdbb87b8f410cbc0f3c742201cd7d/1200.m3u8
奇特动物的奇特遭遇(上),https://hls.cntv.kcdnvip.com/asp/hls/1200/0303000a/3/default/2b20f8ba9ae14d96b9907f59bb758595/1200.m3u8
奇特动物的奇特遭遇(下),https://hls.cntv.kcdnvip.com/asp/hls/1200/0303000a/3/default/0ebab68eda084509b18c27982ecfb660/1200.m3u8
奇异世界的动物们2,https://hls.cntv.kcdnvip.com/asp/hls/1200/0303000a/3/default/ef3ee1bb8ff946a9adf07486709883eb/1200.m3u8
奇异世界的动物们3,https://hls.cntv.kcdnvip.com/asp/hls/1200/0303000a/3/default/efa51c5e3af04df89e68606d75333080/1200.m3u8
棋逢对手,https://hls.cntv.kcdnvip.com/asp/hls/1200/0303000a/3/default/3d515f3011c64797ae15bf36c639cb49/1200.m3u8
潜水大师的岛上生活(上),https://hls.cntv.kcdnvip.com/asp/hls/1200/0303000a/3/default/cd88344f084b47c593388fdf6a8c443f/1200.m3u8
潜水大师的岛上生活(下),https://hls.cntv.kcdnvip.com/asp/hls/1200/0303000a/3/default/76332b54d8074b0fada76d081570d621/1200.m3u8
抢滩勇士(下),https://hls.cntv.kcdnvip.com/asp/hls/1200/0303000a/3/default/0d4351715b27425d87a926b964b6cdaf/1200.m3u8
勤奋的捕食者,https://hls.cntv.kcdnvip.com/asp/hls/1200/0303000a/3/default/4793c8276c184d03bc3ba5e9b6dc9610/1200.m3u8
情满大草原1,https://hls.cntv.kcdnvip.com/asp/hls/1200/0303000a/3/default/222ec6157bf34d8c9abd0e62ddae6ee1/1200.m3u8
情满大草原2,https://hls.cntv.kcdnvip.com/asp/hls/1200/0303000a/3/default/8200031edc9f434583d9b3f738ac4448/1200.m3u8
情满大草原3,https://hls.cntv.kcdnvip.com/asp/hls/1200/0303000a/3/default/0ab9b80f79884e22b6390b2deefdc571/1200.m3u8
如履薄冰的北极熊(上),https://hls.cntv.kcdnvip.com/asp/hls/1200/0303000a/3/default/f31953326cca4b5e9c5f7e285a5cddb7/1200.m3u8
如履薄冰的北极熊(下),https://hls.cntv.kcdnvip.com/asp/hls/1200/0303000a/3/default/b6576aa2cd4e43a9a5ddc4af16695a28/1200.m3u8
森林是我家1,https://hls.cntv.kcdnvip.com/asp/hls/1200/0303000a/3/default/c105c056c3f744baa49ce0b8b39c1f3b/1200.m3u8
森林是我家2,https://hls.cntv.kcdnvip.com/asp/hls/1200/0303000a/3/default/63bb582977074c57a127eaca9d954154/1200.m3u8
森林是我家3,https://hls.cntv.kcdnvip.com/asp/hls/1200/0303000a/3/default/14b683f0668f404a9bb8ea74d14c5c8e/1200.m3u8
沙滩上的盛宴,https://hls.cntv.kcdnvip.com/asp/hls/1200/0303000a/3/default/31e38a0232734780842a9031072c2073/1200.m3u8
蛇类大观园,https://hls.cntv.kcdnvip.com/asp/hls/1200/0303000a/3/default/414f84230ced4696af656a112385b72c/1200.m3u8
深海潜伏的猎手,https://hls.cntv.kcdnvip.com/asp/hls/1200/0303000a/3/default/f1a00ae54f3b428bac1ed388ced1ce70/1200.m3u8
神秘的眼睛王蛇,https://hls.cntv.kcdnvip.com/asp/hls/1200/0303000a/3/default/cb73d16a9e02484ab4708b0268b63bcf/1200.m3u8
生存的望(上),https://hls.cntv.kcdnvip.com/asp/hls/1200/0303000a/3/default/fd00ce388b994d7195dbefc1beb5726b/1200.m3u8
生存的望(下),https://hls.cntv.kcdnvip.com/asp/hls/1200/0303000a/3/default/d9765b81ca83444a9ba7b6a335b2466a/1200.m3u8
生存极限大挑战,https://hls.cntv.kcdnvip.com/asp/hls/1200/0303000a/3/default/9dc7b6dcacde4fad9467c4d2c61da3d1/1200.m3u8
盛宴的旅程,https://hls.cntv.kcdnvip.com/asp/hls/1200/0303000a/3/default/fbcd61c318c34e08854c3911086a7406/1200.m3u8
狮口余生的小角马(上),https://hls.cntv.kcdnvip.com/asp/hls/1200/0303000a/3/default/7cfc0fe7981b4022b69c3e1cb7317b77/1200.m3u8
狮群的家园生活,https://hls.cntv.kcdnvip.com/asp/hls/1200/0303000a/3/default/cad939a2eb714f4b9d37c4185674d50b/1200.m3u8
狮群的荣耀,https://hls.cntv.kcdnvip.com/asp/hls/1200/0303000a/3/default/84b850056589475f80528cf28b9b840a/1200.m3u8
狮子捕猎计划,https://hls.cntv.kcdnvip.com/asp/hls/1200/0303000a/3/default/6f2b58a05add4e2a9907ba370473332a/1200.m3u8
狮子的荣耀回归之路1,https://hls.cntv.kcdnvip.com/asp/hls/1200/0303000a/3/default/bec9f485672345339c49bc345edf9fd5/1200.m3u8
狮子的荣耀回归之路2,https://hls.cntv.kcdnvip.com/asp/hls/1200/0303000a/3/default/bdb438a81a20403db85b6e9d12707f2d/1200.m3u8
狮子的荣耀回归之路3,https://hls.cntv.kcdnvip.com/asp/hls/1200/0303000a/3/default/50ef8c8037da4735a9cb9288f45878b0/1200.m3u8
狮子的荣耀回归之路4,https://hls.cntv.kcdnvip.com/asp/hls/1200/0303000a/3/default/2fea6699d56f4274b5ab5260b016fda2/1200.m3u8
狮子和鬣狗(上),https://hls.cntv.kcdnvip.com/asp/hls/1200/0303000a/3/default/6ca061c3b9184e7aa46cef1ead911099/1200.m3u8
狮子和鬣狗(下),https://hls.cntv.kcdnvip.com/asp/hls/1200/0303000a/3/default/e5ea8f4b0cbd4d7aa779b9dfed5a9448/1200.m3u8
狮族迷踪1,https://hls.cntv.kcdnvip.com/asp/hls/1200/0303000a/3/default/801151749824437aaa0afa87bfcf7abf/1200.m3u8
狮族迷踪2,https://hls.cntv.kcdnvip.com/asp/hls/1200/0303000a/3/default/b4ff6041c00246af815b679a7ee6c4a6/1200.m3u8
狮族迷踪3,https://hls.cntv.kcdnvip.com/asp/hls/1200/0303000a/3/default/5e01c3ff2a5844ab80643ce67ba29026/1200.m3u8
湿地小萌兽,https://hls.cntv.kcdnvip.com/asp/hls/1200/0303000a/3/default/00892961ec6546ae8c78e96d1dd0874a/1200.m3u8
湿地有萌兽,https://hls.cntv.kcdnvip.com/asp/hls/1200/0303000a/3/default/e3c31d84ec7e4035a8501db9df1d140b/1200.m3u8
湿地之争豹与鳄鱼,https://hls.cntv.kcdnvip.com/asp/hls/1200/0303000a/3/default/1fe1e5df7c9d4b38a0a855e092a7b6c1/1200.m3u8
兽语如歌,https://hls.cntv.kcdnvip.com/asp/hls/1200/0303000a/3/default/9d7bcf3e27d941cfac2e6c933ad9b543/1200.m3u8
水牛向前冲(上),https://hls.cntv.kcdnvip.com/asp/hls/1200/0303000a/3/default/2f05eb49b3a049c88a848a1104dc856f/1200.m3u8
水牛向前冲(下),https://hls.cntv.kcdnvip.com/asp/hls/1200/0303000a/3/default/bda4b441c07e40cb8a418381d0506c80/1200.m3u8
水牛与狮子的争战,https://hls.cntv.kcdnvip.com/asp/hls/1200/0303000a/3/default/d1e0dc98b1374b43b157bf82eebc6d09/1200.m3u8
水獭奇缘,https://hls.cntv.kcdnvip.com/asp/hls/1200/0303000a/3/default/da2d147b25404552b118111dd52d7a25/1200.m3u8
水豚爱湿地,https://hls.cntv.kcdnvip.com/asp/hls/1200/0303000a/3/default/c7488fc3bed341ad827c054d3ec7e62d/1200.m3u8
速度大比拼(上),https://hls.cntv.kcdnvip.com/asp/hls/1200/0303000a/3/default/2746acf40172425180162fc3a316416b/1200.m3u8
速度大比拼(下),https://hls.cntv.kcdnvip.com/asp/hls/1200/0303000a/3/default/d2e5439b8a9c4b53970e5c3b0eee9abd/1200.m3u8
速度与生存(五),https://hls.cntv.kcdnvip.com/asp/hls/1200/0303000a/3/default/9953caf767b04ae782540c8ac53eaaa4/1200.m3u8
速度与生存1,https://hls.cntv.kcdnvip.com/asp/hls/1200/0303000a/3/default/1cc83ec8b9b44794b63e1a249b9fb2fb/1200.m3u8
速度与生存2,https://hls.cntv.kcdnvip.com/asp/hls/1200/0303000a/3/default/31abc302978f45df9c4e8aaa3972d599/1200.m3u8
速度与生存3,https://hls.cntv.kcdnvip.com/asp/hls/1200/0303000a/3/default/570d9ce8d39d4ede9a26ae6de4d28f54/1200.m3u8
速度与生存4,https://hls.cntv.kcdnvip.com/asp/hls/1200/0303000a/3/default/f37b1966271f4527a581ed9275c34f7c/1200.m3u8
探秘冰上的北极熊(上),https://hls.cntv.kcdnvip.com/asp/hls/1200/0303000a/3/default/6a74d01391d849849c7391b2466f3752/1200.m3u8
探秘冰上的北极熊(下),https://hls.cntv.kcdnvip.com/asp/hls/1200/0303000a/3/default/509e924ad47e422984af226b26236bf6/1200.m3u8
探秘雨林利爪族(上),https://hls.cntv.kcdnvip.com/asp/hls/1200/0303000a/3/default/dc83b3fe7f874e33959bdbf034e6451c/1200.m3u8
探秘雨林利爪族(下),https://hls.cntv.kcdnvip.com/asp/hls/1200/0303000a/3/default/5a8fd3e4e8ba4ca5b62f1b90ae9c3640/1200.m3u8
天生野长生命课程(上),https://hls.cntv.kcdnvip.com/asp/hls/1200/0303000a/3/default/95839705cfdc471aa67a09b7cfd6f52d/1200.m3u8
天生野长生命延续(上),https://hls.cntv.kcdnvip.com/asp/hls/1200/0303000a/3/default/87be5f0e1fb14d139fe696081a787914/1200.m3u8
天生野长生命延续(下),https://hls.cntv.kcdnvip.com/asp/hls/1200/0303000a/3/default/b95e26a16f664da498ef421f74ad3006/1200.m3u8
童话般的雨林(上),https://hls.cntv.kcdnvip.com/asp/hls/1200/0303000a/3/default/a1672972c0b742239237bb1686ba0745/1200.m3u8
童话般的雨林(下),https://hls.cntv.kcdnvip.com/asp/hls/1200/0303000a/3/default/8e99e3c9f38340a98fb79b36ab1c863f/1200.m3u8
团结的水豚家族,https://hls.cntv.kcdnvip.com/asp/hls/1200/0303000a/3/default/51e9c38303624369a0ba257163a5528f/1200.m3u8
蜥蜴安身火山岛(上),https://hls.cntv.kcdnvip.com/asp/hls/1200/0303000a/3/default/0c3c388b10ad4cf78f312c6d6620f1e0/1200.m3u8
蜥蜴安身火山岛(下),https://hls.cntv.kcdnvip.com/asp/hls/1200/0303000a/3/default/5043f9b708fe443fb9207e26da903218/1200.m3u8
险境求生,https://hls.cntv.kcdnvip.com/asp/hls/1200/0303000a/3/default/3f41478fa1f24606bc1bad4725df7b59/1200.m3u8
险境求生的小河马(上),https://hls.cntv.kcdnvip.com/asp/hls/1200/0303000a/3/default/4b24374adc24487db8c9d5ac5d037079/1200.m3u8
险境求生的小河马(下),https://hls.cntv.kcdnvip.com/asp/hls/1200/0303000a/3/default/5c22e195021d49b8bc5868147fdc3139/1200.m3u8
小动物大猎手(上),https://hls.cntv.kcdnvip.com/asp/hls/1200/0303000a/3/default/c46a26d74f5b4da98f5c9d69f8218de0/1200.m3u8
小动物大猎手(下),https://hls.cntv.kcdnvip.com/asp/hls/1200/0303000a/3/default/ef8ad1d36d9c4515a9e04443687a7f33/1200.m3u8
小动物大英雄,https://hls.cntv.kcdnvip.com/asp/hls/1200/0303000a/3/default/27818c0197e94415946b825b2b163e22/1200.m3u8
小动物的森林童话,https://hls.cntv.kcdnvip.com/asp/hls/1200/0303000a/3/default/321727074edc4cf69b5b205111569205/1200.m3u8
小角马历险记,https://hls.cntv.kcdnvip.com/asp/hls/1200/0303000a/3/default/b7594a5bc3d241e3a8b95eac39ebd7e9/1200.m3u8
小鼠奇遇记,https://hls.cntv.kcdnvip.com/asp/hls/1200/0303000a/3/default/9417f7c1d9f2484c901d886245892130/1200.m3u8
小象和绵羊朋友(上),https://hls.cntv.kcdnvip.com/asp/hls/1200/0303000a/3/default/c69ca1ce229648ce86e97c0b86e67c58/1200.m3u8
小象和绵羊朋友(下),https://hls.cntv.kcdnvip.com/asp/hls/1200/0303000a/3/default/138e7ea321c94a86b4f939ccb00a75a9/1200.m3u8
小熊的故事1,https://hls.cntv.kcdnvip.com/asp/hls/1200/0303000a/3/default/d3c750e3481a4ca696898875f6e6dbf1/1200.m3u8
小熊的故事2,https://hls.cntv.kcdnvip.com/asp/hls/1200/0303000a/3/default/3499a172820f47da988e5aaeb187ec29/1200.m3u8
小熊的故事3,https://hls.cntv.kcdnvip.com/asp/hls/1200/0303000a/3/default/3564b5460bea444b8712fb1cb0a59c00/1200.m3u8
小熊的梦幻森林1,https://hls.cntv.kcdnvip.com/asp/hls/1200/0303000a/3/default/b0f2b241c39c42beb732a5e73b5a9782/1200.m3u8
小熊的梦幻森林2,https://hls.cntv.kcdnvip.com/asp/hls/1200/0303000a/3/default/b2e817cee1a7417ba34f062aa919ca02/1200.m3u8
小熊的梦幻森林3,https://hls.cntv.kcdnvip.com/asp/hls/1200/0303000a/3/default/8bbcff92f2ce423bb2d822e0fb67657f/1200.m3u8
小勇士闯天下,https://hls.cntv.kcdnvip.com/asp/hls/1200/0303000a/3/default/8737418de24a461f9785193bcbda0026/1200.m3u8
新狮王诞生记,https://hls.cntv.kcdnvip.com/asp/hls/1200/0303000a/3/default/5e156f1734234e17ab0f6f87f2e7491b/1200.m3u8
兄弟捕猎联盟,https://hls.cntv.kcdnvip.com/asp/hls/1200/0303000a/3/default/0b85d990df5c4f7fae663dc595a084bd/1200.m3u8
兄弟情深(上),https://hls.cntv.kcdnvip.com/asp/hls/1200/0303000a/3/default/0700de47ebc74232bc9f5c5c178aa488/1200.m3u8
兄弟情深(下),https://hls.cntv.kcdnvip.com/asp/hls/1200/0303000a/3/default/30a35b521af54f1a88d74f7215ece1d3/1200.m3u8
雄风再起,https://hls.cntv.kcdnvip.com/asp/hls/1200/0303000a/3/default/b9176a8a35c94c37ade29708eed40190/1200.m3u8
熊的王国,https://hls.cntv.kcdnvip.com/asp/hls/1200/0303000a/3/default/ade1b31d23694fba82c9c4f07dba3267/1200.m3u8
熊在旅途(上),https://hls.cntv.kcdnvip.com/asp/hls/1200/0303000a/3/default/b0b95c35bce84072b10ad0b82cf83951/1200.m3u8
熊在旅途(下),https://hls.cntv.kcdnvip.com/asp/hls/1200/0303000a/3/default/9dc810bc8a3b426f88ac8c998f9e5332/1200.m3u8
雪鸮的风中芭蕾,https://hls.cntv.kcdnvip.com/asp/hls/1200/0303000a/3/default/4ee145f174a8464fb624c4ae62992b1c/1200.m3u8
雪鸮的生存之舞,https://hls.cntv.kcdnvip.com/asp/hls/1200/0303000a/3/default/722362cb57a74028804e0413141a1866/1200.m3u8
耀眼的白狮家族1,https://hls.cntv.kcdnvip.com/asp/hls/1200/0303000a/3/default/07c3395ee5da4f789937372657ab980a/1200.m3u8
耀眼的白狮家族2,https://hls.cntv.kcdnvip.com/asp/hls/1200/0303000a/3/default/3989c3f3416745438c4bc20abeae51ae/1200.m3u8
耀眼的白狮家族3,https://hls.cntv.kcdnvip.com/asp/hls/1200/0303000a/3/default/e0efcf1181234f2dabef87db65bcdec0/1200.m3u8
野狗家族传世之爱,https://hls.cntv.kcdnvip.com/asp/hls/1200/0303000a/3/default/dc4007615a124e29827b16bec3885db5/1200.m3u8
野生白狮(上),https://hls.cntv.kcdnvip.com/asp/hls/1200/0303000a/3/default/a9a5e806d97d41f5827532f1cb3f9afa/1200.m3u8
野生白狮(下),https://hls.cntv.kcdnvip.com/asp/hls/1200/0303000a/3/default/1e405a3890d3497d80df5351ad30f169/1200.m3u8
野生白狮(中),https://hls.cntv.kcdnvip.com/asp/hls/1200/0303000a/3/default/aa5594a7d44b42768d0b4f2fa3e3651d/1200.m3u8
野生世界竞技场(上),https://hls.cntv.kcdnvip.com/asp/hls/1200/0303000a/3/default/11ac06bbb4f0426fbc4c7b3bfd864b3f/1200.m3u8
野生世界竞技场(下),https://hls.cntv.kcdnvip.com/asp/hls/1200/0303000a/3/default/bf683b66c36343599bcad10516c58274/1200.m3u8
一片住着熊的森林1,https://hls.cntv.kcdnvip.com/asp/hls/1200/0303000a/3/default/2ac6789acc644b55a4df03445561c56b/1200.m3u8
一片住着熊的森林2,https://hls.cntv.kcdnvip.com/asp/hls/1200/0303000a/3/default/969d426187eb46e19fc6839a435fbf0f/1200.m3u8
一片住着熊的森林3,https://hls.cntv.kcdnvip.com/asp/hls/1200/0303000a/3/default/fd1e9f94afe948efafaa28a882661620/1200.m3u8
隐秘的海鬣蜥王国,https://hls.cntv.kcdnvip.com/asp/hls/1200/0303000a/3/default/b7af80d20f06401989879c44eaf865e8/1200.m3u8
隐秘王国里的奇迹1,https://hls.cntv.kcdnvip.com/asp/hls/1200/0303000a/3/default/e2094de08292490db17c29ec299b4bc2/1200.m3u8
隐秘王国里的奇迹2,https://hls.cntv.kcdnvip.com/asp/hls/1200/0303000a/3/default/1cee8d6ac393418e887420a6e1d54b6e/1200.m3u8
隐秘王国里的奇迹3,https://hls.cntv.kcdnvip.com/asp/hls/1200/0303000a/3/default/2fe654a3cadf4838bb34ea18441378e8/1200.m3u8
隐秘王国里的奇迹4,https://hls.cntv.kcdnvip.com/asp/hls/1200/0303000a/3/default/953467196a854ed786f7e3521579f1f6/1200.m3u8
勇闯包围圈,https://hls.cntv.kcdnvip.com/asp/hls/1200/0303000a/3/default/3af15ad56d1640fab9a1a065402b3b76/1200.m3u8
勇闯都市丛林,https://hls.cntv.kcdnvip.com/asp/hls/1200/0303000a/3/default/221e94ad951d4001b106d3c5af785537/1200.m3u8
勇闯螃蟹岛,https://hls.cntv.kcdnvip.com/asp/hls/1200/0303000a/3/default/3bba8da0b6c54771aa02b579ba75f8e7/1200.m3u8
勇敢的王者之心,https://hls.cntv.kcdnvip.com/asp/hls/1200/0303000a/3/default/d37b12d09c4144f0a59560f18ff6508a/1200.m3u8
勇敢的长颈鹿(上),https://hls.cntv.kcdnvip.com/asp/hls/1200/0303000a/3/default/8a9d50517baa443b82b3e4c9e0078351/1200.m3u8
勇敢的长颈鹿(下),https://hls.cntv.kcdnvip.com/asp/hls/1200/0303000a/3/default/773b3e9df72f4834b85c46e0f5b038fb/1200.m3u8
勇挑重担的矮獴(上),https://hls.cntv.kcdnvip.com/asp/hls/1200/0303000a/3/default/8ef930c154a446d0a831d2dd93698fd2/1200.m3u8
勇挑重担的矮獴(下),https://hls.cntv.kcdnvip.com/asp/hls/1200/0303000a/3/default/d9ffce5e83824939ab9bb66502778bd9/1200.m3u8
有一只美丽的大水獭,https://hls.cntv.kcdnvip.com/asp/hls/1200/0303000a/3/default/f1ddaab95ca9475da4cd97907cef8e96/1200.m3u8
与野生动物为邻,https://hls.cntv.kcdnvip.com/asp/hls/1200/0303000a/3/default/d25931bed86a49d4afb8780771797c19/1200.m3u8
雨季狮踪,https://hls.cntv.kcdnvip.com/asp/hls/1200/0303000a/3/default/c1af227765174580bb3ad5c641f4dfd1/1200.m3u8
雨林守护的秘密(上),https://hls.cntv.kcdnvip.com/asp/hls/1200/0303000a/3/default/18aecd7b1b064f3692f80ce6906895d5/1200.m3u8
雨林守护的秘密(下),https://hls.cntv.kcdnvip.com/asp/hls/1200/0303000a/3/default/084be96dbd124ac499afc25eb1e4d63d/1200.m3u8
原野逐梦记,https://hls.cntv.kcdnvip.com/asp/hls/1200/0303000a/3/default/01fcf61e12c242bd81dc5aca38b6f183/1200.m3u8
绽放的生命(五),https://hls.cntv.kcdnvip.com/asp/hls/1200/0303000a/3/default/d2f3f0f3b4c242b4983ee62034f85608/1200.m3u8
绽放的生命1,https://hls.cntv.kcdnvip.com/asp/hls/1200/0303000a/3/default/87145268893a47cd8fc9cda530eee111/1200.m3u8
绽放的生命2,https://hls.cntv.kcdnvip.com/asp/hls/1200/0303000a/3/default/7b6ed77c03224d298a72a8311fcf10a7/1200.m3u8
绽放的生命3,https://hls.cntv.kcdnvip.com/asp/hls/1200/0303000a/3/default/aea0ef5ea21c40dea948d723d823a5fb/1200.m3u8
绽放的生命4,https://hls.cntv.kcdnvip.com/asp/hls/1200/0303000a/3/default/fbb3d1d6ae37458e84f574881778ac7c/1200.m3u8
植物王国漫游记,https://hls.cntv.kcdnvip.com/asp/hls/1200/0303000a/3/default/508b9a0c8be74d89a431b24114c91faa/1200.m3u8
植物王国漫游记,https://hls.cntv.kcdnvip.com/asp/hls/1200/0303000a/3/default/fa3ad43978014ff4b64b4bff8914116c/1200.m3u8
追逐的游戏,https://hls.cntv.kcdnvip.com/asp/hls/1200/0303000a/3/default/34459ad5d340461daab2f453d485833d/1200.m3u8
追踪兽王,https://hls.cntv.kcdnvip.com/asp/hls/1200/0303000a/3/default/93dfcb01bd634370bc211fc7484854ec/1200.m3u8
自然界奥运冠军,https://hls.cntv.kcdnvip.com/asp/hls/1200/0303000a/3/default/7b968e9b50984d598d96c6fc5af40b4c/1200.m3u8
棕熊把守的水上要塞(上),https://hls.cntv.kcdnvip.com/asp/hls/1200/0303000a/3/default/50590d053a2245428391323902e07d0e/1200.m3u8
棕熊把守的水上要塞(下),https://hls.cntv.kcdnvip.com/asp/hls/1200/0303000a/3/default/bb2341e42865439eaed4502fcc736ea5/1200.m3u8
棕熊捕鱼季(上),https://hls.cntv.kcdnvip.com/asp/hls/1200/0303000a/3/default/1ef91cb6079d46ccb9a62f046739d5c8/1200.m3u8
棕熊的捕鱼生活(上),https://hls.cntv.kcdnvip.com/asp/hls/1200/0303000a/3/default/388d46918ea34570a3fed5f5ceb393ee/1200.m3u8
棕熊的捕鱼生活(下),https://hls.cntv.kcdnvip.com/asp/hls/1200/0303000a/3/default/09def25492254217aba438e7403741e2/1200.m3u8
走出包围圈,https://hls.cntv.kcdnvip.com/asp/hls/1200/0303000a/3/default/38fc4f8e379445aeab6098b9ece0aa2a/1200.m3u8
走进狗的世界,https://hls.cntv.kcdnvip.com/asp/hls/1200/0303000a/3/default/25c049869a174f5fa5806e57a2c376bd/1200.m3u8
足球超级猎食者(上),https://hls.cntv.kcdnvip.com/asp/hls/1200/0303000a/3/default/4d0dc6b22b8e48efa4a984ec990a4faf/1200.m3u8
足球超级猎食者(下),https://hls.cntv.kcdnvip.com/asp/hls/1200/0303000a/3/default/d7aec4db75da469d915a5dd7a0fb3d70/1200.m3u8
tvg-id="iHOT爱院线" tvg-name="iHOT爱院线" tvg-logo="https://epg.112114.eu.org/logo/IHOT爱院线.png" group-title="IHOT",iHOT爱院线,http://[2409:8087:7001:20:1000::95]:6610/000000001000/6000000006000030630/index.m3u8?channel-id=wasusyt&Contentid=6000000006000030630&livemode=1&stbId=3
tvg-id="iHOT爱科幻" tvg-name="iHOT爱科幻" tvg-logo="https://epg.112114.eu.org/logo/IHOT爱科幻.png" group-title="IHOT",iHOT爱科幻,http://[2409:8087:7001:20:1000::95]:6610/000000001000/6000000006000020630/index.m3u8?channel-id=wasusyt&Contentid=6000000006000020630&livemode=1&stbId=3
tvg-id="iHOT爱浪漫" tvg-name="iHOT爱浪漫" tvg-logo="https://epg.112114.eu.org/logo/IHOT爱浪漫.png" group-title="IHOT",iHOT爱浪漫,http://[2409:8087:7001:20:1000::95]:6610/000000001000/6000000006000040630/index.m3u8?channel-id=wasusyt&Contentid=6000000006000040630&livemode=1&stbId=3
tvg-id="iHOT爱喜剧" tvg-name="iHOT爱喜剧" tvg-logo="https://epg.112114.eu.org/logo/IHOT爱喜剧.png" group-title="IHOT",iHOT爱喜剧,http://[2409:8087:7001:20:1000::95]:6610/000000001000/6000000006000010630/index.m3u8?channel-id=wasusyt&Contentid=6000000006000010630&livemode=1&stbId=3
tvg-id="iHOT爱娱乐" tvg-name="iHOT爱娱乐" tvg-logo="https://epg.112114.eu.org/logo/IHOT爱娱乐.png" group-title="IHOT",iHOT爱娱乐,http://[2409:8087:7001:20:1000::95]:6610/000000001000/6000000006000130630/index.m3u8?channel-id=wasusyt&Contentid=6000000006000130630&livemode=1&stbId=3
tvg-id="iHOT爱悬疑" tvg-name="iHOT爱悬疑" tvg-logo="https://epg.112114.eu.org/logo/IHOT爱悬疑.png" group-title="IHOT",iHOT爱悬疑,http://[2409:8087:7001:20:1000::95]:6610/000000001000/6000000006000050630/index.m3u8?channel-id=wasusyt&Contentid=6000000006000050630&livemode=1&stbId=3
tvg-id="iHOT爱经典" tvg-name="iHOT爱经典" tvg-logo="https://epg.112114.eu.org/logo/IHOT爱经典.png" group-title="IHOT",iHOT爱经典,http://[2409:8087:7001:20:1000::95]:6610/000000001000/6000000006000060630/index.m3u8?channel-id=wasusyt&Contentid=6000000006000060630&livemode=1&stbId=3
tvg-id="iHOT爱江湖" tvg-name="iHOT爱江湖" tvg-logo="https://epg.112114.eu.org/logo/IHOT爱江湖.png" group-title="IHOT",iHOT爱江湖,http://[2409:8087:7001:20:1000::95]:6610/000000001000/6000000006000110630/index.m3u8?channel-id=wasusyt&Contentid=6000000006000110630&livemode=1&stbId=3
tvg-id="iHOT爱赛车" tvg-name="iHOT爱赛车" tvg-logo="https://epg.112114.eu.org/logo/IHOT爱赛车.png" group-title="IHOT",iHOT爱赛车,http://[2409:8087:7001:20:1000::95]:6610/000000001000/6000000006000240630/index.m3u8?channel-id=wasusyt&Contentid=6000000006000240630&livemode=1&stbId=3
tvg-id="iHOT爱体育" tvg-name="iHOT爱体育" tvg-logo="https://epg.112114.eu.org/logo/IHOT爱体育.png" group-title="IHOT",iHOT爱体育,http://[2409:8087:7001:20:1000::95]:6610/000000001000/6000000006000290630/index.m3u8?channel-id=wasusyt&Contentid=6000000006000290630&livemode=1&stbId=3
tvg-id="iHOT爱探索" tvg-name="iHOT爱探索" tvg-logo="https://epg.112114.eu.org/logo/IHOT爱探索.png" group-title="IHOT",iHOT爱探索,http://[2409:8087:7001:20:1000::95]:6610/000000001000/6000000006000300630/index.m3u8?channel-id=wasusyt&Contentid=6000000006000300630&livemode=1&stbId=3
tvg-id="iHOT爱奇谈" tvg-name="iHOT爱奇谈" tvg-logo="https://epg.112114.eu.org/logo/IHOT爱奇谈.png" group-title="IHOT",iHOT爱奇谈,http://[2409:8087:7001:20:1000::95]:6610/000000001000/6000000006000270630/index.m3u8?channel-id=wasusyt&Contentid=6000000006000270630&livemode=1&stbId=3
tvg-id="iHOT爱玩具" tvg-name="iHOT爱玩具" tvg-logo="https://epg.112114.eu.org/logo/IHOT爱玩具.png" group-title="IHOT",iHOT爱玩具,http://[2409:8087:7001:20:1000::95]:6610/000000001000/6000000006000220630/index.m3u8?channel-id=wasusyt&Contentid=6000000006000220630&livemode=1&stbId=3
tvg-id="iHOT爱世界" tvg-name="iHOT爱世界" tvg-logo="https://epg.112114.eu.org/logo/IHOT爱世界.png" group-title="IHOT",iHOT爱世界,http://[2409:8087:7001:20:1000::95]:6610/000000001000/6000000006000210630/index.m3u8?channel-id=wasusyt&Contentid=6000000006000210630&livemode=1&stbId=3
tvg-id="iHOT爱怀旧" tvg-name="iHOT爱怀旧" tvg-logo="https://epg.112114.eu.org/logo/IHOT爱怀旧.png" group-title="IHOT",iHOT爱怀旧,http://[2409:8087:7001:20:1000::95]:6610/000000001000/6000000006000260630/index.m3u8?channel-id=wasusyt&Contentid=6000000006000260630&livemode=1&stbId=3
tvg-id="iHOT爱旅行" tvg-name="iHOT爱旅行" tvg-logo="https://epg.112114.eu.org/logo/IHOT爱旅行.png" group-title="IHOT",iHOT爱旅行,http://[2409:8087:7001:20:1000::95]:6610/000000001000/6000000006000250630/index.m3u8?channel-id=wasusyt&Contentid=6000000006000250630&livemode=1&stbId=3
tvg-id="iHOT爱极限" tvg-name="iHOT爱极限" tvg-logo="https://epg.112114.eu.org/logo/IHOT爱极限.png" group-title="IHOT",iHOT爱极限,http://[2409:8087:7001:20:1000::95]:6610/000000001000/6000000006000170630/index.m3u8?channel-id=wasusyt&Contentid=6000000006000170630&livemode=1&stbId=3
tvg-id="iHOT爱幼教" tvg-name="iHOT爱幼教" tvg-logo="https://epg.112114.eu.org/logo/IHOT爱幼教.png" group-title="IHOT",iHOT爱幼教,http://[2409:8087:7001:20:1000::95]:6610/000000001000/6000000006000180630/index.m3u8?channel-id=wasusyt&Contentid=6000000006000180630&livemode=1&stbId=3
tvg-id="iHOT爱解密" tvg-name="iHOT爱解密" tvg-logo="https://epg.112114.eu.org/logo/IHOT爱解密.png" group-title="IHOT",iHOT爱解密,http://[2409:8087:7001:20:1000::95]:6610/000000001000/6000000006000200630/index.m3u8?channel-id=wasusyt&Contentid=6000000006000200630&livemode=1&stbId=3
tvg-id="iHOT爱谍战" tvg-name="iHOT爱谍战" tvg-logo="https://epg.112114.eu.org/logo/IHOT爱谍战.png" group-title="IHOT",iHOT爱谍战,http://[2409:8087:7001:20:1000::95]:6610/000000001000/6000000006000070630/index.m3u8?channel-id=wasusyt&Contentid=6000000006000070630&livemode=1&stbId=3
tvg-id="iHOT爱历史" tvg-name="iHOT爱历史" tvg-logo="https://epg.112114.eu.org/logo/IHOT爱历史.png" group-title="IHOT",iHOT爱历史,http://[2409:8087:7001:20:1000::95]:6610/000000001000/6000000006000150630/index.m3u8?channel-id=wasusyt&Contentid=6000000006000150630&livemode=1&stbId=3
tvg-id="iHOT爱猎奇" tvg-name="iHOT爱猎奇" tvg-logo="https://epg.112114.eu.org/logo/IHOT爱猎奇.png" group-title="IHOT",iHOT爱猎奇,http://[2409:8087:7001:20:1000::95]:6610/000000001000/6000000006000190630/index.m3u8?channel-id=wasusyt&Contentid=6000000006000190630&livemode=1&stbId=3
tvg-id="iHOT爱都市" tvg-name="iHOT爱都市" tvg-logo="https://epg.112114.eu.org/logo/IHOT爱都市.png" group-title="IHOT",iHOT爱都市,http://[2409:8087:7001:20:1000::95]:6610/000000001000/6000000006000080630/index.m3u8?channel-id=wasusyt&Contentid=6000000006000080630&livemode=1&stbId=3
tvg-id="iHOT爱科学" tvg-name="iHOT爱科学" tvg-logo="https://epg.112114.eu.org/logo/IHOT爱科学.png" group-title="IHOT",iHOT爱科学,http://[2409:8087:7001:20:1000::95]:6610/000000001000/6000000006000160630/index.m3u8?channel-id=wasusyt&Contentid=6000000006000160630&livemode=1&stbId=3
tvg-id="iHOT爱美食" tvg-name="iHOT爱美食" tvg-logo="https://epg.112114.eu.org/logo/IHOT爱美食.png" group-title="IHOT",iHOT爱美食,http://[2409:8087:7001:20:1000::95]:6610/000000001000/6000000006000120630/index.m3u8?channel-id=wasusyt&Contentid=6000000006000120630&livemode=1&stbId=3
tvg-id="iHOT爱时尚" tvg-name="iHOT爱时尚" tvg-logo="https://epg.112114.eu.org/logo/IHOT爱时尚.png" group-title="IHOT",iHOT爱时尚,http://[2409:8087:7001:20:1000::95]:6610/000000001000/6000000006000140630/index.m3u8?channel-id=wasusyt&Contentid=6000000006000140630&livemode=1&stbId=3
tvg-id="iHOT爱青春" tvg-name="iHOT爱青春" tvg-logo="https://epg.112114.eu.org/logo/IHOT爱青春.png" group-title="IHOT",iHOT爱青春,http://[2409:8087:7001:20:1000::95]:6610/000000001000/6000000006000100630/index.m3u8?channel-id=wasusyt&Contentid=6000000006000100630&livemode=1&stbId=3
tvg-id="iHOT爱家庭" tvg-name="iHOT爱家庭" tvg-logo="https://epg.112114.eu.org/logo/IHOT爱家庭.png" group-title="IHOT",iHOT爱家庭,http://[2409:8087:7001:20:1000::95]:6610/000000001000/6000000006000090630/index.m3u8?channel-id=wasusyt&Contentid=6000000006000090630&livemode=1&stbId=3
tvg-id="iHOT爱动漫" tvg-name="iHOT爱动漫" tvg-logo="https://epg.112114.eu.org/logo/IHOT爱动漫.png" group-title="IHOT",iHOT爱动漫,http://[2409:8087:7001:20:1000::95]:6610/000000001000/6000000006000280630/index.m3u8?channel-id=wasusyt&Contentid=6000000006000280630&livemode=1&stbId=3
tvg-id="iHOT爱院线" tvg-name="iHOT爱院线" tvg-logo="https://epg.112114.eu.org/logo/IHOT爱院线.png" group-title="IHOT",iHOT爱院线,http://[2409:8087:7001:20:1000::95]:6610/000000001000/6000000006000030630/index.m3u8?channel-id=wasusyt&Contentid=6000000006000030630&livemode=1&stbId=3
tvg-id="iHOT爱科幻" tvg-name="iHOT爱科幻" tvg-logo="https://epg.112114.eu.org/logo/IHOT爱科幻.png" group-title="IHOT",iHOT爱科幻,http://[2409:8087:7001:20:1000::95]:6610/000000001000/6000000006000020630/index.m3u8?channel-id=wasusyt&Contentid=6000000006000020630&livemode=1&stbId=3
tvg-id="iHOT爱浪漫" tvg-name="iHOT爱浪漫" tvg-logo="https://epg.112114.eu.org/logo/IHOT爱浪漫.png" group-title="IHOT",iHOT爱浪漫,http://[2409:8087:7001:20:1000::95]:6610/000000001000/6000000006000040630/index.m3u8?channel-id=wasusyt&Contentid=6000000006000040630&livemode=1&stbId=3
tvg-id="iHOT爱喜剧" tvg-name="iHOT爱喜剧" tvg-logo="https://epg.112114.eu.org/logo/IHOT爱喜剧.png" group-title="IHOT",iHOT爱喜剧,http://[2409:8087:7001:20:1000::95]:6610/000000001000/6000000006000010630/index.m3u8?channel-id=wasusyt&Contentid=6000000006000010630&livemode=1&stbId=3
tvg-id="iHOT爱娱乐" tvg-name="iHOT爱娱乐" tvg-logo="https://epg.112114.eu.org/logo/IHOT爱娱乐.png" group-title="IHOT",iHOT爱娱乐,http://[2409:8087:7001:20:1000::95]:6610/000000001000/6000000006000130630/index.m3u8?channel-id=wasusyt&Contentid=6000000006000130630&livemode=1&stbId=3
tvg-id="iHOT爱悬疑" tvg-name="iHOT爱悬疑" tvg-logo="https://epg.112114.eu.org/logo/IHOT爱悬疑.png" group-title="IHOT",iHOT爱悬疑,http://[2409:8087:7001:20:1000::95]:6610/000000001000/6000000006000050630/index.m3u8?channel-id=wasusyt&Contentid=6000000006000050630&livemode=1&stbId=3
tvg-id="iHOT爱经典" tvg-name="iHOT爱经典" tvg-logo="https://epg.112114.eu.org/logo/IHOT爱经典.png" group-title="IHOT",iHOT爱经典,http://[2409:8087:7001:20:1000::95]:6610/000000001000/6000000006000060630/index.m3u8?channel-id=wasusyt&Contentid=6000000006000060630&livemode=1&stbId=3
tvg-id="iHOT爱江湖" tvg-name="iHOT爱江湖" tvg-logo="https://epg.112114.eu.org/logo/IHOT爱江湖.png" group-title="IHOT",iHOT爱江湖,http://[2409:8087:7001:20:1000::95]:6610/000000001000/6000000006000110630/index.m3u8?channel-id=wasusyt&Contentid=6000000006000110630&livemode=1&stbId=3
tvg-id="iHOT爱赛车" tvg-name="iHOT爱赛车" tvg-logo="https://epg.112114.eu.org/logo/IHOT爱赛车.png" group-title="IHOT",iHOT爱赛车,http://[2409:8087:7001:20:1000::95]:6610/000000001000/6000000006000240630/index.m3u8?channel-id=wasusyt&Contentid=6000000006000240630&livemode=1&stbId=3
tvg-id="iHOT爱体育" tvg-name="iHOT爱体育" tvg-logo="https://epg.112114.eu.org/logo/IHOT爱体育.png" group-title="IHOT",iHOT爱体育,http://[2409:8087:7001:20:1000::95]:6610/000000001000/6000000006000290630/index.m3u8?channel-id=wasusyt&Contentid=6000000006000290630&livemode=1&stbId=3
tvg-id="iHOT爱探索" tvg-name="iHOT爱探索" tvg-logo="https://epg.112114.eu.org/logo/IHOT爱探索.png" group-title="IHOT",iHOT爱探索,http://[2409:8087:7001:20:1000::95]:6610/000000001000/6000000006000300630/index.m3u8?channel-id=wasusyt&Contentid=6000000006000300630&livemode=1&stbId=3
tvg-id="iHOT爱奇谈" tvg-name="iHOT爱奇谈" tvg-logo="https://epg.112114.eu.org/logo/IHOT爱奇谈.png" group-title="IHOT",iHOT爱奇谈,http://[2409:8087:7001:20:1000::95]:6610/000000001000/6000000006000270630/index.m3u8?channel-id=wasusyt&Contentid=6000000006000270630&livemode=1&stbId=3
tvg-id="iHOT爱玩具" tvg-name="iHOT爱玩具" tvg-logo="https://epg.112114.eu.org/logo/IHOT爱玩具.png" group-title="IHOT",iHOT爱玩具,http://[2409:8087:7001:20:1000::95]:6610/000000001000/6000000006000220630/index.m3u8?channel-id=wasusyt&Contentid=6000000006000220630&livemode=1&stbId=3
tvg-id="iHOT爱世界" tvg-name="iHOT爱世界" tvg-logo="https://epg.112114.eu.org/logo/IHOT爱世界.png" group-title="IHOT",iHOT爱世界,http://[2409:8087:7001:20:1000::95]:6610/000000001000/6000000006000210630/index.m3u8?channel-id=wasusyt&Contentid=6000000006000210630&livemode=1&stbId=3
tvg-id="iHOT爱怀旧" tvg-name="iHOT爱怀旧" tvg-logo="https://epg.112114.eu.org/logo/IHOT爱怀旧.png" group-title="IHOT",iHOT爱怀旧,http://[2409:8087:7001:20:1000::95]:6610/000000001000/6000000006000260630/index.m3u8?channel-id=wasusyt&Contentid=6000000006000260630&livemode=1&stbId=3
tvg-id="iHOT爱旅行" tvg-name="iHOT爱旅行" tvg-logo="https://epg.112114.eu.org/logo/IHOT爱旅行.png" group-title="IHOT",iHOT爱旅行,http://[2409:8087:7001:20:1000::95]:6610/000000001000/6000000006000250630/index.m3u8?channel-id=wasusyt&Contentid=6000000006000250630&livemode=1&stbId=3
tvg-id="iHOT爱极限" tvg-name="iHOT爱极限" tvg-logo="https://epg.112114.eu.org/logo/IHOT爱极限.png" group-title="IHOT",iHOT爱极限,http://[2409:8087:7001:20:1000::95]:6610/000000001000/6000000006000170630/index.m3u8?channel-id=wasusyt&Contentid=6000000006000170630&livemode=1&stbId=3
tvg-id="iHOT爱幼教" tvg-name="iHOT爱幼教" tvg-logo="https://epg.112114.eu.org/logo/IHOT爱幼教.png" group-title="IHOT",iHOT爱幼教,http://[2409:8087:7001:20:1000::95]:6610/000000001000/6000000006000180630/index.m3u8?channel-id=wasusyt&Contentid=6000000006000180630&livemode=1&stbId=3
tvg-id="iHOT爱解密" tvg-name="iHOT爱解密" tvg-logo="https://epg.112114.eu.org/logo/IHOT爱解密.png" group-title="IHOT",iHOT爱解密,http://[2409:8087:7001:20:1000::95]:6610/000000001000/6000000006000200630/index.m3u8?channel-id=wasusyt&Contentid=6000000006000200630&livemode=1&stbId=3
tvg-id="iHOT爱谍战" tvg-name="iHOT爱谍战" tvg-logo="https://epg.112114.eu.org/logo/IHOT爱谍战.png" group-title="IHOT",iHOT爱谍战,http://[2409:8087:7001:20:1000::95]:6610/000000001000/6000000006000070630/index.m3u8?channel-id=wasusyt&Contentid=6000000006000070630&livemode=1&stbId=3
tvg-id="iHOT爱历史" tvg-name="iHOT爱历史" tvg-logo="https://epg.112114.eu.org/logo/IHOT爱历史.png" group-title="IHOT",iHOT爱历史,http://[2409:8087:7001:20:1000::95]:6610/000000001000/6000000006000150630/index.m3u8?channel-id=wasusyt&Contentid=6000000006000150630&livemode=1&stbId=3
tvg-id="iHOT爱猎奇" tvg-name="iHOT爱猎奇" tvg-logo="https://epg.112114.eu.org/logo/IHOT爱猎奇.png" group-title="IHOT",iHOT爱猎奇,http://[2409:8087:7001:20:1000::95]:6610/000000001000/6000000006000190630/index.m3u8?channel-id=wasusyt&Contentid=6000000006000190630&livemode=1&stbId=3
tvg-id="iHOT爱都市" tvg-name="iHOT爱都市" tvg-logo="https://epg.112114.eu.org/logo/IHOT爱都市.png" group-title="IHOT",iHOT爱都市,http://[2409:8087:7001:20:1000::95]:6610/000000001000/6000000006000080630/index.m3u8?channel-id=wasusyt&Contentid=6000000006000080630&livemode=1&stbId=3
tvg-id="iHOT爱科学" tvg-name="iHOT爱科学" tvg-logo="https://epg.112114.eu.org/logo/IHOT爱科学.png" group-title="IHOT",iHOT爱科学,http://[2409:8087:7001:20:1000::95]:6610/000000001000/6000000006000160630/index.m3u8?channel-id=wasusyt&Contentid=6000000006000160630&livemode=1&stbId=3
tvg-id="iHOT爱美食" tvg-name="iHOT爱美食" tvg-logo="https://epg.112114.eu.org/logo/IHOT爱美食.png" group-title="IHOT",iHOT爱美食,http://[2409:8087:7001:20:1000::95]:6610/000000001000/6000000006000120630/index.m3u8?channel-id=wasusyt&Contentid=6000000006000120630&livemode=1&stbId=3
tvg-id="iHOT爱时尚" tvg-name="iHOT爱时尚" tvg-logo="https://epg.112114.eu.org/logo/IHOT爱时尚.png" group-title="IHOT",iHOT爱时尚,http://[2409:8087:7001:20:1000::95]:6610/000000001000/6000000006000140630/index.m3u8?channel-id=wasusyt&Contentid=6000000006000140630&livemode=1&stbId=3
tvg-id="iHOT爱青春" tvg-name="iHOT爱青春" tvg-logo="https://epg.112114.eu.org/logo/IHOT爱青春.png" group-title="IHOT",iHOT爱青春,http://[2409:8087:7001:20:1000::95]:6610/000000001000/6000000006000100630/index.m3u8?channel-id=wasusyt&Contentid=6000000006000100630&livemode=1&stbId=3
tvg-id="iHOT爱家庭" tvg-name="iHOT爱家庭" tvg-logo="https://epg.112114.eu.org/logo/IHOT爱家庭.png" group-title="IHOT",iHOT爱家庭,http://[2409:8087:7001:20:1000::95]:6610/000000001000/6000000006000090630/index.m3u8?channel-id=wasusyt&Contentid=6000000006000090630&livemode=1&stbId=3
tvg-id="iHOT爱动漫" tvg-name="iHOT爱动漫" tvg-logo="https://epg.112114.eu.org/logo/IHOT爱动漫.png" group-title="IHOT",iHOT爱动漫,http://[2409:8087:7001:20:1000::95]:6610/000000001000/6000000006000280630/index.m3u8?channel-id=wasusyt&Contentid=6000000006000280630&livemode=1&stbId=3
旅游卫视,http://112.123.243.37:50085/tsfile/live/0138_1.m3u8?key=txiptv&playlive=0&authid=0
少儿卫视,http://120.198.95.220:9901/tsfile/live/1032_1.m3u8?key=txiptv&playlive=1&down=1
福建东南卫视,http://218.13.170.98:9901/tsfile/live/1015_1.m3u8?key=txiptv&playlive=1&authid=0
南方卫视,http://120.198.95.220:9901/tsfile/live/1012_1.m3u8?key=txiptv&playlive=1&down=1
旅游卫视,http://36.136.38.87:9901/tsfile/live/0114_1.m3u8?key=txiptv&playlive=1&authid=0
上海卫视,http://36.136.38.87:9901/tsfile/live/0107_1.m3u8?key=txiptv&playlive=1&authid=0
唐山影视,http://121.19.134.126:808/tsfile/live/1035_1.m3u8?key=txiptv&playlive=1&authid=0
河北影视,http://121.19.134.126:808/tsfile/live/1002_1.m3u8?key=txiptv&playlive=1&authid=0
电视剧,http://221.13.235.114:9901/tsfile/live/1005_1.m3u8?key=txiptv&playlive=1&authid=0
河北影视剧,http://121.19.134.253:808/tsfile/live/1002_1.m3u8?key=txiptv&playlive=1&authid=0
河南电视剧,http://182.114.49.52:9901/tsfile/live/1003_1.m3u8?key=txiptv&playlive=1&authid=0
动作影院,http://113.25.252.226:9901/tsfile/live/1002_1.m3u8?key=txiptv&playlive=1&authid=0
谍战剧场,http://120.198.95.220:9901/tsfile/live/1041_1.m3u8?key=txiptv&playlive=1&down=1
广西影视,http://36.136.38.87:9901/tsfile/live/1007_1.m3u8?key=txiptv&playlive=1&authid=0
少儿卫视,http://120.198.95.220:9901/tsfile/live/1032_1.m3u8?key=txiptv&playlive=1&down=1
河南戏曲,http://221.13.235.114:9901/tsfile/live/1008_1.m3u8?key=txiptv&playlive=1&authid=0
广西综艺,http://36.136.38.87:9901/tsfile/live/1006_1.m3u8?key=txiptv&playlive=1&authid=0
惠州1,http://120.198.95.220:9901/tsfile/live/1058_1.m3u8?key=txiptv&playlive=1&down=1
梅州1,http://49.234.31.101:7040/tsfile/live/1001_1.m3u8?key=txiptv&playlive=1&authid=0
梅州1,http://120.198.95.220:9901/tsfile/live/1001_1.m3u8?key=txiptv&playlive=1&down=1
梅州2,http://49.234.31.101:7040/tsfile/live/1003_1.m3u8?key=txiptv&playlive=1&authid=0
梅州2,http://120.198.95.220:9901/tsfile/live/1002_1.m3u8?key=txiptv&playlive=1&down=1
河北经济,http://121.19.134.126:808/tsfile/live/1000_1.m3u8?key=txiptv&playlive=1&authid=0
廊坊新闻,http://121.19.134.126:808/tsfile/live/1038_1.m3u8?key=txiptv&playlive=1&authid=0
党建新闻,http://flv4mp4.people.com.cn/videofile7/pvmsvideo/2021/3/10/ShiXinPei_71ec1680d031363446f16a2366abccb9_android_c.mp4
三门峡新闻综合,http://115.48.160.82:9901/tsfile/live/1000_1.m3u8?key=txiptv&playlive=1&authid=0
灵宝新闻综合,http://115.48.160.82:9901/tsfile/live/1001_1.m3u8?key=txiptv&playlive=1&authid=0
民生,http://221.13.235.114:9901/tsfile/live/1002_1.m3u8?key=txiptv&playlive=1&authid=0
新闻,http://221.13.235.114:9901/tsfile/live/1006_1.m3u8?key=txiptv&playlive=1&authid=0
都市,http://221.13.235.114:9901/tsfile/live/1001_1.m3u8?key=txiptv&playlive=1&authid=0
公共,http://221.13.235.114:9901/tsfile/live/1007_1.m3u8?key=txiptv&playlive=1&authid=0
靓彩河北,http://121.19.134.126:808/tsfile/live/1006_1.m3u8?key=txiptv&playlive=1&authid=0
河南法制报道,http://182.114.49.52:9901/tsfile/live/1002_1.m3u8?key=txiptv&playlive=1&authid=0
河北三农,http://121.19.134.126:808/tsfile/live/1004_1.m3u8?key=txiptv&playlive=1&authid=0
保定新闻综合,http://121.19.134.253:808/tsfile/live/1007_1.m3u8?key=txiptv&playlive=1&authid=0
保定生活健康,http://121.19.134.253:808/tsfile/live/1009_1.m3u8?key=txiptv&playlive=1&authid=0
河北三农,http://121.19.134.253:808/tsfile/live/1004_1.m3u8?key=txiptv&playlive=1&authid=0
河北经济生活,http://121.19.134.253:808/tsfile/live/1000_1.m3u8?key=txiptv&playlive=1&authid=0
河南新闻,http://182.114.49.52:9901/tsfile/live/1004_1.m3u8?key=txiptv&playlive=1&authid=0
河南都市报道,http://182.114.49.52:9901/tsfile/live/1000_1.m3u8?key=txiptv&playlive=1&authid=0
安徽经视,http://112.123.243.37:50085/tsfile/live/1003_1.m3u8?key=txiptv&playlive=0&authid=0
秦皇岛,http://121.19.134.126:808/tsfile/live/1039_1.m3u8?key=txiptv&playlive=1&authid=0
广东公共,http://119.129.172.70:9901/tsfile/live/1002_1.m3u8?key=txiptv&playlive=1&authid=0
广东公共,http://119.129.172.24:9901/tsfile/live/1002_1.m3u8?key=txiptv&playlive=1&authid=0
广东公共,http://119.129.172.175:9901/tsfile/live/1002_1.m3u8?key=txiptv&playlive=1&authid=0
兵团卫,http://120.198.95.220:9901/tsfile/live/1062_1.m3u8?key=txiptv&playlive=1&down=1
天映,http://120.198.95.220:9901/tsfile/live/1043_1.m3u8?key=txiptv&playlive=1&down=1
南方五,http://120.198.95.220:9901/tsfile/live/1014_1.m3u8?key=txiptv&playlive=1&down=1
BTV卡酷,http://113.25.252.226:9901/tsfile/live/1000_1.m3u8?key=txiptv&playlive=1&authid=0
广西都市,http://36.136.38.87:9901/tsfile/live/1001_1.m3u8?key=txiptv&playlive=1&authid=0
广东公共,http://49.234.31.101:7040/tsfile/live/1010_1.m3u8?key=txiptv&playlive=1&authid=0
山西公共,http://113.25.252.226:9901/tsfile/live/1045_1.m3u8?key=txiptv&playlive=1&authid=0
五华台,http://49.234.31.101:7040/tsfile/live/1000_1.m3u8?key=txiptv&playlive=1&authid=0
广东公共,http://119.129.172.10:9901/tsfile/live/1002_1.m3u8?key=txiptv&playlive=1&authid=0
山歌,http://120.198.95.220:9901/tsfile/live/1003_1.m3u8?key=txiptv&playlive=1&down=1
五华台,http://120.198.95.220:9901/tsfile/live/1000_1.m3u8?key=txiptv&playlive=1&down=1
TVB星河,http://120.198.95.220:9901/tsfile/live/1005_1.m3u8?key=txiptv&playlive=1&down=1
广东公共,http://120.198.95.220:9901/tsfile/live/1009_1.m3u8?key=txiptv&playlive=1&down=1
2026-07-18_05:33:12,http://example.com/update_time.mp4
苏州4K,https://live-auth.51kandianshi.com/szgd/csztv4k_hd.m3u8
河北4K,https://event.pull.hebtv.com:443/live/live101.m3u8
CCTV4K真4K,http://vip1.xinketongxun.fun:8082/tsfile/live/1026_1.m3u8
CCTV-央视高网,http://www.lizhinas.top:1009/rtp/239.252.219.95:5140
CCTV-电视指南,http://www.lizhinas.top:1009/rtp/239.252.219.97:5140
直播中国,https://gcalic.v.myalicdn.com/gc/wgw05_1/index.m3u8?contentid=2820180516001
熊猫直播,https://gcwbndali.v.myalicdn.com/gcwbnd/ipanda1000_2/index.m3u8
CETV-1 综合教育,http://www.lizhinas.top:1009/rtp/239.252.220.198:5140
CETV-2 空中课堂,http://www.lizhinas.top:1009/rtp/239.252.219.73:5140
CETV-3 教育服务,http://rrs01.hw.gmcc.net:8088/PLTV/81/224/3221226722/1.m3u8
CETV-4 职业教育,http://rrs01.hw.gmcc.net:8088/PLTV/81/224/3221226724/1.m3u8
CGTN记录,https://english-livetx.cgtn.com/hls/yypdjlctzb_hd.m3u8
CCTV老故事,http://t.061899.xyz/tl/tl.php?id=lgs
海峡卫视,http://t.061899.xyz/tl/tl.php?id=hxws
四海钓鱼,http://t.061899.xyz/tl/tl.php?id=shdy
东方影视,http://t.061899.xyz/tl/tl.php?id=dfys
上视纪实人文,http://t.061899.xyz/tl/tl.php?id=shjsrw
七彩戏剧,http://t.061899.xyz/tl/tl.php?id=qcxj
苏州4K,https://tylive.kan0512.com/norecord/csztv4k_4k.m3u8
河北4K,https://event.pull.hebtv.com:443/live/live101.m3u8
tvg-id="河北卫视" tvg-name="河北卫视" tvg-logo="https://gitee.com/suxuang/logo/raw/master/mylogo/河北卫视.png" group-title="卫视频道",河北卫视,http://120.76.248.139/live/bfgd/4200000108.m3u8
tvg-id="宁夏卫视" tvg-name="宁夏卫视" tvg-logo="https://gitee.com/suxuang/logo/raw/master/mylogo/宁夏卫视.png" group-title="卫视频道",宁夏卫视,http://120.76.248.139/live/bfgd/4200000118.m3u8
tvg-id="云南卫视" tvg-name="云南卫视" tvg-logo="https://gitee.com/suxuang/logo/raw/master/mylogo/云南卫视.png" group-title="卫视频道",云南卫视,http://nn.7x9d.cn/xzc2.php?ua=TW96aWxsYS81LjAgKFdpbmRvd3MgTlQgNi4xOyBXaW42NDsgeDY0KSBBcHBsZVdlYktpdC81MzcuMzYgKEtIVE1MLCBsaWtlIEdlY2tvKSBDaHJvbWUvMTA2LjAuMC4wIFNhZmFyaS81MzcuMzY=&hls=aHR0cDovL3d3dy5kc2suY2MvcGhwL3N4Z2QucGhwP2lkPXlud3M=
农林卫视,http://120.76.248.139/live/bfgd/4200000122.m3u8
海峡卫视,http://8.138.7.223/tv/hxws.m3u8
珠江卫视,http://qjrhc.jydjd.top:2911/udp/224.1.100.24:11111
上海卫视,http://112.27.235.94:8000/hls/28/index.m3u8
重温经典,http://112.27.235.94:8000/hls/50/index.m3u8
苏州4K,http://106.53.99.30/tv/api.php?id=sztv4k
河北4K,http://106.53.99.30/tv/api.php?id=hebtv4k
CETV-01,https://zby.130519.xyz/PLTV/11/224/3221225775/index.m3u8
CETV-04,https://zby.130519.xyz/PLTV/11/224/3221226153/index.m3u8
黑龙江视,https://zby.130519.xyz/PLTV/11/224/3221225722/index.m3u8
东方影视,https://zby.130519.xyz/PLTV/11/224/3221225744/index.m3u8
东方财经,https://zby.130519.xyz/PLTV/11/224/3221226134/index.m3u8
睛彩广场,https://zby.130519.xyz/PLTV/11/224/3221226139/index.m3u8
求索科学,http://111.22.153.159:35455/itv/2000000004000000011.m3u8?cdn=hnbblive
求索生活,http://111.22.153.159:35455/itv/2000000004000000008.m3u8?cdn=hnbblive
求索动物,http://111.22.153.159:35455/itv/2000000004000000009.m3u8?cdn=hnbblive
纪实科教8K,https://gdcucc.v1.mk/gdcucc/brtv8k.m3u8
爱上4K,http://wouu.net:9977/udp/239.93.0.97:5140
华数4K,http://111.22.153.159:35455/itv/2000000004000000014.m3u8?cdn=hnbblive
纯享4K,#http://fjcm-2117.live.iptv.darwinchow.com/PLTV/88888888/224/3221226825/index.m3u8
重温经典,http://8.138.7.223/tv/cwjd.php
搜狐剧场,https://hdl-vip-ws.qf.56.com/live/lc_11730.flv
1905电影网,http://8.138.7.223/tv/1905.php?id=LIVE8J4LTCXPI7QJ5
1905电影网（国内）,http://8.138.7.223/tv/1905.php?id=LIVEOYY31H24H48NE
美亚电影台,https://live.tvfix.org/live/mydy/index.m3u8
漫威电影,http://1.94.31.214:35455/douyu/6140589
精彩影视,http://111.22.153.159:35455/itv/6000000006000320630.m3u8?cdn=wasusyt
纪实科教,http://120.76.248.139/live/bfgd/4200000113.m3u8
新视觉HD,http://120.76.248.139/live/bfgd/4200000249.m3u8
茶友频道,#http://fjcm-2118.live.iptv.darwinchow.com/PLTV/88888888/224/3221226859/index.m3u8
新纪实,http://bp-resource-dfl.bestv.cn/155/3/video.m3u8
上海新闻,http://bp-livetytv.bestv.cn/ch/bestvxwzh.m3u8
海峡卫视,http://8.138.7.223/tv/hxws.m3u8
七彩戏剧,http://111.22.153.159:35455/itv/5000000011000031116.m3u8?cdn=bestzb
重温经典,https://other.ottiptv.cc/cwjd.m3u8
澳视澳门,http://r.jdshipin.com/n2YZI
澳视卫星,http://r.jdshipin.com/QFhCq
台湾+,https://bcovlive-a.akamaihd.net/rce33d845cb9e42dfa302c7ac345f7858/ap-northeast-1/6282251407001/playlist.m3u8
TVB Plus,http://r.jdshipin.com/Nr5jq
TVB Plus,http://r.jdshipin.com/ndGgS
TVB星河,http://r.jdshipin.com/sXuuD
TVB星河,http://r.jdshipin.com/Voac4
华丽翡翠台,http://r.jdshipin.com/thuYX
HOY TV,http://r.jdshipin.com/sFw4S
海峡卫视,http://r.jdshipin.com/WtYt3
咪咕视频4K,http://r.jdshipin.com/ln4xk
咪咕视频4K-2,http://r.jdshipin.com/Lqdwf
翡翠台 backup,http://api.kkitv.itv888.vip:8080/streams/jutaw8wu0j9/index.m3u8
iNews新闻台,http://api.kkitv.itv888.vip:8080/streams/o0ey7z1y0y/index.m3u8
HOY资讯台,http://api.kkitv.itv888.vip:8080/streams/o6fp2zqodp/index.m3u8
RHK 31,http://api.kkitv.itv888.vip:8080/streams/au9u4ktua3t/index.m3u8
RHK 32,http://api.kkitv.itv888.vip:8080/streams/emzampd6m1i/index.m3u8
VIUTV1,http://api.kkitv.itv888.vip:8080/streams/i76tznm59xp/index.m3u8
Viu6,http://api.kkitv.itv888.vip:8080/streams/bvdslcl5cts/index.m3u8
珠江卫视,http://iptv.4666888.xyz/iptv2A.php?id=19
美亚电影,http://iptv.4666888.xyz/iptv2A.php?id=30
有线新闻,http://iptv.4666888.xyz/iptv2A.php?id=31
龙华电影,http://iptv.4666888.xyz/iptv2A.php?id=45
凤凰电影,http://iot-mqqt.111yao.cn:8080/live/diyp_fhdy.m3u8
星空国际,http://iot-mqqt.111yao.cn:8080/live/diyp_starmovies.m3u8
澳门卫视,http://php.jdshipin.com:8880/TVOD/iptv.php?id=as
澳视澳门,http://php.jdshipin.com:8880/TVOD/iptv.php?id=asam
澳亚卫视,http://cdn9.163189.xyz/live/as/stream.m3u8
莲花卫视,http://live-hls.macaulotustv.com/lotustv/macaulotustv.m3u8
TVB无线新闻（备用）,http://erp.giihgtidg.com:8080/live/wxxw01.m3u8
TVB无线星河,http://php.jdshipin.com:8880/smt.php?id=Xinhe
TVB娱乐新闻,http://ali.hlspull.yximgs.com/live/6425965d63a08c85ca806bfcc8c75cf4.flv
TVB翡翠台（备用）,http://erp.giihgtidg.com:8080/live/jade01.m3u8
TVB翡翠台 1080P,http://php.jdshipin.com:8880/TVOD/iptv.php?id=fct3
华丽翡翠台,http://cdn9.163189.xyz/smt1.1.php?id=Tvbjade
TVB J1,http://cdn3.163189.xyz/live/j1/stream.m3u8
TVB Plus,http://bxtv.3a.ink/api.php?id=tvbp
千禧经典,http://cdn9.163189.xyz/smt3.1.1.php?id=Tvbclassic
星光影视,http://ali.hlspull.yximgs.com/live/zxcvbnm9852.flv
环球电视,http://utv1.hqtvzb.com:9999/hls/world.m3u8
耀才财经,https://v3.mediacast.hk/webcast/bshdlive-pc/chunklist_w99771165.m3u8
民视,rtmp://f13h.mine.nu/sat/tv051
台视,rtmp://f13h.mine.nu/sat/tv071
中视,rtmp://f13h.mine.nu/sat/tv091
华视,rtmp://f13h.mine.nu/sat/tv111
台视新闻,http://38.64.72.148/hls/modn/list/4013/chunklist1.m3u8
中天新闻,https://v.hystudio.cn:8088/live/yifatv-ztxw0.m3u8
中天娱乐,https://gdfire2.67890123.cn:8088/live/ztxw201.m3u8
华视新闻,http://litv.zapi.us.kg/?id=4gtv-4gtv052
中视新闻,http://198.16.100.186:8278/zhongshinews_twn/playlist.m3u8?tid=MD0D3377711133777111&ct=19249&tsum=ffaee3fe7040c96643b3c7f12bf2de8d
三立综合,http://live4play.uk/livehttpplay?channel_id=12038
三立都会,http://live4play.uk/livehttpplay?channel_id=20100
三立戏剧,http://61.221.215.25:8800/hls/41/index.m3u8
非凡新闻,rtmp://f13h.mine.nu/sat/tv581
寰宇新闻,https://gdfire2.67890123.cn:8088/live/hyxw01.m3u8
年代新闻,http://198.16.100.186:8278/niandainews_twn/playlist.m3u8?tid=MBCB9184423891844238&ct=19249&tsum=ac0331d98099429b19c53fe6d20972ec
东森新闻,https://gdfire2.67890123.cn:8088/live/dsxw01.m3u8
东森财经,http://live4play.uk/livehttpplay?channel_id=20078
东森戏剧,http://live4play.uk/livehttpplay?channel_id=20072
美亚电影,http://ali.hlspull.yximgs.com/live/awei_mydy.flv
民视新闻台,http://live4play.uk/livehttpplay?channel_id=20097
民视台湾台,https://smart.pendy.dpdns.org/Smart.php?id=ftvtaiwan_twn
民视第一台,https://smart.pendy.dpdns.org/Smart.php?id=lunghuajingdian_twn
民视综艺台,http://litv.zapi.us.kg/?id=4gtv-4gtv004
民视影剧台,http://litv.zapi.us.kg/?id=litv-ftv09
中天亚洲台,http://livetv.skycf.eu.org/live.m3u8?c=3
中视菁采,http://litv.zapi.us.kg/?id=4gtv-4gtv064
美亚C+,http://ottproxy2.ist.ooo/livehls/MOB-U1-NO/03.m3u8
MOMO TV,rtmp://f13h.mine.nu/sat/tv761
纬来日本,rtmp://f13h.mine.nu/sat/tv771
大爱1台,https://pulltv1.wanfudaluye.com/live/tv1.m3u8
大爱2台,https://pulltv2.wanfudaluye.com/live/tv2.m3u8
大立电视台,http://www.dalitv.com.tw:4568/live/dali/index.m3u8
TVBS新闻台,http://61.221.215.25:8800/hls/9/index.m3u8
番薯台,http://61.216.67.119:1935/TWHG/E1/chunklist_w705811302.m3u8
人间卫视,http://61.216.67.119:1935/bltvhd/bltv1/chunklist_w1266569526.m3u
八大戏剧台,http://61.221.215.25:8800/hls/39/index.m3u8
AMC电影台,http://122.117.71.103:8559/http/61.222.53.250:8092/upload/115/AMC_TS-1111_1.m3u8
CAT电影,http://litv.zapi.us.kg/?id=4gtv-4gtv076
龙华电影,https://cdn8.163189.xyz/live/lhdy/stream.m3u8
龙华洋片,https://cdn8.163189.xyz/live/lhyp/stream.m3u8
龙华经典,https://cdn8.163189.xyz/live/lhjd/stream.m3u8
龙华卡通,https://cdn8.163189.xyz/live/lhkt/stream.m3u8
龙华偶像,https://cdn8.163189.xyz/live/lhox/stream.m3u8
龙华日韩,https://cdn8.163189.xyz/live/lhrh/stream.m3u8
龙华戏剧,https://cdn8.163189.xyz/live/lhxj/stream.m3u8
HOY78,http://cdn.163189.xyz/live/hoy/stream.m3u8
ASTRO AOD,http://cdn9.163189.xyz/smt1.1.php?id=Aodhd
DAZN体育1,rtmp://f13h.mine.nu/sat/tv731
DAZN体育2,rtmp://f13h.mine.nu/sat/tv741
ELEVEN体育1,https://stream1.freetv.fun/eltaai-er-da-ti-yu--1--wj-1.ctv
ELEVEN体育2,https://stream1.freetv.fun/eltaai-er-da-ti-yu--2--wj-1.ctv
ELEVEN体育3,https://stream1.freetv.fun/eltaai-er-da-ti-yu--3--wj-1.ctv
半岛新闻,#http://live-hls-web-aje.getaj.net/AJE/01.m3u8
韩国电影1,https://stream.ads.ottera.tv/playlist.m3u8?network_id=595
韩国电影2,https://stream.ads.ottera.tv/playlist.m3u8?network_id=743
翡翠台北美版,http://php.jdshipin.com:8880/TVOD/iptv.php?id=j1
TVB Plus,http://php.jdshipin.com/TVOD/iptv.php?id=j2
HOY TV,http://php.jdshipin.com/TVOD/iptv.php?id=hoytv
澳视澳门,http://php.jdshipin.com:8880/TVOD/iptv.php?id=asam
澳视卫星,http://php.jdshipin.com:8880/TVOD/iptv.php?id=as
八度空间,https://cdn6.163189.xyz/163189/8tv
CH5,https://cdn6.163189.xyz/163189/ch5
CH8,https://cdn6.163189.xyz/163189/ch8
CHU,https://cdn6.163189.xyz/163189/chu
千禧经典台,http://php.jdshipin.com:8880/smt.php?id=Tvbclassic
美亚电影台,http://php.jdshipin.com:8880/smt.php?id=meiyamovie_twn
天映频道,http://php.jdshipin.com:8880/smt.php?id=Celestial
Astro AOD,http://php.jdshipin.com/TVOD/iptv.php?id=aod
Astro AEC,http://php.jdshipin.com/smt.php?id=AEC
爱奇艺,http://php.jdshipin.com/smt.php?id=Qiyi
Astro QJ,http://php.jdshipin.com/smt.php?id=Quanjia
Astro欢喜台,http://php.jdshipin.com/smt.php?id=Huahee
华丽翡翠台,http://php.jdshipin.com/TVOD/iptv.php?id=huali2
亚洲武侠,http://php.jdshipin.com/TVOD/iptv.php?id=yzwx
TVB生活台,http://php.jdshipin.com/TVOD/iptv.php?id=tvbsh
TVB娱乐新闻台,http://php.jdshipin.com/TVOD/iptv.php?id=tvbylxw
TVB星河,http://php.jdshipin.com/TVOD/iptv.php?id=xinghe
NOW NEWS,http://cdn.163189.xyz/163189/now
澳视卫星,https://cdn6.163189.xyz/163189/as
澳视澳门,https://cdn6.163189.xyz/163189/asam
澳门体育,http://cdn6.163189.xyz/163189/amty
澳门综艺,http://cdn6.163189.xyz/163189/amzy
iHOT 爱喜剧,http://111.22.153.159:35455/itv/2000000004000000032.m3u8?cdn=hnbblive
iHOT 爱科幻,http://111.22.153.159:35455/itv/2000000004000000033.m3u8?cdn=hnbblive
iHOT 爱院线,http://111.22.153.159:35455/itv/2000000004000000034.m3u8?cdn=hnbblive
iHOT 爱浪漫,http://111.22.153.159:35455/itv/2000000004000000035.m3u8?cdn=hnbblive
iHOT 爱悬疑,http://111.22.153.159:35455/itv/2000000004000000036.m3u8?cdn=hnbblive
iHOT 爱谍战,http://111.22.153.159:35455/itv/2000000004000000038.m3u8?cdn=hnbblive
iHOY 爱历史,http://111.22.153.159:35455/itv/2000000004000000046.m3u8?cdn=hnbblive
iHOT 爱科学,http://111.22.153.159:35455/itv/2000000004000000047.m3u8?cdn=hnbblive
iHOT 爱玩具,http://111.22.153.159:35455/itv/2000000004000000053.m3u8?cdn=hnbblive
iHOT 爱赛车,http://111.22.153.159:35455/itv/2000000004000000055.m3u8?cdn=hnbblive
iHOT 爱旅行,http://111.22.153.159:35455/itv/2000000004000000056.m3u8?cdn=hnbblive
iHOT 爱奇谈,http://111.22.153.159:35455/itv/2000000004000000058.m3u8?cdn=hnbblive
NewTV 超级电视剧,http://111.22.153.159:35455/itv/1000000004000024993.m3u8?cdn=ystenlive
NewTV 超级综艺,http://[2409:8087:5e00:24::2d]:6610/000000001000/1/1000000004000023658/index.m3u8?channel-id=ystenlive&Contentid=1000000004000023658&livemode=1&stbId=YanG-1989
NewTV 东北热剧,http://39.134.65.175/PLTV/88888888/224/3221225679/1.m3u8
NewTV 欢乐剧场,http://39.134.65.175/PLTV/88888888/224/3221225682/1.m3u8
NewTV 潮妈辣婆,http://[2409:8087:5e00:24::2d]:6610/000000001000/1/2000000003000000018/index.m3u8?channel-id=hnbblive&Contentid=2000000003000000018&livemode=1&stbId=YanG-1989
NewTV 炫舞未来,http://[2409:8087:5e00:24::2d]:6610/000000001000/1/1000000001000000515/index.m3u8?channel-id=ystenlive&Contentid=1000000001000000515&livemode=1&stbId=YanG-1989
NewTV 精品萌宠,http://[2409:8087:5e00:24::2d]:6610/000000001000/1/1000000006000032328/index.m3u8?channel-id=ystenlive&Contentid=1000000006000032328&livemode=1&stbId=YanG-1989
NewTV 精品记录,http://[2409:8087:5e00:24::2d]:6610/000000001000/1/1000000004000013730/index.m3u8?channel-id=ystenlive&Contentid=1000000004000013730&livemode=1&stbId=YanG-1989
赛事睛彩竞技,http://vip.lqcc.xyz:35455/itv/3000000020000011528.m3u8?cdn=FifastbLive
赛事睛彩篮球,http://vip.lqcc.xyz:35455/itv/3000000020000011529.m3u8?cdn=FifastbLive
赛事睛彩竞技,http://vip.lqcc.xyz:35455/itv/3000000020000011530.m3u8?cdn=FifastbLive
赛事睛彩篮球,http://vip.lqcc.xyz:35455/itv/3000000020000011531.m3u8?cdn=FifastbLive
咪咕赛事4k-1,http://vip.lqcc.xyz:35455/itv/3000000010000005180.m3u8?cdn=FifastbLive
咪咕赛事4k-2,http://vip.lqcc.xyz:35455/itv/3000000010000015686.m3u8?cdn=FifastbLive
咪咕赛事播01,http://vip.lqcc.xyz:35455/itv/3000000001000005308.m3u8?cdn=FifastbLive
咪咕赛事播02,http://vip.lqcc.xyz:35455/itv/3000000001000005969.m3u8?cdn=FifastbLive
咪咕赛事播03,http://vip.lqcc.xyz:35455/itv/3000000001000007218.m3u8?cdn=FifastbLive
咪咕赛事播04,http://vip.lqcc.xyz:35455/itv/3000000001000008001.m3u8?cdn=FifastbLive
咪咕赛事播05,http://vip.lqcc.xyz:35455/itv/3000000001000008176.m3u8?cdn=FifastbLive
咪咕赛事播06,http://vip.lqcc.xyz:35455/itv/3000000001000008379.m3u8?cdn=FifastbLive
咪咕赛事播07,http://vip.lqcc.xyz:35455/itv/3000000001000010129.m3u8?cdn=FifastbLive
咪咕赛事播08,http://vip.lqcc.xyz:35455/itv/3000000001000010948.m3u8?cdn=FifastbLive
咪咕赛事播09,http://vip.lqcc.xyz:35455/itv/3000000001000026778.m3u8?cdn=FifastbLive
咪咕赛事播10,http://vip.lqcc.xyz:35455/itv/3000000001000028638.m3u8?cdn=FifastbLive
咪咕赛事播11,http://vip.lqcc.xyz:35455/itv/3000000001000031494.m3u8?cdn=FifastbLive
咪咕赛事播12,http://vip.lqcc.xyz:35455/itv/3000000010000000097.m3u8?cdn=FifastbLive
咪咕赛事播13,http://vip.lqcc.xyz:35455/itv/3000000010000002019.m3u8?cdn=FifastbLive
咪咕赛事播14,http://vip.lqcc.xyz:35455/itv/3000000010000002032.m3u8?cdn=FifastbLive
咪咕赛事播15,http://vip.lqcc.xyz:35455/itv/3000000010000002809.m3u8?cdn=FifastbLive
咪咕赛事播16,http://vip.lqcc.xyz:35455/itv/3000000010000003915.m3u8?cdn=FifastbLive
咪咕赛事播17,http://vip.lqcc.xyz:35455/itv/3000000010000004193.m3u8?cdn=FifastbLive
咪咕赛事播18,http://vip.lqcc.xyz:35455/itv/3000000010000004464.m3u8?cdn=FifastbLive
咪咕赛事播19,http://vip.lqcc.xyz:35455/itv/3000000010000005837.m3u8?cdn=FifastbLive
咪咕赛事播20,http://vip.lqcc.xyz:35455/itv/3000000010000006077.m3u8?cdn=FifastbLive
咪咕赛事播21,http://vip.lqcc.xyz:35455/itv/3000000010000006658.m3u8?cdn=FifastbLive
咪咕赛事播22,http://vip.lqcc.xyz:35455/itv/3000000010000006944.m3u8?cdn=FifastbLive
咪咕赛事播23,http://vip.lqcc.xyz:35455/itv/3000000010000007692.m3u8?cdn=FifastbLive
咪咕赛事播24,http://vip.lqcc.xyz:35455/itv/3000000010000009788.m3u8?cdn=FifastbLive
咪咕赛事播25,http://vip.lqcc.xyz:35455/itv/3000000010000010833.m3u8?cdn=FifastbLive
咪咕赛事播26,http://vip.lqcc.xyz:35455/itv/3000000010000011112.m3u8?cdn=FifastbLive
咪咕赛事播27,http://vip.lqcc.xyz:35455/itv/3000000010000011297.m3u8?cdn=FifastbLive
咪咕赛事播28,http://vip.lqcc.xyz:35455/itv/3000000010000011518.m3u8?cdn=FifastbLive
咪咕赛事播29,http://vip.lqcc.xyz:35455/itv/3000000010000011763.m3u8?cdn=FifastbLive
咪咕赛事播30,http://vip.lqcc.xyz:35455/itv/3000000010000011873.m3u8?cdn=FifastbLive
咪咕赛事播31,http://vip.lqcc.xyz:35455/itv/3000000010000012398.m3u8?cdn=FifastbLive
咪咕赛事播32,http://vip.lqcc.xyz:35455/itv/3000000010000012450.m3u8?cdn=FifastbLive
咪咕赛事播33,http://vip.lqcc.xyz:35455/itv/3000000010000012558.m3u8?cdn=FifastbLive
咪咕赛事播34,http://vip.lqcc.xyz:35455/itv/3000000010000012616.m3u8?cdn=FifastbLive
咪咕赛事播35,http://vip.lqcc.xyz:35455/itv/3000000010000015470.m3u8?cdn=FifastbLive
咪咕赛事播36,http://vip.lqcc.xyz:35455/itv/3000000010000015560.m3u8?cdn=FifastbLive
咪咕赛事播37,http://vip.lqcc.xyz:35455/itv/3000000010000017389.m3u8?cdn=FifastbLive
咪咕赛事播38,http://vip.lqcc.xyz:35455/itv/3000000010000017678.m3u8?cdn=FifastbLive
咪咕赛事播39,http://vip.lqcc.xyz:35455/itv/3000000010000017997.m3u8?cdn=FifastbLive
咪咕赛事播40,http://vip.lqcc.xyz:35455/itv/3000000010000019380.m3u8?cdn=FifastbLive
咪咕赛事播41,http://vip.lqcc.xyz:35455/itv/3000000010000019839.m3u8?cdn=FifastbLive
咪咕赛事播42,http://vip.lqcc.xyz:35455/itv/3000000010000020168.m3u8?cdn=FifastbLive
咪咕赛事播43,http://vip.lqcc.xyz:35455/itv/3000000010000021904.m3u8?cdn=FifastbLive
咪咕赛事播44,http://vip.lqcc.xyz:35455/itv/3000000010000023434.m3u8?cdn=FifastbLive
咪咕赛事播45,http://vip.lqcc.xyz:35455/itv/3000000010000024205.m3u8?cdn=FifastbLive
咪咕赛事播46,http://vip.lqcc.xyz:35455/itv/3000000010000024691.m3u8?cdn=FifastbLive
咪咕赛事播47,http://vip.lqcc.xyz:35455/itv/3000000010000025380.m3u8?cdn=FifastbLive
咪咕赛事播48,http://vip.lqcc.xyz:35455/itv/3000000010000025943.m3u8?cdn=FifastbLive
咪咕赛事播49,http://vip.lqcc.xyz:35455/itv/3000000010000027318.m3u8?cdn=FifastbLive
咪咕赛事播50,http://vip.lqcc.xyz:35455/itv/3000000010000027638.m3u8?cdn=FifastbLive
咪咕赛事播51,http://vip.lqcc.xyz:35455/itv/3000000010000027691.m3u8?cdn=FifastbLive
咪咕赛事播52,http://vip.lqcc.xyz:35455/itv/3000000010000031669.m3u8?cdn=FifastbLive
咪咕赛事播53,http://vip.lqcc.xyz:35455/itv/3000000010000032106.m3u8?cdn=FifastbLive
河北少儿,http://tv.pull.hebtv.com/jishi/shaoerkejiao.m3u8?t=2510710360&k=4ff4446adf3cce3de40dd013255b38b2
内蒙古少儿,https://livestream-bt.nmtv.cn/nmtv/2318general.m3u8?txSecret=a2c948908728a0733cecbe1fadea23dc&txTime=771E8800
韩国EBS少儿,http://ebsonairios.ebs.co.kr/ebsutablet500k/tablet500k/playlist.m3u8
灌篮高手,https://live.ottiptv.cc/yy/1382735626
哆啦A梦,https://live.ottiptv.cc/huya/11601963
喜羊羊与灰太狼,https://live.ottiptv.cc/huya/23865080
精灵宝可梦,https://live.ottiptv.cc/huya/23749096
名侦探柯南,https://live.ottiptv.cc/huya/30080236
周星驰电影,http://cdn.jdshipin.com:8880/huya.php?id=11342412
林正英电影,http://cdn.jdshipin.com:8880/huya.php?id=11342421
刘德华电影,http://cdn.jdshipin.com:8880/huya.php?id=11342424
古天乐电影,http://cdn.jdshipin.com:8880/huya.php?id=29982675
成龙电影,http://cdn.jdshipin.com:8880/huya.php?id=11342386
李连杰电影,http://cdn.jdshipin.com:8880/huya.php?id=11342390
甄子丹电影,http://cdn.jdshipin.com:8880/huya.php?id=11352935
沈腾电影,http://cdn.jdshipin.com:8880/huya.php?id=11601968
黄渤电影,http://cdn.jdshipin.com:8880/huya.php?id=11352876
强森电影,http://cdn.jdshipin.com:8880/huya.php?id=21059581
王晶电影,http://cdn.jdshipin.com:8880/huya.php?id=11602058
金庸武侠,http://cdn.jdshipin.com:8880/huya.php?id=11342435
功夫电影,http://cdn.jdshipin.com:8880/huya.php?id=11352941
贺岁电影,http://cdn.jdshipin.com:8880/huya.php?id=11601986
怪兽电影,http://cdn.jdshipin.com:8880/huya.php?id=21059577
武侠电影,http://cdn.jdshipin.com:8880/huya.php?id=11342427
玄幻电影,http://cdn.jdshipin.com:8880/huya.php?id=11342414
罪犯电影,http://cdn.jdshipin.com:8880/huya.php?id=11352962
战争电影,http://cdn.jdshipin.com:8880/huya.php?id=21059574
谍战电影,http://cdn.jdshipin.com:8880/huya.php?id=21059585
枪战电影,http://cdn.jdshipin.com:8880/huya.php?id=21059579
狄仁杰电影,http://cdn.jdshipin.com:8880/huya.php?id=30080229
末日电影合集,https://live.ottiptv.cc/yy/1354889019
宇宙科幻合集,http://cdn.jdshipin.com:8880/huya.php?id=11342428
古装武侠,http://www.goodiptv.club/douyu/2793084
邵氏影院,http://www.goodiptv.club/douyu/4246519
冰冰影剧,http://www.goodiptv.club/douyu/74374
刀刀影院,http://www.goodiptv.club/douyu/747764
华语影视,http://www.goodiptv.club/douyu/3928
斗鱼港剧,http://www.goodiptv.club/douyu/5061550
橙记港剧,http://www.goodiptv.club/douyu/4549169
经典剧集,http://www.goodiptv.club/douyu/6863367
热门港剧,http://www.goodiptv.club/douyu/5522351
贝爷求生,http://www.goodiptv.club/douyu/9661369
延禧攻略,https://live.ottiptv.cc/huya/26355864
琅琊榜,#http://zby.xjqxz.top/lyb/live.m3u8
新三国,https://live.ottiptv.cc/huya/11352944
新水浒传,https://live.ottiptv.cc/huya/11342384
新三国（斗鱼）,https://goodiptv.club/douyu/5908256
少年包青天第一部,https://live.ottiptv.cc/yy/1356043677
少年包青天第三部,https://live.ottiptv.cc/yy/1382736814
神探狄仁杰第一部,https://live.ottiptv.cc/huya/11352958
神探狄仁杰第二部,https://goodiptv.club/douyu/12183882
神探狄仁杰第三部,https://live.ottiptv.cc/huya/11342425
爱情公寓,https://live.ottiptv.cc/huya/11336726
爱情公寓（斗鱼）,https://goodiptv.club/douyu/4105989
亮剑,https://live.ottiptv.cc/huya/30080238
雪豹,https://live.ottiptv.cc/huya/29580970
特种兵之火凤凰,https://live.ottiptv.cc/huya/29982636
士兵突击,https://live.ottiptv.cc/huya/11342430
神雕侠侣,https://live.ottiptv.cc/huya/11352964
倚天屠龙记,https://live.ottiptv.cc/huya/11342403
铁齿铜牙纪晓岚,https://live.ottiptv.cc/huya/11342396
康熙王朝,https://live.ottiptv.cc/huya/11352940
陈情令,https://live.ottiptv.cc/huya/29465862
庆余年,https://live.ottiptv.cc/huya/11352960
鬼吹灯之精绝古城,https://live.ottiptv.cc/huya/11352871
鬼吹灯之怒晴湘西,https://live.ottiptv.cc/huya/11602075
鬼吹灯之龙岭迷窟,https://live.ottiptv.cc/huya/29465863
鬼吹灯之云南虫谷,https://live.ottiptv.cc/huya/11352898
伪装者,https://live.ottiptv.cc/yy/1354936244
西游记后传,https://live.ottiptv.cc/yy/1353392400
隋唐英雄传,https://live.ottiptv.cc/yy/1352475619
西游记续集,http://www.goodiptv.club/douyu/3113309
我是特种兵之利刃出鞘,https://live.ottiptv.cc/yy/37999586
狂飙,https://live.ottiptv.cc/yy/1355142167
乌龙闯情关,https://live.ottiptv.cc/huya/26355767
柳舟计,https://live.ottiptv.cc/huya/23860039
与凤行,https://live.ottiptv.cc/huya/26355866
大秦赋,https://live.ottiptv.cc/huya/23903130
永夜星河,https://live.ottiptv.cc/huya/23734169
流水迢迢,https://live.ottiptv.cc/huya/23865036
唐诡之西行,https://live.ottiptv.cc/huya/26355763
玫瑰的故事,https://live.ottiptv.cc/huya/23865142
梦中的那片海,https://live.ottiptv.cc/huya/26355765
知否知否,https://live.ottiptv.cc/yy/21881901
父母爱情,https://live.ottiptv.cc/yy/1354926650
欢乐颂,https://live.ottiptv.cc/yy/1382735624
康熙微服私访记,https://live.ottiptv.cc/huya/11342418
如懿传,https://live.ottiptv.cc/huya/29465868
芈月传,https://live.ottiptv.cc/huya/11352975
楚汉骄雄,http://cdn.jdshipin.com:8880/huya.php?id=29465854
寻秦记,http://cdn.jdshipin.com:8880/huya.php?id=29465848
西游记2,http://cdn.jdshipin.com:8880/huya.php?id=29465859
大唐双龙传,http://cdn.jdshipin.com:8880/huya.php?id=29465850
神雕侠侣,http://cdn.jdshipin.com:8880/huya.php?id=23865171
倚天屠龙记,http://cdn.jdshipin.com:8880/huya.php?id=23734246
活佛济公3,http://cdn.jdshipin.com:8880/huya.php?id=23903123
无心法师,http://cdn.jdshipin.com:8880/huya.php?id=30080233
谈判专家,https://live.ottiptv.cc/yy/1382735560
刑事侦缉档案,http://cdn.jdshipin.com:8880/huya.php?id=29465856
法政先锋,http://cdn.jdshipin.com:8880/huya.php?id=23863804
洗冤录,http://cdn.jdshipin.com:8880/huya.php?id=29465851
陀枪师姐,http://cdn.jdshipin.com:8880/huya.php?id=29465857
使徒行者,http://cdn.jdshipin.com:8880/huya.php?id=23734256
鉴证实录,http://cdn.jdshipin.com:8880/huya.php?id=23903183
金枝欲孽,http://cdn.jdshipin.com:8880/huya.php?id=29465847
扫黄先锋,http://cdn.jdshipin.com:8880/huya.php?id=29465855
创世纪,http://cdn.jdshipin.com:8880/huya.php?id=29465852
妙手仁心,http://cdn.jdshipin.com:8880/huya.php?id=29465853
大时代,http://cdn.jdshipin.com:8880/huya.php?id=23865161
野蛮亲家,http://cdn.jdshipin.com:8880/huya.php?id=23863796
笑看风云,http://cdn.jdshipin.com:8880/huya.php?id=29465858
倩女幽魂妖魔道,http://jsmov2.a.yximgs.com/bs3/video-hls/5232901391302199073_hlsb.m3u8
倩女幽魂人间道,http://jsmov2.a.yximgs.com/bs3/video-hls/5250634317044855747_hlsb.m3u8
倩女幽魂道道道,http://jsmov2.a.yximgs.com/bs3/video-hls/5216294367991385255_hlsb.m3u8
人在囧途,https://vip.ffzy-play.com/20221018/1953_2d6ba500/index.m3u8
人在囧途之泰囧,https://vip.ffzy-play.com/20221018/1951_47e1adc8/index.m3u8
人在囧途之港囧,https://vip.ffzy-play7.com/20230112/11082_fde1a94d/index.m3u8
拆弹专家1,https://vip.ffzy-online.com/20221015/719_80ff87c2/index.m3u8
拆弹专家2,https://vip.ffzy-online.com/20221015/722_e32c42bc/index.m3u8
寒战,https://vip.ffzy-play6.com/20221019/157_bf0740ee/index.m3u8
我不是药神,https://vip.ffzy-play1.com/20221018/478_c3afed66/index.m3u8
让子弹飞,https://vip.ffzy-play7.com/20230116/11563_b9f44814/index.m3u8
龙门飞甲,http://jsmov2.a.yximgs.com/bs3/video-hls/5203346449046555193_hlsb.m3u8
BRTV纪实科教,http://120.76.248.139/live/bfgd/4200000113.m3u8
BRTV卡酷少儿,http://rrs01.hw.gmcc.net:8088/PLTV/81/224/3221226677/1.m3u8
BRTV新闻,http://[2409:8087:1:20:20::2a]/otttv.bj.chinamobile.com/PLTV/88888888/224/3221226437/1.m3u8?GuardEncType=2&accountinfo=%7E%7EV2.0%7EncK5uEAdYwWMsf8WJWI1mQ%7E_eNUbgU9sJGUcVVduOMKhafLvQUgE_zlz_7pvDimJNO_LSIQh_h2P54Cz-MqgJqC%2CEND
BRTV影视,https://hsplay-360.v.btime.com/live_btime/btv_sn_20170706_s4/index.m3u8?time=1742954511&sign=5241ba5667bd08639fd195ea9db6da5a
BRTV文艺,https://hsplay-360.v.btime.com/live_btime/btv_sn_20170706_s2/index.m3u8?time=1742954441&sign=36eca1b00f7de9e79ecc4449bcaa35d5
BRTV财经,http://[2409:8087:1:20:20::2a]/otttv.bj.chinamobile.com/PLTV/88888888/224/3221226516/1.m3u8?GuardEncType=2&accountinfo=%7E%7EV2.0%7Eh9_SEkmWeMdS1TMnIILZgg%7E_eNUbgU9sJGUcVVduOMKhafLvQUgE_zlz_7pvDimJNPIiicEW7OIvk1s-X-PXHqO%2CEND
BRTV生活,http://[2409:8087:1:20:20::2a]/otttv.bj.chinamobile.com/PLTV/88888888/224/3221226514/1.m3u8?GuardEncType=2&accountinfo=%7E%7EV2.0%7Es-PVNcPJsjr_oBdcXGT40g%7E_eNUbgU9sJGUcVVduOMKhafLvQUgE_zlz_7pvDimJNMWvZ0r6eMXcXJOGrCpJiq1%2CEND
BRTV体育休闲,http://smjdenny.eu.org:35455/bptv/10000100000000050000000003870779.m3u8
BRTV国际频道,http://[2409:8087:1:20:20::2a]/otttv.bj.chinamobile.com/PLTV/88888888/224/3221226510/1.m3u8?GuardEncType=2&accountinfo=%7E%7EV2.0%7EIfgL7tTUNqHAIdgvKuwj8A%7E_eNUbgU9sJGUcVVduOMKhafLvQUgE_zlz_7pvDimJNPr9j5nfyiWS_jEXD6m401A%2CEND
北京4K超清,http://[2409:8087:1:20:20::26]/otttv.bj.chinamobile.com/PLTV/88888888/224/3221226550/1.m3u8?GuardEncType=2&accountinfo=~~V2.0~e2qS8h6u-xp3gd50vNr1sw~_eNUbgU9sJGUcVVduOMKhafLvQUgE_zlz_7pvDimJNPPFD3HVWEytEVyliOxehfe%2CEND
淘娱乐,http://[2409:8087:1:20:20::2c]/otttv.bj.chinamobile.com/PLTV/88888888/224/3221226551/1.m3u8?GuardEncType=2&accountinfo=%7E%7EV2.0%7Ex0efg9fpenP8E8lWJUb5Lg%7E_eNUbgU9sJGUcVVduOMKhafLvQUgE_zlz_7pvDimJNNg3bzRax0E9tLmO9xgXVx8%2CEND
淘BABY,http://[2409:8087:1:20:20::2c]/otttv.bj.chinamobile.com/PLTV/88888888/224/3221226554/1.m3u8?GuardEncType=2&accountinfo=%7E%7EV2.0%7EN0sbBMpQv4sLsW5foy3YfA%7E_eNUbgU9sJGUcVVduOMKhafLvQUgE_zlz_7pvDimJNNg3bzRax0E9tLmO9xgXVx8%2CEND
萌宠TV,http://[2409:8087:1:20:20::26]/otttv.bj.chinamobile.com/PLTV/88888888/224/3221226555/1.m3u8?GuardEncType=2&accountinfo=%7E%7EV2.0%7E_PpxWPtvSZRFtu_Ged-vQ%7E_eNUbgU9sJGUcVVduOMKhafLvQUgE_zlz_7pvDimJNO0istnBuoA2R9ODSCqyIyS%2CEND
中华特产,http://120.76.248.139/live/bfgd/4200000158.m3u8
四海钓鱼,http://120.76.248.139/live/bfgd/4200000229.m3u8
车迷频道,http://120.76.248.139/live/bfgd/4200000146.m3u8
上海新闻,http://bp-livetytv.bestv.cn/ch/bestvxwzh.m3u8
东方财经,http://111.22.153.159:35455/itv/5000000007000010003.m3u8?cdn=bestzb
东方影视,http://111.22.153.159:35455/itv/5000000010000032212.m3u8?cdn=bestzb
萧山综合,http://l.cztvcloud.com/channels/lantian/SXxiaoshan1/720p.m3u8
象山新闻综合,http://l.cztvcloud.com/channels/lantian/SXxiangshan1/720p.m3u8
文成新闻综合,http://l.cztvcloud.com/channels/lantian/SXwencheng1/720p.m3u8
青田电视台,http://l.cztvcloud.com/channels/lantian/SXqingtian1/720p.m3u8
云和新闻综合,http://l.cztvcloud.com/channels/lantian/SXyunhe1/720p.m3u8
茶友频道,http://drive.mxmy.net:8888/udp/239.3.1.165:8001
湖南视剧,http://tvbox6.icu/tv/mgtv.php?id=484
长沙女性,http://tvbox6.icu/tv/mgtv.php?id=230
四川新闻,http://wouu.net:9977/udp/239.93.0.47:5140
峨眉电影,http://wouu.net:9977/udp/239.93.1.54:5140
四川影视文艺,http://wouu.net:9977/udp/239.93.0.166:5140
四川经济,http://wouu.net:9977/udp/239.93.1.101:5140
四川文化旅游,http://wouu.net:9977/udp/239.93.1.102:5140
四川公共乡村,http://wouu.net:9977/udp/239.93.0.52:5140
四川妇女儿童,http://wouu.net:9977/udp/239.93.0.219:5140
龙泉新闻综合,http://l.cztvcloud.com/channels/lantian/SXlongquan1/720p.m3u8
乐至综合,http://175.155.106.72:89/live1/live1.m3u8?zsicd
利州综合,http://tvfile.lzgbdst.com/nmip-media/channellive/channel106876/playlist.m3u8?zsicd
剑阁综合,https://m3u8.channel.dzsm.com/nmip-media/channellive/channel105549/playlist.m3u8
万源新闻综合,http://live.wanyuannews.com/wytv/hd/live.m3u8?zsicd
叙州新闻综合,http://pili-live-hls.ybcxjd.com/jdh-live/2108111201035597.m3u8?zsicd
广元公共,https://m3u8.channel.dzsm.com/nmip-media/channellive/channel101257/playlist.m3u8
广安公共,http://live1.gatv.com.cn:85/live/GGPD_ggpdzm.m3u8?zsicd
德阳公共,http://scdytv.cn:1935/live/m_ggpd_livevideo/playlist.m3u8?zsicd
旺苍新闻综合,http://channel.wcrmt.cn:80/nmip-media/channellive/channel105268/playlist.m3u8
沐川综合,rtmp://tv.mcrm.org.cn:1935/channellive/tv01
沙湾融媒,http://tvfile.swrmt.com:80/nmip-media/channellive/channel100064/playlist.m3u8
金川新闻综合,http://live.jinchuanrmt.com:90/live/zhxw.m3u8?zsicd
金川乡村,http://live.jinchuanrmt.com:90/live/jcxc.m3u8?zsicd
青神综合,http://lmt.scqstv.com:80/live1/live1.m3u8
青川综合,http://qcfile.qcrmt.com/nmip-media/channellive/channel100933/playlist.m3u8
雅安新闻综合,https://play.yunxya.com/channellive/xinwen.m3u8
长宁综合,http://cnpull.sccnfb.com:80/live/123456.m3u8
荥经综合,https://m3u8channel-yj.yunxya.com/nmip-media/channellive/channel101140/playlist.m3u8
绵阳综合,http://119.6.59.216:60033/tsfile/live/1007_1.m3u8?key=txiptv
筠连综合,http://live.dameijunlian.cn:80/live1/live1.m3u8
甘孜综合,http://tv.drs.ganzitv.com:8100/channellive/gztv.flv
石棉综合,rtmp://tv.yunxya.com:1937/channellive/shimian
汉源综合,http://live.hyxrmt.com:85/live/xwpd.m3u8
攀枝花新闻综合,http://live.pzhkai.com/xwzhtl/sd/live.m3u8
昭化综合,http://live.zhgbtv.cn:3100/hls/kwqtkbbi/index.m3u8
朝天综合,https://m3u8.channel.dzsm.com/nmip-media/channellive/channel104601/playlist.m3u8
辽宁公共,http://dassby.qqff.top:99/live/辽宁公共/index.m3u8
辽宁北方,http://dassby.qqff.top:99/live/辽宁北方/index.m3u8
辽宁影视,http://dassby.qqff.top:99/live/辽宁影视剧/index.m3u8
辽宁青少,http://dassby.qqff.top:99/live/辽宁教育青少/index.m3u8
辽宁生活,http://dassby.qqff.top:99/live/辽宁生活/index.m3u8
朝阳新闻综合,http://120.76.248.139/live/bfgd/4200000282.m3u8
辽宁公共,http://120.76.248.139/live/bfgd/4200000077.m3u8
辽宁公共,http://120.76.248.139/live/bfgd/4200000481.m3u8
辽宁北方,http://120.76.248.139/live/bfgd/4200000071.m3u8
辽宁影视剧,http://120.76.248.139/live/bfgd/4200000070.m3u8
辽宁教育青少,http://120.76.248.139/live/bfgd/4200000075.m3u8
辽宁生活,http://120.76.248.139/live/bfgd/4200000073.m3u8
广东大湾区,http://222.128.55.152:9080/live/dwq.m3u8
广东公共,http://218.13.14.6:60050/tsfile/live/1020_1.m3u8
番禺综合,http://video.epaper.pybtv.cn:8080/live/rtmp_live_demo.flv
江苏新闻,http://20240504.shunyue1809.com:6321/udp/239.49.8.120:8000
江苏综艺,https://stream1.freetv.fun/f8ef469943662bed2abc6609d9ef1720b9e93a8a0bd6f5789133461e36763f37.m3u8
苏州社会经济,https://live-auth.51kandianshi.com/szgd/csztv2.m3u8
苏州文化生活,https://live-auth.51kandianshi.com/szgd/csztv3.m3u8
苏州生活资讯,https://live-auth.51kandianshi.com/szgd/csztv5.m3u8
河南新闻,http://www.cdnstv.com:6398/hls/1114/index.m3u8
河南乡村,http://www.cdnstv.com:6398/hls/1116/index.m3u8
河南戏曲,http://www.cdnstv.com:6398/hls/1119/index.m3u8
河南法治,http://www.cdnstv.com:6398/hls/1112/index.m3u8
河南电视剧,http://www.cdnstv.com:6398/hls/1113/index.m3u8
收藏天下,http://www.cdnstv.com:6398/hls/1118/index.m3u8
河南电视剧,http://1.94.31.214/php/hntv.php?id=hndsj
河南法治,http://1.94.31.214/php/hntv.php?id=hmfz
河南新闻,http://1.94.31.214/php/hntv.php?id=hnxw
河南公共,http://1.94.31.214/php/hntv.php?id=hngg
河南乡村,http://1.94.31.214/php/hntv.php?id=hnxc
河南国际,http://1.94.31.214/php/hntv.php?id=hngj
河南梨园,http://1.94.31.214/php/hntv.php?id=hnly
睛彩中原,http://1.94.31.214/php/hntv.php?id=jczy
移动戏曲,http://1.94.31.214/php/hntv.php?id=ydxj
象视界,http://1.94.31.214/php/hntv.php?id=xsj
河北经济,http://1.94.31.214/php/hebei.php?id=jjsh
河北影视,http://1.94.31.214/php/hebei.php?id=hbys
河北少儿,http://1.94.31.214/php/hebei.php?id=sekj
河北公共,http://1.94.31.214/php/hebei.php?id=hbgg
河北睛彩,http://vip.lqcc.xyz:15511/rtp/239.254.200.27:6000
河北杂技,http://vip.lqcc.xyz:15511/rtp/239.254.201.139:7203
邢台生活,https://jwcdnqx.hebyun.com.cn/live/xtcsshpd/1500k/tzwj_video.m3u8
石家庄城市服务,http://nn.7x9d.cn/石家庄.php?id=5
石家庄文化娱乐,http://nn.7x9d.cn/石家庄.php?id=6
鹿泉一套,https://jwcdnqx.hebyun.com.cn/live/luquanyi/1500k/tzwj_video.m3u8
鹿泉二套,https://jwcdnqx.hebyun.com.cn/live/luquaner/1500k/tzwj_video.m3u8
西部电影,http://112.46.105.20:8009/hls/62/index.m3u8
新闻咨询,http://112.46.105.20:8009/hls/18/index.m3u8
都市青春,http://112.46.105.20:8009/hls/19/index.m3u8
体育休闲,http://112.46.105.20:8009/hls/24/index.m3u8
陕西银龄,http://112.46.105.20:8009/hls/20/index.m3u8
陕西秦腔,http://112.46.105.20:8009/hls/22/index.m3u8
乐家购物,http://112.46.105.20:8009/hls/23/index.m3u8
西安新闻,http://112.46.105.20:8009/hls/28/index.m3u8
西安都市,http://112.46.105.20:8009/hls/29/index.m3u8
长影频道,http://tpc.x3322.net:9901/tsfile/live/1010_1.m3u8
安徽经济生活,http://112.30.194.221:20080/live/eac499adad7b49ff9cfa79ba84693959/hls.m3u8
湖北公共新闻,http://58.48.37.158:1111/tsfile/live/1001_1.m3u8?key=txiptv&playlive=1&authid=0
湖北经视,http://58.48.37.158:1111/tsfile/live/0019_1.m3u8?key=txiptv&playlive=1&authid=0
武汉新闻综合,http://stream.appwuhan.com/1tzb/sd/live.m3u8
武汉电视剧,http://stream.appwuhan.com/2tzb/sd/live.m3u8
武汉科技生活,http://stream.appwuhan.com/3tzb/sd/live.m3u8
武汉经济,http://stream.appwuhan.com/4tzb/sd/live.m3u8
武汉外语,http://stream.appwuhan.com/6tzb/sd/live.m3u8
江夏新闻综合,http://59.175.226.142:280/gb28181/xwzh.m3u8?zhubd
十堰新闻,http://p8.vzan.com/slowlive/034028687228317362/live.m3u8
海峡卫视,http://8.138.7.223/tv/hxws.m3u8
福建乡村振兴公共,http://8.138.7.223/tv/fjtv1.php?id=fjxc
福州新闻综合,http://8.138.7.223/tv/fjtv1.php?id=fz1
泉州新闻综合,http://8.138.7.223/tv/fjtv1.php?id=qz1
三明综合,http://8.138.7.223/tv/fjtv1.php?id=sm1
莆田综合,http://8.138.7.223/tv/fjtv1.php?id=pt1
南平综合,http://8.138.7.223/tv/fjtv1.php?id=np1
龙岩综合,http://8.138.7.223/tv/fjtv1.php?id=ly1
宁德新闻综合,http://8.138.7.223/tv/fjtv1.php?id=nd1
平潭综合,http://8.138.7.223/tv/fjtv1.php?id=pttv
黑龙江公共农村,http://ottrrs.hl.chinamobile.com/PLTV/88888888/224/3221225994/index.m3u8
哈尔滨都市咨询,http://stream.hrbtv.net/zxpd/sd/live.m3u8?zheild
七台河民生社教,http://live.qthnews.org.cn:1935/live/live2/800k/tzwj_video.m3u8
蒙语卫视,https://livestream-bt.nmtv.cn/nmtv/2315general.m3u8?txSecret=4971666599ef9411629213c9a300bf66&txTime=771EF880
呼市新闻综合,https://livestream-bt.nmtv.cn/nmtv/2331general.m3u8?txSecret=4d7342ca5cd74480526ab6d292247aff&txTime=771E8800
包头新闻综合,https://livestream-bt.nmtv.cn/nmtv/2358general.m3u8?txSecret=98390a77c143a68f0fd64bfe6e181dcb&txTime=771E8800
鄂尔多斯新闻,https://livestream-bt.nmtv.cn/nmtv/2349general.m3u8?txSecret=e44477052aba305cadeea45aaf1c674a&txTime=771E8800
巴彦淖尔新闻,https://livestream-bt.nmtv.cn/nmtv/2348general.m3u8?txSecret=6a4ddce077e41b976fe33619fbef2b30&txTime=771E8800
赤峰新闻综合,https://livestream-bt.nmtv.cn/nmtv/2351general.m3u8?txSecret=8857087aeec2cec44d178a18550fdb8a&txTime=771E8800
乌兰察布新闻,https://livestream-bt.nmtv.cn/nmtv/2354general.m3u8?txSecret=cf5f71d0000862b18f5813607b3dfd5b&txTime=771E8800
山西经济与科技,http://liveflash.sxrtv.com/live/sxfinance.m3u8?sub_m3u8=true&edge_slice=true
山西影视,http://liveflash.sxrtv.com/live/sxfilm.m3u8?sub_m3u8=true&edge_slice=true
山西社会与法治,http://liveflash.sxrtv.com/live/sxedu.m3u8?sub_m3u8=true&edge_slice=true
山西文体生活,http://liveflash.sxrtv.com/live/sxpublic.m3u8?sub_m3u8=true&edge_slice=true
宁夏文旅,https://hls.ningxiahuangheyun.com/live/nxwl1M.m3u8
甘肃公共应急,https://hls.gstv.com.cn/49048r/3t5xyc.m3u8
赣州新闻,https://pili-live-hls-sjxgz2024.sobeylive.com/jxgz2024/396_q_live172526329228525.m3u8
赣州新闻综合,http://play-live-hls.jxtvcn.com.cn/live/tv_ganzhou.m3u8
赣州公共,https://pili-live-hls-sjxgz2024.sobeylive.com/jxgz2024/396_q_live172526334096251.m3u8
赣州教育,https://pili-live-hls-sjxgz2024.sobeylive.com/jxgz2024/396_q_live172526335287668.m3u8
1983年春晚,http://txmov2.a.kwimgs.com/bs3/video-hls/5207287136834522947_hlshd15.m3u8
1984年春晚,https://txmov2.a.kwimgs.com/bs3/video-hls/5229242184269609742_hlshd15.m3u8
1985年春晚,http://txmov2.a.kwimgs.com/bs3/video-hls/5227271857652377954_hlshd15.m3u8
1986年春晚,https://txmov2.a.kwimgs.com/bs3/video-hls/5231493982164619599_hlshd15.m3u8
1987年春晚,https://txmov2.a.kwimgs.com/bs3/video-hls/5195746663405928031_hlsb.m3u8
1988年春晚,https://txmov2.a.kwimgs.com/bs3/video-hls/5216575810935394655_hlsb.m3u8
1989年春晚,https://txmov2.a.kwimgs.com/bs3/video-hls/5194620763762726260_hlsb.m3u8
1992年春晚,https://txmov2.a.kwimgs.com/bs3/video-hls/5256826755663896297_hlshd15.m3u8
1993年春晚,https://alimov2.a.kwimgs.com/upic/2023/01/13/22/BMjAyMzAxMTMyMjEwMDNfNDAzMDAxOTlfOTM1MTIzMzYwODJfMF8z_b_B647d10e431b4cc5e48e6c77347d69021.mp4
1994年春晚,https://alimov2.a.kwimgs.com/upic/2023/01/13/22/BMjAyMzAxMTMyMjEwMDNfNDAzMDAxOTlfOTM1MTIzMzYxMjNfMF8z_b_B3dde97f36273f04403d4dc5eec611a35.mp4
1995年春晚,https://alimov2.a.kwimgs.com/upic/2023/01/13/20/BMjAyMzAxMTMyMDA5MjJfNDAzMDAxOTlfOTM0OTkwNDQwNzVfMF8z_b_B811c0dec6b9a3d3074a18522c185010a.mp4
1996年春晚,https://alimov2.a.kwimgs.com/upic/2023/01/13/22/BMjAyMzAxMTMyMjEwMDNfNDAzMDAxOTlfOTM1MTIzMzYxNTJfMF8z_b_Bd841eae10ab1c9955ef55fbedfae6c45.mp4
1997年春晚,https://txmov2.a.kwimgs.com/bs3/video-hls/5230649583590411879_hlshd15.m3u8
1998年春晚,https://txmov2.a.kwimgs.com/bs3/video-hls/5225864507896315430_hlshd15.m3u8
1999年春晚,https://txmov2.a.kwimgs.com/bs3/video-hls/5258234133675308186_hlshd15.m3u8
2000年春晚,https://alimov2.a.kwimgs.com/upic/2023/01/13/21/BMjAyMzAxMTMyMTE4MzRfNDAzMDAxOTlfOTM1MDY4ODIxMTNfMF8z_b_Bdddf4e7ef0ff6cfd477857bb40e78419.mp4
2001年春晚,https://alimov2.a.kwimgs.com/upic/2023/01/13/20/BMjAyMzAxMTMyMDA5MjJfNDAzMDAxOTlfOTM0OTkwNDQyMDFfMF8z_b_B70592cb7c4054e9cabb675e849bbf4bd.mp4
2002年春晚,https://alimov2.a.kwimgs.com/upic/2023/01/13/21/BMjAyMzAxMTMyMTE4MzRfNDAzMDAxOTlfOTM1MDY4ODIxNDdfMF8z_b_Ba6271d10b7e6cfae83759033a091f257.mp4
2003年春晚,https://alimov2.a.kwimgs.com/upic/2023/01/14/23/BMjAyMzAxMTQyMzQxNDdfNDAzMDAxOTlfOTM2MTU0MTk1NDFfMF8z_b_B182749d2cd2ea9323639254af385f24b.mp4
2004年春晚,https://alimov2.a.kwimgs.com/upic/2023/01/13/21/BMjAyMzAxMTMyMTE4MzRfNDAzMDAxOTlfOTM1MDY4ODIxOTVfMF8z_b_B86c4430b82ff5a7f4e8132f6ee558536.mp4
2005年春晚,https://alimov2.a.kwimgs.com/upic/2023/01/13/20/BMjAyMzAxMTMyMDA5MjJfNDAzMDAxOTlfOTM0OTkwNDQyMzhfMF8z_b_B35ad7cc86aec8fc9e5ddfb31fc7bed63.mp4
2006年春晚,https://alimov2.a.kwimgs.com/upic/2023/01/13/20/BMjAyMzAxMTMyMDA5MjJfNDAzMDAxOTlfOTM0OTkwNDQyNzlfMF8z_b_Bbc3703fc331dc994c50859c19aad28ff.mp4
2007年春晚,https://alimov2.a.kwimgs.com/upic/2023/01/13/20/BMjAyMzAxMTMyMDA5MjJfNDAzMDAxOTlfOTM0OTkwNDQzMjNfMF8z_b_B00b069c7899976459ceeaa99353dfefe.mp4
2008年春晚,https://txmov2.a.kwimgs.com/bs3/video-hls/5210946337266019890_hlshd15.m3u8
2009年春晚,https://alimov2.a.kwimgs.com/upic/2023/01/13/20/BMjAyMzAxMTMyMDA5MjJfNDAzMDAxOTlfOTM0OTkwNDQzOTBfMF8z_b_B29a36a85e0277f6c2a1f033ef7c10708.mp4
2010年春晚,https://alimov2.a.kwimgs.com/upic/2023/01/13/20/BMjAyMzAxMTMyMDA5MjJfNDAzMDAxOTlfOTM0OTkwNDQ0MjlfMF8z_b_B8818807a00eed329a69fb494f405bd43.mp4
2011年春晚,https://txmov2.a.kwimgs.com/bs3/video-hls/5243597434070590481_hlshd15.m3u8
2012年春晚,https://txmov2.a.kwimgs.com/bs3/video-hls/5219953534755647343_hlshd15.m3u8
2013年春晚,https://alimov2.a.kwimgs.com/upic/2023/01/13/20/BMjAyMzAxMTMyMDA5MjJfNDAzMDAxOTlfOTM0OTkwNDQ1NjNfMF8z_b_B4fea55408dca4471a68a963ae096be59.mp4
2014年春晚,https://alimov2.a.kwimgs.com/upic/2023/01/06/16/BMjAyMzAxMDYxNjMxMTNfNDAzMDAxOTlfOTI4OTY2ODAzNjlfMF8z_b_Bdee65c77f9e7b2120a185c919dad81d2.mp4
2015年春晚,https://txmov2.a.kwimgs.com/bs3/video-hls/5248101009010430183_hlshd15.m3u8
2016年春晚,https://txmov2.a.kwimgs.com/bs3/video-hls/5238530884094441260_hlshd15.m3u8
2017年春晚,https://txmov2.a.kwimgs.com/bs3/video-hls/5191524564569524830_hlshd15.m3u8
2018年春晚,https://alimov2.a.kwimgs.com/upic/2023/01/06/16/BMjAyMzAxMDYxNjMxMTRfNDAzMDAxOTlfOTI4OTY2ODE2MTBfMF8z_b_B11a778e34390a21de42d407e94f45b91.mp4
2019年春晚,https://alimov2.a.kwimgs.com/upic/2023/01/06/16/BMjAyMzAxMDYxNjMxMTRfNDAzMDAxOTlfOTI4OTY2ODE2MTBfMF8z_b_B11a778e34390a21de42d407e94f45b91.mp4
2020年春晚,https://txmov2.a.kwimgs.com/bs3/video-hls/5222205336887088723_hlshd15.m3u8
2021年春晚,https://txmov2.a.kwimgs.com/bs3/video-hls/5255700831151909807_hlshd15.m3u8
2022年春晚,https://txmov2.a.kwimgs.com/bs3/video-hls/5224457109297710655_hlshd15.m3u8
2023年春晚,https://txmov2.a.kwimgs.com/bs3/video-hls/5251197255879398624_hlshd15.m3u8
2024年春晚,https://p2.bdstatic.com/rtmp.liveshow.lss-user.baidubce.com/live/stream_bduid_6488563992_8982723413/merged_1707497046297_88536_25144_41936.m3u8
2025年春晚,https://svipsvip.ffzyread1.com/20250129/35458_c988286f/index.m3u8
2025年春晚 4K,https://svip.high24-playback.com/20250129/17159_7bca93c4/2000k/hls/mixed.m3u8
BBC,http://fl2.moveonjoy.com/BBC_WORLD_NEWS/index.m3u8
CNA,https://d2e1asnsl7br7b.cloudfront.net/7782e205e72f43aeb4a48ec97f66ebbe/index_5.m3u8
CNN,https://jmp2.uk/sam-GBBD8000016N.m3u8
Fox LiveNow,https://jmp2.uk/sam-USBA300024TN.m3u8
CBC News,https://dbrb49pjoymg4.cloudfront.net/v1/master/3fec3e5cac39a52b2132f9c66c83dae043dc17d4/prod_default_xumo-ams-aws/master.m3u8?ads.xumo_channelId=99991276
ABC News Live,https://d4ybyqrhce41r.cloudfront.net/v1/master/3fec3e5cac39a52b2132f9c66c83dae043dc17d4/prod-xumo-linear-nbcu-hlsv3/master.m3u8?ads.channelId=99991626
WionNews,https://d7x8z4yuq42qn.cloudfront.net/index_7.m3u8
NHK World,https://nhkwlive-ojp.akamaized.net/hls/live/2003459/nhkwlive-ojp-en/index.m3u8
NBC News Now,https://jmp2.uk/sam-GBBB1500004LG.m3u8
Sky News,https://i.mjh.nz/SamsungTVPlus/USBB52000022Q.m3u8
Al Jazeera,http://live-hls-web-aje.getaj.net/AJE/01.m3u8
Arirang,https://amdlive-ch01-ctnd-com.akamaized.net/arirang_1ch/smil:arirang_1ch.smil/chunklist_b3256000_sleng.m3u8
日本全天新闻,https://n24-cdn-live.ntv.co.jp/ch01/index_high.m3u8
TRT World,https://tv-trtworld.live.trt.com.tr/master_1080.m3u8
AXS TV Now,https://dikcfc9915kp8.cloudfront.net/hls/1080p/playlist.m3u8
Bloomberg Asia,https://epg.pw/stream/d2edf469b9079064a283f4b0811cbf6f2597ebbb3d08dcf77036a4b5a791b7cf.m3u8
Bloomberg Originals,https://i.mjh.nz/SamsungTVPlus/GBBC900012J9.m3u8
Fashion TV,http://91.247.68.229:8000/play/Fashion/index.m3u8
Trace Sports,https://lightning-tracesport-samsungau.amagi.tv/playlist1080p.m3u8
RT News（英语国际）,https://rt-glb.rttv.com/dvr/rtnews/playlist_4500Kb.m3u8
RT Español（西语）,https://rt-esp.rttv.com/dvr/rtesp/playlist_4500Kb.m3u8
RT Français（法语）,https://rt-fra.rttv.com/dvr/rtfrance/playlist_4500Kb.m3u8
RT Arabic（阿语）,https://rt-arb.rttv.com/dvr/rtarab/playlist_4500Kb.m3u8
RT DE（德语）,https://rt-ger.rttv.com/dvr/rtdeutsch/playlist_4500Kb.m3u8
RT Balkan （塞尔维亚语）,https://rt-srb.rttv.com/dvr/rtbalkan/playlist_4500Kb.m3u8
RT Documentary（英语纪录）,https://rt-rtd.rttv.com/dvr/rtdoc/playlist_4500Kb.m3u8
RT Doc-Русский（俄语纪录）,https://rt-doc.rttv.com/dvr/rtdru/rtdru1080.m3u8
SKY,http://streamsy.online:2999/coachj88/N93DPKS9pJ/330
KBS world,https://kbsworld-ott.akamaized.net/hls/live/2002341/kbsworld/master.m3u8
FIFA+,https://i.mjh.nz/SamsungTVPlus/USBD12000255B.m3u8
Newsmax,http://nmxlive.akamaized.net/hls/live/529965/Live_1/index.m3u8
Dubai One,http://dminnvll.cdn.mangomolo.com/dubaione/smil:dubaione.stream.smil/chunklist_b1800000.m3u8
CBN News,https://bcovlive-a.akamaihd.net/re8d9f611ee4a490a9bb59e52db91414d/us-east-1/734546207001/playlist.m3u8
GB News,https://i.mjh.nz/SamsungTVPlus/GBBB1600008R3.m3u8
TBS,http://143.244.60.30/TBS/index.m3u8
Taiwan Plus,https://bcovlive-a.akamaihd.net/rce33d845cb9e42dfa302c7ac345f7858/ap-northeast-1/6282251407001/playlist.m3u8
ION Plus,https://i.mjh.nz/SamsungTVPlus/USBD300003LK.m3u8
ION,https://i.mjh.nz/SamsungTVPlus/USBD300002TU.m3u8
Love Nature,https://d18dyiwu97wm6q.cloudfront.net/playlist2160p.m3u8
Disney International,http://sansat.net:88/HhPRf2nAlsVeRU9/AnzgPldGC8OHsyY/96284
Fight Network,https://d12a2vxqkkh1bo.cloudfront.net/hls/1080p/playlist.m3u8
&Flix HD,http://89.187.177.137:8081/&FLIX/index.m3u8
Wild Earth,https://wildearth-plex.amagi.tv/masterR1080p.m3u8
Wild Planet,https://i.mjh.nz/SamsungTVPlus/GBBB5000002PL.m3u8
Clarity 4K,https://i.mjh.nz/SamsungTVPlus/USBA3800005NI.m3u8
Stadium,https://i.mjh.nz/SamsungTVPlus/USAJ3504705A.m3u8
Pop,http://streamsy.online:2999/coachj88/N93DPKS9pJ/226
Tastemade,https://i.mjh.nz/SamsungTVPlus/CABD1200002T9.m3u8
MovieSphere,https://i.mjh.nz/SamsungTVPlus/USBD17000117B.m3u8
The Lego Channel,https://i.mjh.nz/SamsungTVPlus/GBBC4300005AL.m3u8
NextUp Live Comedy,https://i.mjh.nz/SamsungTVPlus/GBBD1100012JB.m3u8
蒙语卫视,https://livestream-bt.nmtv.cn/nmtv/2315general.m3u8?txSecret=4971666599ef9411629213c9a300bf66&txTime=771EF880
呼市新闻综合,https://livestream-bt.nmtv.cn/nmtv/2331general.m3u8?txSecret=4d7342ca5cd74480526ab6d292247aff&txTime=771E8800
包头新闻综合,https://livestream-bt.nmtv.cn/nmtv/2358general.m3u8?txSecret=98390a77c143a68f0fd64bfe6e181dcb&txTime=771E8800
鄂尔多斯新闻,https://livestream-bt.nmtv.cn/nmtv/2349general.m3u8?txSecret=e44477052aba305cadeea45aaf1c674a&txTime=771E8800
巴彦淖尔新闻,https://livestream-bt.nmtv.cn/nmtv/2348general.m3u8?txSecret=6a4ddce077e41b976fe33619fbef2b30&txTime=771E8800
赤峰新闻综合,https://livestream-bt.nmtv.cn/nmtv/2351general.m3u8?txSecret=8857087aeec2cec44d178a18550fdb8a&txTime=771E8800
乌兰察布新闻,https://livestream-bt.nmtv.cn/nmtv/2354general.m3u8?txSecret=cf5f71d0000862b18f5813607b3dfd5b&txTime=771E8800
CGTN记录,https://0472.org/hls/cgtnd.m3u8
CCTV-4 中文国际欧洲,rtp://239.3.1.213:4220
CCTV-4 中文国际美洲,rtp://239.3.1.214:4220
北京文艺,rtp://239.3.1.242:8000
体育休闲,rtp://239.3.1.243:8000
北京影视,rtp://239.3.1.158:8000
北京国际,rtp://239.3.1.235:8000
纪实科教,rtp://239.3.1.115:8000
四海钓鱼,rtp://239.3.1.164:8001
证券服务,rtp://239.3.1.24:8001
爱上4K,rtp://239.3.1.236:2000
城市剧场,rtp://239.3.1.67:4120
精选高清,rtp://239.3.1.74:4120
武侠剧场,rtp://239.3.1.90:4120
喜剧影院,rtp://239.3.1.91:4120
,动作影院,rtp://239.3.1.92:4120
家庭影院,rtp://239.3.1.93:4120
星影高清,rtp://239.3.1.94:4120
光影高清,rtp://239.3.1.84:4120
group-title="数字" zz-definition="HD",重温经典,rtp://239.3.1.25:8001
动画高清,rtp://239.3.1.80:4120
◆◆◆　https://fy.188766.xyz/?ip=home.kuaidi521.com
◆◆◆　https://raw.githubusercontent.com/Guovin/iptv-api/gd/output/result.txt
2026-07-14 09:59:25,http://198.204.228.26/live/cctv1hd.m3u8
象山新闻综合,http://l.cztvcloud.com/channels/lantian/SXxiangshan1/720p.m3u8
萧山生活,http://l.cztvcloud.com/channels/lantian/SXxiaoshan2/720p.m3u8
普陀电视,https://l.cztvcloud.com/channels/lantian/SXputuo1/720p.m3u8
开化国家公园,http://l.cztvcloud.com/channels/lantian/SXkaihua2/720p.m3u8?zzhed
开化国家公园,http://l.cztvcloud.com/channels/lantian/SXkaihua2/720p.m3u8zzhed
开化国家公园,http://l.cztvcloud.com/channels/lantian/SXkaihua2/720p.m3u8
嵊州新闻综合,https://stream1.freetv.fun/sheng-zhou-xin-wen-zong-he-1.m3u8
嵊州新闻综合,http://l.cztvcloud.com/channels/lantian/SXshengzhou1/720p.m3u8?zzhed
崇明电视,https://pili-live-hls.wdit.com.cn/wditlive/c038f4fafbdf4f97ba74c74ad67259b931ee.m3u8
东海新闻,http://iptv.666230.xyz/iptv/jsyd.php/jsdonghaixinwen
宜兴新闻,https://stream1.freetv.fun/yi-xing-xin-wen-1.m3u8
宜兴新闻,https://stream1.freetv.fun/yi-xing-xin-wen-2.m3u8
宜兴新闻,https://t.freetv.fun/live/yi-xing-xin-wen-1.m3u8
宜兴新闻,http://gslbmgsplive.miguvideo.com/migu/kailu/yxxwzh/51/20250604/index.m3u8?msisdn=1d653a4080d206d7b4b399c6a7606355&mdspid=&spid=699067&netType=0&sid=5910022179&pid=2028597139&timestamp=20260516053937&Channel_ID=0116_2600034600-99000-201600010010028&ProgramID=955227996&ParentNodeID=-99&assertID=5910022179&client_ip=39.98.171.74&SecurityKey=20260516053937&promotionId=&mvid=5900006707&mcid=500020&playurlVersion=ZQ-A1-9.5.1-RELEASE&userid=&jmhm=&videocodec=h264&appCode=miguvideo_android&bean=mgspad&tid=android&conFee=0&puData=c9036845f793ec4b3d44b18c2d62822d&ddCalcu=dc29v20a83l26a68d425cf8719b34e4cd43b&sv=10004&ct=android
宜兴新闻,http://hlszymgsplive.miguvideo.com:8080/migu/kailu/yxxwzh/51/20250604/index.m3u8?msisdn=2be6b2ec9fcf10d2c2457e2c710e172c&mdspid=&spid=699067&netType=0&sid=5910022179&pid=2028597139&timestamp=20260710040233&Channel_ID=0116_2600034600-99000-201600010010028&ProgramID=955227996&ParentNodeID=-99&assertID=5910022179&client_ip=171.8.79.254&SecurityKey=20260710040233&promotionId=&mvid=5900006707&mcid=500020&playurlVersion=WX-A1-9.6.1.6-SNAPSHOT&userid=&jmhm=&videocodec=h264&appCode=miguvideo_android&bean=mgspad&tid=android&conFee=0&encrypt=9f3b0d684e4e01505a59d4ea6c5a04e3&sv=10004&ct=android
新沂新闻,http://live.xysrmt.cn/xwzh/sd/live.m3u8?zjiangsd"
新沂生活,http://live.xysrmt.cn/shpd/sd/live.m3u8?zjiangsd
武进生活,http://43.251.226.89:8080/play/522.m3u8
江宁新闻,https://migu.188766.xyz/?migutoken=77969fb082a75b798578427f3570edd2&id=%E4%BD%93%E8%82%B2%E4%BC%91%E9%97%B2%E9%A2%91%E9%81%93&type=yy
沭阳综合,https://shuyang-tv-hls.cm.jstv.com:443/shuyang-tv/shuyangzh.m3u8
泗阳资讯,http://43.251.226.89:8080/play/530.m3u8
泰州一套新闻综合,https://stream1.freetv.fun/tai-zhou-yi-tao-xin-wen-zong-he-4.m3u8
涟水电视台综合,rtmp://lianshui-tv-hls.cm.jstv.com/lianshui-tv/lsxw
涟水电视台综合,https://lianshui-tv-hls.cm.jstv.com:443/lianshui-tv/lsxw.m3u8
涟水电视台综合,http://lianshui-tv-hls.cm.jstv.com/lianshui-tv/lsxw.m3u8?zjiangsd
涟水电视台综合,http://live1.habctv.com/ggpdsl/sd/live.m3u8?zjiangsd
涟水电视台综合,http://live1.habctv.com/ggpdsl/sd/live.m3u8
淮阴综合,https://huaiyin-tv-replay.cm.jstv.com/huaiyin-tv/huaiyinf.m3u8
睢宁三农,http://iptv.666230.xyz/iptv/jsyd.php/xzsnsn
睢宁综合,http://iptv.666230.xyz/iptv/jsyd.php/xzsnzh
睢宁资讯,http://iptv.666230.xyz/iptv/jsyd.php/xzsnzx
娄底综合,http://iptv.666230.xyz/iptv/hnyx.php/ldxw
田东综合,http://pulls.myun.tv/live/0dkp33j5.m3u8
松潘新闻综合,http://live.spccmc.com:90/live/spxwzh.m3u8?%E5%85%B3%E6%B3%A8%E5%BE%AE%E4%BF%A1%E5%85%AC%E4%BC%97%E5%8F%B7[%E6%99%B4%E5%9B%AD]
沐川综合,http://file.ysxtv.cn/cms/videos/nmip-media/channellive/channel4/playlist.m3u8?zsicd
甘孜综合,https://m3u8channel.ganzitv.com/nmip-media/channellive/channel1/playlist.m3u8
石棉综合,http://live.hyxrmt.com:85/live/xwpd.m3u8
营山电视,http://file.ysxtv.cn/cms/videos/nmip-media/channellive/channel4/playlist.m3u8
云霄综合,http://live.zzyxxw.com:85/live/xwzh.m3u8?fujian
临颍综合,http://tvpull.dxhmt.cn:9081/tv/11122-1.m3u8?%E5%85%B3%E6%B3%A8%E5%BE%AE%E4%BF%A1%E5%85%AC%E4%BC%97%E5%8F%B7[%E6%99%B4%E5%9B%AD]
义马新闻综合,http://tvpull.dxhmt.cn:9081/tv/11281-1.m3u8?%E5%85%B3%E6%B3%A8%E5%BE%AE%E4%BF%A1%E5%85%AC%E4%BC%97%E5%8F%B7[%E6%99%B4%E5%9B%AD]
义马新闻综合,http://tvpull.dxhmt.cn:9081/tv/11281-1.m3u8
光山综合,http://tvpull.dxhmt.cn:9081/tv/11522-1.m3u8?%E5%85%B3%E6%B3%A8%E5%BE%AE%E4%BF%A1%E5%85%AC%E4%BC%97%E5%8F%B7[%E6%99%B4%E5%9B%AD]
光山综合,http://tvpull.dxhmt.cn:9081/tv/11522-1.m3u8
兰考新闻,http://tvpull.dxhmt.cn:9081/tv/10225-1.m3u8?%E5%85%B3%E6%B3%A8%E5%BE%AE%E4%BF%A1%E5%85%AC%E4%BC%97%E5%8F%B7[%E6%99%B4%E5%9B%AD]
兰考新闻,http://tvpull.dxhmt.cn:9081/tv/10225-1.m3u8
兰考新闻,http://tvpull.dxhmt.cn:9081/tv/10225-1.m3u8?
卫辉综合,http://tvpull.dxhmt.cn:9081/tv/10781-1.m3u8?%E5%85%B3%E6%B3%A8%E5%BE%AE%E4%BF%A1%E5%85%AC%E4%BC%97%E5%8F%B7[%E6%99%B4%E5%9B%AD]
卫辉综合,http://iptv.cdn.ha.chinamobile.com/PLTV/88888888/224/3221226538/index.m3u8
卫辉综合,http://tvpull.dxhmt.cn:9081/tv/10781-1.m3u8
卫辉综合,http://tvpull.dxhmt.cn:9081/tv/10781-1.m3u8?zhend
叶县,http://tvpull.dxhmt.cn:9081/tv/10422-1.m3u8
唐河一套,http://tvpull.dxhmt.cn:9081/tv/11328-1.m3u8?zhend
唐河一套,http://tvpull.dxhmt.cn:9081/tv/11328-1.m3u8
固始综合,http://tvpull.dxhmt.cn:9081/tv/11525-1.m3u8?%E5%85%B3%E6%B3%A8%E5%BE%AE%E4%BF%A1%E5%85%AC%E4%BC%97%E5%8F%B7[%E6%99%B4%E5%9B%AD]
固始综合,http://tvpull.dxhmt.cn:9081/tv/11525-1.m3u8
宝丰综合,http://tvpull.dxhmt.cn:9081/tv/10421-1.m3u8?%E5%85%B3%E6%B3%A8%E5%BE%AE%E4%BF%A1%E5%85%AC%E4%BC%97%E5%8F%B7[%E6%99%B4%E5%9B%AD]
宝丰综合,http://tvpull.dxhmt.cn:9081/tv/10421-1.m3u8
宝丰综合,http://tvpull.dxhmt.cn:9081/tv/10421-1.m3u8?zhend
巩义新闻综合,http://tvpull.dxhmt.cn:9081/tv/10181-1.m3u8?zhend
巩义新闻综合,http://tvpull.dxhmt.cn:9081/tv/10181-1.m3u8?zhend?
巩义新闻综合,http://tvpull.dxhmt.cn:9081/tv/10181-1.m3u8
扶沟综合,http://tvpull.dxhmt.cn:9081/tv/11621-1.m3u8?%E5%85%B3%E6%B3%A8%E5%BE%AE%E4%BF%A1%E5%85%AC%E4%BC%97%E5%8F%B7[%E6%99%B4%E5%9B%AD]
扶沟综合,http://tvpull.dxhmt.cn:9081/tv/11621-1.m3u8?zhend
扶沟综合,http://tvpull.dxhmt.cn:9081/tv/11621-1.m3u8
新乡县电视,http://tvpull.dxhmt.cn:9081/tv/10721-1.m3u8?%E5%85%B3%E6%B3%A8%E5%BE%AE%E4%BF%A1%E5%85%AC%E4%BC%97%E5%8F%B7[%E6%99%B4%E5%9B%AD]
新县综合,http://tvpull.dxhmt.cn:9081/tv/11523-1.m3u8?%E5%85%B3%E6%B3%A8%E5%BE%AE%E4%BF%A1%E5%85%AC%E4%BC%97%E5%8F%B7[%E6%99%B4%E5%9B%AD]
新县综合,http://tvpull.dxhmt.cn:9081/tv/11523-1.m3u8
新蔡综合,http://tvpull.dxhmt.cn:9081/tv/11729-1.m3u8?%E5%85%B3%E6%B3%A8%E5%BE%AE%E4%BF%A1%E5%85%AC%E4%BC%97%E5%8F%B7[%E6%99%B4%E5%9B%AD]
新蔡综合,http://tvpull.dxhmt.cn:9081/tv/11729-1.m3u8
新蔡综合,http://tvpull.dxhmt.cn:9081/tv/11729-1.m3u8?zhend
泌阳新闻综合,http://tvpull.dxhmt.cn:9081/tv/11726-1.m3u8?%E5%85%B3%E6%B3%A8%E5%BE%AE%E4%BF%A1%E5%85%AC%E4%BC%97%E5%8F%B7[%E6%99%B4%E5%9B%AD]
泌阳新闻综合,https://stream1.freetv.fun/mi-yang-xin-wen-zong-he-2.m3u8
泌阳新闻综合,http://tvpull.dxhmt.cn:9081/tv/11726-1.m3u8
淅川电视,http://iptv.cdn.ha.chinamobile.com/PLTV/88888888/224/3221226631/index.m3u8
渑池新闻综合,http://tvpull.dxhmt.cn:9081/tv/11221-1.m3u8?%E5%85%B3%E6%B3%A8%E5%BE%AE%E4%BF%A1%E5%85%AC%E4%BC%97%E5%8F%B7[%E6%99%B4%E5%9B%AD]
渑池新闻综合,http://tvpull.dxhmt.cn:9081/tv/11221-1.m3u8
温县综合,http://tvpull.dxhmt.cn:9081/tv/10825-1.m3u8?zhend
温县综合,http://tvpull.dxhmt.cn:9081/tv/10825-1.m3u8?zhend?
温县综合,http://tvpull.dxhmt.cn:9081/tv/10825-1.m3u8
潢川综合,http://tvpull.dxhmt.cn:9081/tv/11526-1.m3u8?%E5%85%B3%E6%B3%A8%E5%BE%AE%E4%BF%A1%E5%85%AC%E4%BC%97%E5%8F%B7[%E6%99%B4%E5%9B%AD]
潢川综合,http://tvpull.dxhmt.cn:9081/tv/11526-1.m3u8
登封综合,http://tvpull.dxhmt.cn:9081/tv/10185-1.m3u8?%E5%85%B3%E6%B3%A8%E5%BE%AE%E4%BF%A1%E5%85%AC%E4%BC%97%E5%8F%B7[%E6%99%B4%E5%9B%AD]
登封综合,http://iptv.cdn.ha.chinamobile.com/PLTV/88888888/224/3221226661/index.m3u8
登封综合,http://tvpull.dxhmt.cn:9081/tv/10185-1.m3u8
西华综合,http://tvpull.dxhmt.cn:9081/tv/11622-1.m3u8?%E5%85%B3%E6%B3%A8%E5%BE%AE%E4%BF%A1%E5%85%AC%E4%BC%97%E5%8F%B7[%E6%99%B4%E5%9B%AD]
西华综合,http://tvpull.dxhmt.cn:9081/tv/11622-1.m3u8
西华综合,http://tvpull.dxhmt.cn:9081/tv/11622-1.m3u8?zhend
郏县综合,http://tvpull.dxhmt.cn:9081/tv/10425-1.m3u8?%E5%85%B3%E6%B3%A8%E5%BE%AE%E4%BF%A1%E5%85%AC%E4%BC%97%E5%8F%B7[%E6%99%B4%E5%9B%AD]
郏县综合,http://tvpull.dxhmt.cn:9081/tv/10425-1.m3u8?zhend
郏县综合,http://tvpull.dxhmt.cn:9081/tv/10425-1.m3u8
郸城新闻综合,http://tvpull.dxhmt.cn:9081/tv/11625-1.m3u8?wsSecret=df15530a0abec41b14bca00fc96270d1&wsTime=1654956569
郸城新闻综合,https://stream1.freetv.fun/dan-cheng-xin-wen-zong-he-1.m3u8
郸城新闻综合,http://tvpull.dxhmt.cn:9081/tv/11625-1.m3u8
郸城新闻综合,https://stream1.freetv.fun/dan-cheng-xin-wen-zong-he-4.m3u8
郸城新闻综合,https://t.freetv.fun/live/dan-cheng-xin-wen-zong-he.m3u8
鄢陵综合,http://tvpull.dxhmt.cn:9081/tv/11024-1.m3u8?%E5%85%B3%E6%B3%A8%E5%BE%AE%E4%BF%A1%E5%85%AC%E4%BC%97%E5%8F%B7[%E6%99%B4%E5%9B%AD]
鄢陵综合,http://tvpull.dxhmt.cn:9081/tv/11024-1.m3u8
项城新闻,http://tvpull.dxhmt.cn:9081/tv/11681-1.m3u8
项城新闻,@http://live.dxhmt.cn:9081/tv/11681-1.m3u8
项城新闻,@http://p2.weizan.cn/978354/131995006225520039/live.m3u8
鹤壁综合,http://iptv.cdn.ha.chinamobile.com/PLTV/88888888/224/3221226563/index.m3u8
新野综合,http://tvpull.dxhmt.cn:9081/tv/11329-1.m3u8?zhend
新野综合,http://tvpull.dxhmt.cn:9081/tv/11329-1.m3u8?zhend?
新野综合,http://tvpull.dxhmt.cn:9081/tv/11329-1.m3u8
宜阳综合,http://tvpull.dxhmt.cn:9081/tv/10327-1.m3u8?wsSecret=df15530a0abec41b14bca00fc96270d1&wsTime=1654956569
宜阳综合,http://tvpull.dxhmt.cn:9081/tv/10327-1.m3u8
宜阳综合,http://iptv.cdn.ha.chinamobile.com/PLTV/88888888/224/3221227059/index.m3u8
宜阳综合,http://tvpull.dxhmt.cn:9081/tv/10327-1.m3u8?zhend
内黄综合,http://tvpull.dxhmt.cn:9081/tv/10527-1.m3u8?wsSecret=df15530a0abec41b14bca00fc96270d1&wsTime=1654956569
内黄综合,http://tvpull.dxhmt.cn:9081/tv/10527-1.m3u8?zhend
内黄综合,http://tvpull.dxhmt.cn:9081/tv/10527-1.m3u8
偃师新闻,http://tvpull.dxhmt.cn:9081/tv/10381-1.m3u8?wsSecret=df15530a0abec41b14bca00fc96270d1&wsTime=1654956569
偃师新闻,http://tvpull.dxhmt.cn:9081/tv/10381-1.m3u8
兴隆综合,https://jwcdnqx.hebyun.com.cn/live/xlzh/1500k/tzwj_video.m3u8
兴隆综合,https://jwcdnqx.hebyun.com.cn/zb/xlzh/1500k/tzwj_video.m3u8
巴音郭楞州,rtmp://tv.loulannews.cn/channellive/ch1
滁州市广播电视台 新闻综合,http://live.cztv.cc:85/live/xwpd.m3u8
滁州市广播电视台 公共,http://live.cztv.cc:85/live/ggpd.m3u8
通海电视,https://zb-live.ynurl.com/tonghai/3bfe3a9e-48e6-4c1e-8770-1df66447cc6c.m3u8
七台河民生社教,http://yp.qqqtv.top/1/api.php?id=%E4%B8%83%E5%8F%B0%E6%B2%B3%E6%B0%91%E7%94%9F%E7%A4%BE%E6%95%99&auth=666858
淘娱乐,http://[2409:8087:1:20:20::2c]/otttv.bj.chinamobile.com/PLTV/88888888/224/3221226551/1.m3u8?GuardEncType=2&accountinfo=%7E%7EV2.0%7Ex0efg9fpenP8E8lWJUb5Lg%7E_eNUbgU9sJGUcVVduOMKhafLvQUgE_zlz_7pvDimJNNg3bzRax0E9tLmO9xgXVx8%2CEND
淘娱乐,http://zjzcf.synology.me:35455/bptv/10000100000000050000000003887499.m3u8
淘娱乐,http://iptv.666230.xyz/iptv/bjyd.php/6551
◆◆◆　http://ku9.fr.to/ku9/1768502278.txt
◆◆◆　https://188766.xyz/itv
◆◆◆　https://raw.githubusercontent.com/develop202/migu_video/refs/heads/main/interfaceTXT.txt
更新日期: 2026-7-18 06:32:38,http://hlsztemgsplive.miguvideo.com:8080/wd_r2/cctv/cctv1hd/1200/index.m3u8?msisdn=2cd00905c2b9c652333ac16a10141a99&mdspid=&spid=699004&netType=0&sid=2201057821&pid=2028597139&timestamp=20260718061259&Channel_ID=0116_2600034600-99000-201600010057159&ProgramID=608807420&ParentNodeID=-99&assertID=2201057821&client_ip=210.51.27.7&SecurityKey=20260718061259&promotionId=&mvid=2201057821&mcid=500020&playurlVersion=ZQ-A1-9.6.1.6-SNAPSHOT&userid=&jmhm=&videocodec=h264&appCode=miguvideo_android&bean=mgspad&tid=android&conFee=0&encrypt=c1f36c9a3df2f284391c633b0dd1332d&sv=10004&ct=android
衡山综合,https://liveplay-srs.voc.com.cn/hls/tv/161_8d2e76.m3u8
龙山综合,https://liveplay-srs.voc.com.cn/hls/tv/146_f067fe.m3u8
平江综合,https://liveplay-srs.voc.com.cn/hls/tv/168_ce2a0c.m3u8
津市综合,https://liveplay-srs.voc.com.cn/hls/tv/187_2abf84.m3u8
花垣综合,https://liveplay-srs.voc.com.cn/hls/tv/134_d590ee.m3u8
临武综合,https://liveplay-srs.voc.com.cn/hls/tv/148_feda2f.m3u8
桂东融媒,https://liveplay-srs.voc.com.cn/hls/tv/174_6ab9f8.m3u8
衡阳县电视,https://liveplay-srs.voc.com.cn/hls/tv/183_554704.m3u8
新化电视,https://liveplay-srs.voc.com.cn/hls/tv/170_49c556.m3u8
桂阳新闻综合,https://liveplay-srs.voc.com.cn/hls/tv/7_7c833e.m3u8
屈原融媒体,https://liveplay-srs.voc.com.cn/hls/tv/167_0d6151.m3u8
新邵新闻综合,https://liveplay-srs.voc.com.cn/hls/tv/171_daca67.m3u8
耒阳电视,https://liveplay-srs.voc.com.cn/hls/tv/27_e9e1e5.m3u8
永兴电视,https://liveplay-srs.voc.com.cn/hls/tv/40_1d0ed0.m3u8
沅江电视,https://liveplay-srs.voc.com.cn/hls/tv/163_2c7011.m3u8
蓝山电视,https://liveplay-srs.voc.com.cn/hls/tv/26_370917.m3u8
芷江综合,https://liveplay-srs.voc.com.cn/hls/tv/20_68acda.m3u8
靖州综合,https://liveplay-srs.voc.com.cn/hls/tv/34_5156ed.m3u8
双峰电视,https://liveplay-srs.voc.com.cn/hls/tv/131_acfb72.m3u8
嘉禾新闻综合,https://liveplay-srs.voc.com.cn/hls/tv/184_e3af1a.m3u8
城步电视,https://liveplay-srs.voc.com.cn/hls/tv/169_b4d7a4.m3u8
衡东电视,https://liveplay-srs.voc.com.cn/hls/tv/180_60f888.m3u8
汝城台,https://liveplay-srs.voc.com.cn/hls/tv/149_40cf24.m3u8
中方台,https://liveplay-srs.voc.com.cn/hls/tv/18_3aa230.m3u8
吉首综合,https://liveplay-srs.voc.com.cn/hls/tv/143_70175b.m3u8
安化综合,https://liveplay-srs.voc.com.cn/hls/tv/204_16cb0f.m3u8
古丈1,https://liveplay-srs.voc.com.cn/hls/tv/144_4efb38.m3u8
嵊州综合,http://l.cztvcloud.com/channels/lantian/SXshengzhou1/720p.m3u8
新昌综合,http://l.cztvcloud.com/channels/lantian/SXxinchang1/720p.m3u8
平湖民生休闲,http://l.cztvcloud.com/channels/lantian/SXpinghu2/720p.m3u8
青田电视,http://l.cztvcloud.com/channels/lantian/SXqingtian1/720p.m3u8
余姚新闻综合,http://l.cztvcloud.com/channels/lantian/SXyuyao1/720p.m3u8
普陀电视,http://l.cztvcloud.com/channels/lantian/SXputuo1/720p.m3u8
庆元电视,http://l.cztvcloud.com/channels/lantian/SXqingyuan1/720p.m3u8
东阳影视生活,http://l.cztvcloud.com/channels/lantian/SXdongyang1/720p.m3u8
兰溪新闻综合,http://l.cztvcloud.com/channels/lantian/SXlanxi1/720p.m3u8
龙泉电视,http://l.cztvcloud.com/channels/lantian/SXlongquan1/720p.m3u8
南京文旅纪录,http://nklive.nbs.cn/hls/9b2005c4-046c-422f-ba45-e6adc4f4de07/index.m3u8
南京十八生活,http://nklive.nbs.cn/hls/1173a815-bfdb-4c3c-9f73-89ec37ae7716/index.m3u8
伊春综合,https://masterpull.hljtv.com/live/vQtnS3vX.m3u8
伊春综合,https://rmplive.hljtv.com/live/yichun.m3u8
漠河综合,https://masterpull.hljtv.com/live/rlVvbTZN.m3u8
东宁综合,https://masterpull.hljtv.com/live/UQdxnsw8.m3u8
黑河新闻综合,https://masterpull.hljtv.com/live/iyoENgSP.m3u8
鹤岗综合,https://masterpull.hljtv.com/live/rApKWXbX.m3u8
鹤岗综合,https://rmplive.hljtv.com/live/hegang.m3u8
富锦综合,https://masterpull.hljtv.com/live/wOBN3GqO.m3u8
尚志电视,https://masterpull.hljtv.com/live/EQnKvoc9.m3u8
勃利综合,https://masterpull.hljtv.com/live/6rx9bifO.m3u8
绥化新闻综合,https://masterpull.hljtv.com/live/v4o2g1hs.m3u8
绥化新闻综合,https://rmplive.hljtv.com/live/suihua.m3u8
安达综合,https://masterpull.hljtv.com/live/FsGxlDZQ.m3u8
海伦市综合,https://masterpull.hljtv.com/live/VFNlgeFO.m3u8
大兴安岭新闻综合,https://masterpull.hljtv.com/live/H2kVyS15.m3u8
大兴安岭新闻综合,https://rmplive.hljtv.com/live/daxinganling.m3u8
崇仁电视,http://play-a2.quklive.com/live/1744277411242065.m3u8
崇仁电视,http://play-a2.quklive.com/live/1744277411242065.flv
万载电视台1,http://play-a2.quklive.com/live/1739162440932308.m3u8
万载电视台1,http://play-a2.quklive.com/live/1739162440932308.flv
广丰电视,https://play-a2.quklive.com/live/1754033359790055.m3u8
广丰电视,https://play-a2.quklive.com/live/1754033359790055.flv
保定1,http://jwcdnqx.hebyun.com.cn/live/jybd/1500k/tzwj_video.m3u8
保定2,http://jwcdnqx.hebyun.com.cn/live/bdxw1/1500k/tzwj_video.m3u8
保定3,http://jwcdnqx.hebyun.com.cn/live/bddst/1500k/tzwj_video.m3u8
兴隆影视,https://jwcdnqx.hebyun.com.cn/live/xlys/1500k/tzwj_video.m3u8
迁西综合,https://jwcdnqx.hebyun.com.cn/live/qxzhpd/1500k/tzwj_video.m3u8
迁西农业,https://jwcdnqx.hebyun.com.cn/live/qxny/1500k/tzwj_video.m3u8
青县综合,http://jwcdnqx.hebyun.com.cn/live/qxtvlive1/1500k/tzwj_video.m3u8
海峡卫视,https://hlsbkmgsplive.miguvideo.com/migu/kailu/haixiaws/51/20230724/01.m3u8?&HlsSubType=&encrypt=
伊川综合,http://tvpull.dxhmt.cn:9081/tv/10329-1.m3u8
长垣综合,http://tvpull.dxhmt.cn:9081/tv/10728-1.m3u8
淇县电视,http://tvpull.dxhmt.cn:9081/tv/10622-1.m3u8
汤阴综合,http://tvpull.dxhmt.cn:9081/tv/10523-1.m3u8
新乡县综合,http://tvpull.dxhmt.cn:9081/tv/10721-1.m3u8
舞钢综合,http://tvpull.dxhmt.cn:9081/tv/10481-1.m3u8
淮滨综合,http://tvpull.dxhmt.cn:9081/tv/11527-1.m3u8
滑县TV2,http://tvpull.dxhmt.cn:9081/tv/10526-2.m3u8
清丰电视,http://tvpull.dxhmt.cn:9081/tv/10922-1.m3u8
通许综合,http://tvpull.dxhmt.cn:9081/tv/10222-1.m3u8
沈丘新闻综合,http://tvpull.dxhmt.cn:9081/tv/11624-1.m3u8
桐柏新闻综合,http://tvpull.dxhmt.cn:9081/tv/11330-1.m3u8
夏邑综合,http://tvpull.dxhmt.cn:9081/tv/11426-1.m3u8
平兴新闻综合,http://tvpull.dxhmt.cn:9081/tv/11723-1.m3u8
上街电视,http://tvpull.dxhmt.cn:9081/tv/10106-1.m3u8
新安新闻综合,http://tvpull.dxhmt.cn:9081/tv/10323-1.m3u8
罗山电视,http://tvpull.dxhmt.cn:9081/tv/11521-1.m3u8
上蔡1,http://tvpull.dxhmt.cn:9081/tv/11722-1.m3u8
荥阳1,http://tvpull.dxhmt.cn:9081/tv/10182-1.m3u8
建安新闻,http://tvpull.dxhmt.cn:9081/tv/11003-1.m3u8
封丘新闻综合,http://tvpull.dxhmt.cn:9081/tv/10727-1.m3u8
林州电视,http://tvpull.dxhmt.cn:9081/tv/10581-1.m3u8
社旗电视,http://tvpull.dxhmt.cn:9081/tv/11327-1.m3u8
镇平新闻综合,http://tvpull.dxhmt.cn:9081/tv/11324-1.m3u8
孟州1,http://tvpull.dxhmt.cn:9081/tv/10883-1.m3u8
浚县电视,http://tvpull.dxhmt.cn:9081/tv/10621-1.m3u8
舞阳新闻综合,http://tvpull.dxhmt.cn:9081/tv/11121-1.m3u8
武陟新闻综合,http://tvpull.dxhmt.cn:9081/tv/10823-1.m3u8
新郑1,http://tvpull.dxhmt.cn:9081/tv/10184-1.m3u8
辉县新闻综合,http://tvpull.dxhmt.cn:9081/tv/10782-1.m3u8
永城新闻,http://tvpull.dxhmt.cn:9081/tv/11481-1.m3u8
杞县新闻综合,http://tvpull.dxhmt.cn:9081/tv/10221-1.m3u8
新密新闻,http://tvpull.dxhmt.cn:9081/tv/10183-2.m3u8
嘉峪关公共,https://play.kankanlive.com/live/1658978141553927.m3u8
定西文旅生活,http://play.kankanlive.com/live/1675303983674929.m3u8
定西文旅生活,http://play.kankanlive.com/live/1675303983674929.flv
天祝电视,https://play.kankanlive.com/live/1656487214793905.m3u8
泰安综合,http://play.kankanlive.com/live/1680577080200944.m3u8
泰安综合,http://play.kankanlive.com/live/1680577080200944.flv
静宁新闻综合,https://play.kankanlive.com/live/1658194434596952.m3u8
景泰电视,https://play.kankanlive.com/live/1624439143745981.m3u8
西和综合,https://play.kankanlive.com/live/1659926941626981.m3u8
古浪综合,http://play.kankanlive.com/live/1647934328544907.m3u8
古浪综合,http://play.kankanlive.com/live/1647934328544907.flv
永昌电视,https://play.kankanlive.com/live/1652755738635915.m3u8
陇西电视,https://play.kankanlive.com/live/1669881644081970.m3u8
平川电视,http://play.kankanlive.com/live/1658907556249918.m3u8
平川电视,http://play.kankanlive.com/live/1658907556249918.flv
岷县电视,http://play.kankanlive.com/live/1672715401874967.m3u8
岷县电视,http://play.kankanlive.com/live/1672715401874967.flv
庄浪电视,https://play.kankanlive.com/live/1655107221272926.m3u8
金川电视,http://play.kankanlive.com/live/1657360567739997.m3u8
金川电视,http://play.kankanlive.com/live/1657360567739997.flv
安定电视,https://play.kankanlive.com/live/1672881652415978.m3u8
安定电视,http://play.kankanlive.com/live/1672881652415978.flv
靖远电视,https://play.kankanlive.com/live/1658390970673988.m3u8
天祝电视,http://play.kankanlive.com/live/1656487214793905.m3u8
天祝电视,http://play.kankanlive.com/live/1656487214793905.flv
通渭电视,http://play.kankanlive.com/live/1661761962676984.m3u8
通渭电视,http://play.kankanlive.com/live/1661761962676984.flv
秦安电视,https://play.kankanlive.com/live/1680577080200944.m3u8
◆◆◆　https://raw.githubusercontent.com/alenin-zhang/IPTV/refs/heads/main/lenin.txt
◆◆◆　https://raw.githubusercontent.com/kakaxi-1/IPTV/refs/heads/main/ipv4.txt
2026-07-18 06:53:49,http://kakaxi.indevs.in/Disclaimer.mp4
老故事,http://8.153.110.51:3020/884121956
老故事,http://gslbmgsplive.miguvideo.com/migu/kailu/cctvlaogushi/50/20231109/index.m3u8?msisdn=f1c9345391ac5a3a8d5c65f7d47b1024&mdspid=&spid=699004&netType=0&sid=5910022002&pid=2028597139&timestamp=20260718062037&Channel_ID=0116_2600034600-99000-201600010010028&ProgramID=884121956&ParentNodeID=-99&assertID=5910022002&client_ip=39.103.182.111&SecurityKey=20260718062037&promotionId=&mvid=5900006372&mcid=500020&playurlVersion=WX-A1-9.6.1.6-SNAPSHOT&userid=&jmhm=&videocodec=h264&appCode=miguvideo_android&bean=mgspad&tid=android&conFee=0&puData=a4e3245d9a191b67690bbda5824209e4&ddCalcu=4ae4v9ea03l22a44258d59aad1b9b10b9667&sv=10004&ct=android
老故事,http://222.130.32.10:7788/884121956
老故事,http://101.6.130.52:1234/884121956
老故事,http://14.153.176.108:1234/884121956
老故事,http://182.61.15.47:80/884121956
老故事,http://119.88.243.98:17231/884121956
老故事,http://110.154.192.66:7788/884121956
老故事,http://223.247.25.221:1234/884121956
老故事,http://182.127.153.119:1234/884121956
老故事,http://116.52.173.5:1234/884121956
老故事,http://116.236.204.18:1234/884121956
老故事,http://111.231.6.102:1234/884121956
老故事,http://27.12.12.183:1234/884121956
经典香港电影,http://223.247.25.221:1234/625703337
经典香港电影,http://222.130.32.10:7788/625703337
经典香港电影,http://101.6.130.52:1234/625703337
经典香港电影,http://27.12.12.183:1234/625703337
经典香港电影,http://182.127.153.119:1234/625703337
经典香港电影,http://111.231.6.102:1234/625703337
经典香港电影,http://14.153.176.108:1234/625703337
经典香港电影,http://110.154.192.66:7788/625703337
经典香港电影,http://gslbmgsplive.miguvideo.com/wd_r2/virtuallive/5100180869/150/index.m3u8?msisdn=b030d862e66ca2080078438b76b3b4cc&mdspid=&spid=800033&netType=0&sid=5500242089&pid=2028597139&timestamp=20260718062107&Channel_ID=0116_2600034600-99000-201600010010028&ProgramID=625703337&ParentNodeID=-99&assertID=5500242089&client_ip=39.103.188.159&SecurityKey=20260718062107&promotionId=&mvid=5100180869&mcid=500020&playurlVersion=WX-A1-9.6.1.6-SNAPSHOT&userid=&jmhm=&videocodec=h264&appCode=miguvideo_android&bean=mgspad&tid=android&conFee=0&puData=9690f223050571c8ae776b8b32bd0a78&ddCalcu=8976va9a00bdfab22233b085b0657771eca8&sv=10004&ct=android
经典香港电影,http://8.153.110.51:3020/625703337
经典香港电影,http://116.236.204.18:1234/625703337
经典香港电影,http://182.61.15.47:80/625703337
经典香港电影,http://116.52.173.5:1234/625703337
经典香港电影,http://119.88.243.98:17231/625703337
抗战经典影片,http://222.130.32.10:7788/617432318
抗战经典影片,http://119.88.243.98:17231/617432318
抗战经典影片,http://101.6.130.52:1234/617432318
抗战经典影片,http://111.231.6.102:1234/617432318
抗战经典影片,http://182.127.153.119:1234/617432318
抗战经典影片,http://223.247.25.221:1234/617432318
抗战经典影片,http://14.153.176.108:1234/617432318
抗战经典影片,http://116.52.173.5:1234/617432318
抗战经典影片,http://116.236.204.18:1234/617432318
抗战经典影片,http://182.61.15.47:80/617432318
抗战经典影片,http://110.154.192.66:7788/617432318
抗战经典影片,http://27.12.12.183:1234/617432318
抗战经典影片,http://8.153.110.51:3020/617432318
四海钓鱼,http://111.231.6.102:1234/637444975
四海钓鱼,http://182.61.15.47:80/637444975
四海钓鱼,http://116.236.204.18:1234/637444975
四海钓鱼,http://182.127.153.119:1234/637444975
四海钓鱼,http://116.52.173.5:1234/637444975
四海钓鱼,http://110.154.192.66:7788/637444975
四海钓鱼,http://14.153.176.108:1234/637444975
四海钓鱼,http://101.6.130.52:1234/637444975
四海钓鱼,http://27.12.12.183:1234/637444975
四海钓鱼,http://8.153.110.51:3020/637444975
四海钓鱼,http://gslbmgsplive.miguvideo.com/wd_r4/peoplecn/shdiaoyu/1200/index.m3u8?msisdn=9a405772fd7fba0f02b46242085be7eb&mdspid=&spid=600697&netType=0&sid=5910022184&pid=2028597139&timestamp=20260718062103&Channel_ID=0116_2600034600-99000-201600010010028&ProgramID=637444975&ParentNodeID=-99&assertID=5910022184&client_ip=39.103.182.111&SecurityKey=20260718062103&promotionId=&mvid=5100132656&mcid=500020&playurlVersion=WX-A1-9.6.1.6-SNAPSHOT&userid=&jmhm=&videocodec=h264&appCode=miguvideo_android&bean=mgspad&tid=android&conFee=0&puData=5be18fe31cfe0d342acc573506212065&ddCalcu=556bv0ea21l18a2f6e03513c7f5ec0cda324&sv=10004&ct=android
四海钓鱼,http://119.88.243.98:17231/637444975
四海钓鱼,http://223.247.25.221:1234/637444975
四海钓鱼,http://222.130.32.10:7788/637444975
橙记Orange丶,https://live.ottiptv.cc/douyu/4549169
baby丶贝贝,https://live.ottiptv.cc/douyu/431460
小毅主播e,https://live.ottiptv.cc/douyu/11851549
小毅主播q,https://live.ottiptv.cc/douyu/6906628
奇光主播,https://live.ottiptv.cc/douyu/8009547
奇光主播e,https://live.ottiptv.cc/douyu/11849873
奇光主播q,https://live.ottiptv.cc/douyu/12560807
Poison丶冰冰,https://live.ottiptv.cc/douyu/74374
怡宝妹妹丶,https://live.ottiptv.cc/douyu/434971
Only丶邵氏,https://live.ottiptv.cc/douyu/4246519
米尼影院,https://live.ottiptv.cc/douyu/7642724
苹果Zei甜,https://live.ottiptv.cc/douyu/1174353
苹果Zei妖,https://live.ottiptv.cc/douyu/2793084
网神影厅,https://live.ottiptv.cc/douyu/508118
老高与小茉的死忠粉,https://live.ottiptv.cc/douyu/236461
世界未解之谜M,https://live.ottiptv.cc/douyu/9369468
老烟斗鬼故事,https://live.ottiptv.cc/douyu/2337939
宇宙探索飞船,https://live.ottiptv.cc/douyu/9456028
电视剧僵尸约会,https://live.ottiptv.cc/douyu/8371123
铁甲影院,https://live.ottiptv.cc/douyu/1274132
7师傅,https://live.ottiptv.cc/douyu/17732
龙组队长天昊,https://live.ottiptv.cc/douyu/1487654
伊太刀刀,https://live.ottiptv.cc/douyu/747764
蓝翔新三国,https://live.ottiptv.cc/douyu/5908256
竹叶的熊猫,https://live.ottiptv.cc/douyu/3870925
懒猫是只喵,https://live.ottiptv.cc/douyu/260322
万事通熊猫,https://live.ottiptv.cc/douyu/7812810
牛叔说电影,https://live.ottiptv.cc/douyu/2758565
白了个痴,https://live.ottiptv.cc/douyu/319576
火龙果讲电影本人,https://live.ottiptv.cc/douyu/2039501
电影迷小雅,https://live.ottiptv.cc/douyu/9639225
怪兽马提尼电影,https://live.ottiptv.cc/douyu/9075333
王坑坑聊电影,https://live.ottiptv.cc/douyu/9402110
刘哔电影,https://live.ottiptv.cc/douyu/2632223
贝爷求生影视,https://live.ottiptv.cc/douyu/9661369
周星驰的直播间,https://live.ottiptv.cc/douyu/8257039
小涛讲电影V,https://live.ottiptv.cc/douyu/8415464
武林萌主唐小姐,https://live.ottiptv.cc/huya/11336726
若芸芸,https://live.ottiptv.cc/huya/31217965
涂涂观影团,https://live.ottiptv.cc/huya/30513350
亚、娜,https://live.ottiptv.cc/huya/30581465
影迷心公社,https://live.ottiptv.cc/huya/30522289
7喜先生,https://live.ottiptv.cc/huya/11342421
都爱看,https://live.ottiptv.cc/huya/26058097
古惑仔,https://live.ottiptv.cc/yy/1458015189
港片 喜剧 动作,https://live.ottiptv.cc/yy/1355480591
【周星驰】搞笑电影,https://live.ottiptv.cc/yy/38670875
恐怖电影,https://live.ottiptv.cc/yy/24066336
林正英经典,https://live.ottiptv.cc/yy/1351505899
经典电影重温,https://live.ottiptv.cc/yy/1382793140
鬼片喜剧动作港剧,https://live.ottiptv.cc/yy/1355269576
◆◆◆　https://raw.githubusercontent.com/adminouyang/231006/refs/heads/main/py/TvSources/iptv_speed.txt
上海第一财经,https://satellitepull.cnr.cn/live/wx32dycjgb/playlist.m3u8
Red Bull TV,http://rbmn-live.akamaized.net/hls/live/590964/BoRB-AT/master_6660.m3u8
海峡卫视,http://38.64.72.148:80/hls/modn/list/4009/chunklist0.m3u8
海峡卫视,http://38.64.72.148:80/hls/modn/list/4009/playlist.m3u8
音乐欣赏,http://61.221.215.25:8800/hls/49/index.m3u8
海南广播电视总台文旅,http://hlszymgsplive.miguvideo.com:8080/migu/kailu/lntyxx/51/20251225/index.m3u8?msisdn=2be6b2ec9fcf10d2c2457e2c710e172c&mdspid=&spid=600697&netType=0&sid=5910022329&pid=2028597139&timestamp=20260702160218&Channel_ID=0116_2600034600-99000-201600010010028&ProgramID=962067526&ParentNodeID=-99&assertID=5910022329&client_ip=171.8.79.254&SecurityKey=20260702160218&promotionId=&mvid=5900006790&mcid=500020&playurlVersion=WX-A1-9.6.1.6-SNAPSHOT&userid=&jmhm=&videocodec=h264&appCode=miguvideo_android&bean=mgspad&tid=android&conFee=0&encrypt=2aa359eb70f9e7e20bf0ae6c595b3a20&sv=10004&ct=android
陕西银龄,http://112.46.105.20:8009/hls/20/index.m3u8
陕西新闻咨询,http://112.46.105.20:8009/hls/18/index.m3u8
西安新闻,http://112.46.105.20:8009/hls/28/index.m3u8
西安都市,http://112.46.105.20:8009/hls/29/index.m3u8
经典香港电影,http://hlszymgsplive.miguvideo.com:8080/wd_r2/virtuallive/5100180869/150/index.m3u8?msisdn=2be6b2ec9fcf10d2c2457e2c710e172c&mdspid=&spid=800033&netType=0&sid=5500242089&pid=2028597139&timestamp=20260702160221&Channel_ID=0116_2600034600-99000-201600010010028&ProgramID=625703337&ParentNodeID=-99&assertID=5500242089&client_ip=171.8.79.254&SecurityKey=20260702160221&promotionId=&mvid=5100180869&mcid=500020&playurlVersion=WX-A1-9.6.1.6-SNAPSHOT&userid=&jmhm=&videocodec=h264&appCode=miguvideo_android&bean=mgspad&tid=android&conFee=0&encrypt=e157885f7ff5570e0dca591f817a007b&sv=10004&ct=android
北京卫视超,http://120.211.62.180:8000/hls/35/index.m3u8
公共新闻,http://hlszymgsplive.miguvideo.com:8080/wd_r2/jstv/jsgonggong/600/index.m3u8?msisdn=2be6b2ec9fcf10d2c2457e2c710e172c&mdspid=&spid=699067&netType=0&sid=5500260520&pid=2028597139&timestamp=20260702160213&Channel_ID=0116_2600034600-99000-201600010010028&ProgramID=626064693&ParentNodeID=-99&assertID=5500260520&client_ip=171.8.79.254&SecurityKey=20260702160213&promotionId=&mvid=5100186429&mcid=500020&playurlVersion=WX-A1-9.6.1.6-SNAPSHOT&userid=&jmhm=&videocodec=h264&appCode=miguvideo_android&bean=mgspad&tid=android&conFee=0&encrypt=7269a56208c40a10100b76e82385bc59&sv=10004&ct=android
BWF 尤杯经典重映中国 30 马来西亚 【回放】王祉怡20蕾莎娜（鸿昆） 12:00,http://hlsztemgspvod.miguvideo.com:8080/depository_eos_wxlz04/asset/zhengshi/5106/395/024/5106395024/media/5106395024_5335299460_56.mp4.m3u8?msisdn=2be6b2ec9fcf10d2c2457e2c710e172c&mdspid=&spid=800033&netType=0&sid=5701715709&pid=2028597139&timestamp=20260702160234&Channel_ID=0116_2600034600-99000-201600010010028&ProgramID=964500877&ParentNodeID=-99&assertID=5701715709&client_ip=171.8.79.254&SecurityKey=20260702160234&promotionId=&mvid=5106395024&mcid=1003&mpid=120000574861&playurlVersion=WX-A1-9.6.1.6-SNAPSHOT&userid=&jmhm=&videocodec=h264&appCode=miguvideo_android&bean=mgspad&tid=android&conFee=0&encrypt=390f9c6b21ba614ebd1fa158988e3982&sv=10004&ct=android
BWF 陈子亦/贾士贤零封！詹俊为进正赛 【回放】詹俊为21王晏清（杨妮娜） 21:00,http://hlsztemgspvod.miguvideo.com:8080/depository_eos_wxlz04/asset/zhengshi/5106/623/811/5106623811/media/5106623811_5338642365_56.mp4.m3u8?msisdn=2be6b2ec9fcf10d2c2457e2c710e172c&mdspid=&spid=800033&netType=0&sid=5701800768&pid=2028597139&timestamp=20260702160228&Channel_ID=0116_2600034600-99000-201600010010028&ProgramID=965841128&ParentNodeID=-99&assertID=5701800768&client_ip=171.8.79.254&SecurityKey=20260702160228&promotionId=&mvid=5106623811&mcid=1003&mpid=120000581722&playurlVersion=WX-A1-9.6.1.6-SNAPSHOT&userid=&jmhm=&videocodec=h264&appCode=miguvideo_android&bean=mgspad&tid=android&conFee=0&encrypt=3f176dad64b891d70ed9a3bb4a5880df&sv=10004&ct=android
中国农林卫视,http://hlszymgsplive.miguvideo.com:8080/migu/kailu/zgnlws/51/20250804/index.m3u8?msisdn=2be6b2ec9fcf10d2c2457e2c710e172c&mdspid=&spid=600572&netType=0&sid=5910022186&pid=2028597139&timestamp=20260702160211&Channel_ID=0116_2600034600-99000-201600010010028&ProgramID=956904896&ParentNodeID=-99&assertID=5910022186&client_ip=171.8.79.254&SecurityKey=20260702160211&promotionId=&mvid=5900006709&mcid=500020&playurlVersion=WX-A1-9.6.1.6-SNAPSHOT&userid=&jmhm=&videocodec=h264&appCode=miguvideo_android&bean=mgspad&tid=android&conFee=0&encrypt=6ca59fc2a2b85828d60f04e085591324&sv=10004&ct=android
四海钓鱼,http://hlszymgsplive.miguvideo.com:8080/wd_r4/peoplecn/shdiaoyu/1200/index.m3u8?msisdn=2be6b2ec9fcf10d2c2457e2c710e172c&mdspid=&spid=600697&netType=0&sid=5910022184&pid=2028597139&timestamp=20260702160208&Channel_ID=0116_2600034600-99000-201600010010028&ProgramID=637444975&ParentNodeID=-99&assertID=5910022184&client_ip=171.8.79.254&SecurityKey=20260702160208&promotionId=&mvid=5100132656&mcid=500020&playurlVersion=WX-A1-9.6.1.6-SNAPSHOT&userid=&jmhm=&videocodec=h264&appCode=miguvideo_android&bean=mgspad&tid=android&conFee=0&encrypt=fffa69c7cd4dd5feeb4c0496ebaf4d6c&sv=10004&ct=android
乐至综合,http://175.155.106.72:89/live1/live1.m3u8?zsicd;http://rmlive.lzxrmtzx.com/live1/live1.m3u8?zsicd
海峡卫视,http://hlszymgsplive.miguvideo.com:8080/migu/kailu/haixiaws/51/20230724/index.m3u8?msisdn=2be6b2ec9fcf10d2c2457e2c710e172c&mdspid=&spid=600717&netType=0&sid=5910022183&pid=2028597139&timestamp=20260702160210&Channel_ID=0116_2600034600-99000-201600010010028&ProgramID=849119120&ParentNodeID=-99&assertID=5910022183&client_ip=171.8.79.254&SecurityKey=20260702160210&promotionId=&mvid=5900006231&mcid=500020&playurlVersion=WX-A1-9.6.1.6-SNAPSHOT&userid=&jmhm=&videocodec=h264&appCode=miguvideo_android&bean=mgspad&tid=android&conFee=0&encrypt=964bb60ba8cb5b27a187591bfb9289a1&sv=10004&ct=android
乐至综合,http://175.155.106.72:89/live1/live1.m3u8
乐至综合,http://175.155.106.72:89/live1/live1.m3u8?zsicd
BWF 尤杯经典重映中国 30 马来西亚 【回放】陈雨菲20黄玲青（鸿昆） 12:00,http://hlsztemgspvod.miguvideo.com:8080/depository_eos_wxlz04/asset/zhengshi/5106/395/028/5106395028/media/5106395028_5335308837_56.mp4.m3u8?msisdn=2be6b2ec9fcf10d2c2457e2c710e172c&mdspid=&spid=800033&netType=0&sid=5701715814&pid=2028597139&timestamp=20260702160234&Channel_ID=0116_2600034600-99000-201600010010028&ProgramID=964502764&ParentNodeID=-99&assertID=5701715814&client_ip=171.8.79.254&SecurityKey=20260702160234&promotionId=&mvid=5106395028&mcid=1003&mpid=120000574861&playurlVersion=WX-A1-9.6.1.6-SNAPSHOT&userid=&jmhm=&videocodec=h264&appCode=miguvideo_android&bean=mgspad&tid=android&conFee=0&encrypt=cc477b5949f253b32dd4e4559557552e&sv=10004&ct=android
BWF 陈子亦/贾士贤零封！詹俊为进正赛 【回放】萨基特02高桥洸士（杨妮娜） 21:00,http://hlszymgspvod.miguvideo.com:8080/depository_eos_wxlz04/asset/zhengshi/5106/623/813/5106623813/media/5106623813_5338643462_56.mp4.m3u8?msisdn=2be6b2ec9fcf10d2c2457e2c710e172c&mdspid=&spid=800033&netType=0&sid=5701800821&pid=2028597139&timestamp=20260702160229&Channel_ID=0116_2600034600-99000-201600010010028&ProgramID=965841995&ParentNodeID=-99&assertID=5701800821&client_ip=171.8.79.254&SecurityKey=20260702160229&promotionId=&mvid=5106623813&mcid=1003&mpid=120000581722&playurlVersion=WX-A1-9.6.1.6-SNAPSHOT&userid=&jmhm=&videocodec=h264&appCode=miguvideo_android&bean=mgspad&tid=android&conFee=0&encrypt=34be304f91aec3e1b90b987dfc5c686f&sv=10004&ct=android
BWF 尤杯经典重映中国 30 马来西亚 【回放】刘圣书/谭宁21王馨渝/陈韦妏（鸿昆） 12:00,http://hlsztemgspvod.miguvideo.com:8080/depository_eos_wxlz04/asset/zhengshi/5106/395/026/5106395026/media/5106395026_5335307277_56.mp4.m3u8?msisdn=2be6b2ec9fcf10d2c2457e2c710e172c&mdspid=&spid=800033&netType=0&sid=5701715803&pid=2028597139&timestamp=20260702160234&Channel_ID=0116_2600034600-99000-201600010010028&ProgramID=964502168&ParentNodeID=-99&assertID=5701715803&client_ip=171.8.79.254&SecurityKey=20260702160234&promotionId=&mvid=5106395026&mcid=1003&mpid=120000574861&playurlVersion=WX-A1-9.6.1.6-SNAPSHOT&userid=&jmhm=&videocodec=h264&appCode=miguvideo_android&bean=mgspad&tid=android&conFee=0&encrypt=ff36e30c5725314fb0711b12cf699cff&sv=10004&ct=android
文成新闻综合,http://l.cztvcloud.com/channels/lantian/SXwencheng1/720p.m3u8
江津新闻,http://222.179.155.21:1935/ch1.m3u8?zzhongqd
BWF 陈子亦/贾士贤零封！詹俊为进正赛 【回放】伊劳埃/里奥00川边悠阳/松川健大（轩子博） 21:00,http://mgsp.vod.miguvideo.com:8088/depository_eos_wxlz04/asset/zhengshi/5106/623/817/5106623817/media/5106623817_5338654361_56.mp4.m3u8?msisdn=2be6b2ec9fcf10d2c2457e2c710e172c&mdspid=&spid=800033&netType=0&sid=5701801149&pid=2028597139&timestamp=20260702160228&Channel_ID=0116_2600034600-99000-201600010010028&ProgramID=965851849&ParentNodeID=-99&assertID=5701801149&client_ip=171.8.79.254&SecurityKey=20260702160228&promotionId=&mvid=5106623817&mcid=1003&mpid=120000581722&playurlVersion=WX-A1-9.6.1.6-SNAPSHOT&userid=&jmhm=&videocodec=h264&appCode=miguvideo_android&bean=mgspad&tid=android&conFee=0&encrypt=eae40e930ac3ffa8dbdc49a174519ff1&sv=10004&ct=android
熊猫7,http://hlszymgsplive.miguvideo.com:8080/envivo_x/2018/SD/xiongmao07/1000/index.m3u8?msisdn=2be6b2ec9fcf10d2c2457e2c710e172c&mdspid=&spid=699004&netType=0&sid=2200192831&pid=2028597139&timestamp=20260702160224&Channel_ID=0116_2600034600-99000-201600010010028&ProgramID=609169286&ParentNodeID=-99&assertID=2200192831&client_ip=171.8.79.254&SecurityKey=20260702160224&promotionId=&mvid=2200192831&mcid=500020&playurlVersion=WX-A1-9.6.1.6-SNAPSHOT&userid=&jmhm=&videocodec=h264&appCode=miguvideo_android&bean=mgspad&tid=android&conFee=0&encrypt=10807ec5e1c9869af5b4840ee34342ec&sv=10004&ct=android
熊猫4,http://hlszymgsplive.miguvideo.com:8080/envivo_x/2018/SD/xiongmao04/1000/index.m3u8?msisdn=2be6b2ec9fcf10d2c2457e2c710e172c&mdspid=&spid=699004&netType=0&sid=2200200771&pid=2028597139&timestamp=20260702160223&Channel_ID=0116_2600034600-99000-201600010010028&ProgramID=608934721&ParentNodeID=-99&assertID=2200200771&client_ip=171.8.79.254&SecurityKey=20260702160223&promotionId=&mvid=2200200771&mcid=500020&playurlVersion=WX-A1-9.6.1.6-SNAPSHOT&userid=&jmhm=&videocodec=h264&appCode=miguvideo_android&bean=mgspad&tid=android&conFee=0&encrypt=62c05969a9e83a1b478f61219f5264f4&sv=10004&ct=android
海南广播电视总台少儿,http://hlszymgsplive.miguvideo.com:8080/migu/kailu/nxwl/51/20251225/index.m3u8?msisdn=2be6b2ec9fcf10d2c2457e2c710e172c&mdspid=&spid=600697&netType=0&sid=5910022328&pid=2028597139&timestamp=20260702160218&Channel_ID=0116_2600034600-99000-201600010010028&ProgramID=962067523&ParentNodeID=-99&assertID=5910022328&client_ip=171.8.79.254&SecurityKey=20260702160218&promotionId=&mvid=5900006788&mcid=500020&playurlVersion=WX-A1-9.6.1.6-SNAPSHOT&userid=&jmhm=&videocodec=h264&appCode=miguvideo_android&bean=mgspad&tid=android&conFee=0&encrypt=a9facef95dd08d7b078b62c72606e365&sv=10004&ct=android
盐城新闻综合,http://hlszymgsplive.miguvideo.com:8080/migu/kailu/ycxwzh/51/20250604/index.m3u8?msisdn=2be6b2ec9fcf10d2c2457e2c710e172c&mdspid=&spid=699067&netType=0&sid=5500469360&pid=2028597139&timestamp=20260702160213&Channel_ID=0116_2600034600-99000-201600010010028&ProgramID=639731825&ParentNodeID=-99&assertID=5500469360&client_ip=171.8.79.254&SecurityKey=20260702160213&promotionId=&mvid=5102012617&mcid=500020&playurlVersion=WX-A1-9.6.1.6-SNAPSHOT&userid=&jmhm=&videocodec=h264&appCode=miguvideo_android&bean=mgspad&tid=android&conFee=0&encrypt=ff23e4a234a724ee51832fb782acde9d&sv=10004&ct=android
松潘新闻综合,http://live.spccmc.com:90/live/spxwzh.m3u8
老故事,http://hlszymgsplive.miguvideo.com:8080/migu/kailu/cctvlaogushi/50/20231109/index.m3u8?msisdn=2be6b2ec9fcf10d2c2457e2c710e172c&mdspid=&spid=699004&netType=0&sid=5910022002&pid=2028597139&timestamp=20260702160207&Channel_ID=0116_2600034600-99000-201600010010028&ProgramID=884121956&ParentNodeID=-99&assertID=5910022002&client_ip=171.8.79.254&SecurityKey=20260702160207&promotionId=&mvid=5900006372&mcid=500020&playurlVersion=WX-A1-9.6.1.6-SNAPSHOT&userid=&jmhm=&videocodec=h264&appCode=miguvideo_android&bean=mgspad&tid=android&conFee=0&encrypt=bd2cb8fea6daca3a456adbff411624c5&sv=10004&ct=android
陕西银龄,http://hlszymgsplive.miguvideo.com:8080/migu/kailu/sxylpd/51/20250804/index.m3u8?msisdn=2be6b2ec9fcf10d2c2457e2c710e172c&mdspid=&spid=600572&netType=0&sid=5910022191&pid=2028597139&timestamp=20260702160217&Channel_ID=0116_2600034600-99000-201600010010028&ProgramID=956909362&ParentNodeID=-99&assertID=5910022191&client_ip=171.8.79.254&SecurityKey=20260702160217&promotionId=&mvid=5900006714&mcid=500020&playurlVersion=WX-A1-9.6.1.6-SNAPSHOT&userid=&jmhm=&videocodec=h264&appCode=miguvideo_android&bean=mgspad&tid=android&conFee=0&encrypt=ba2c766760612c4683572b62232663b9&sv=10004&ct=android
玛纳斯,http://218.84.127.245:1026/hls/main1/playlist.m3u8?zxinjd
宜兴新闻综合,http://hlszymgsplive.miguvideo.com:8080/migu/kailu/yxxwzh/51/20250604/index.m3u8?msisdn=2be6b2ec9fcf10d2c2457e2c710e172c&mdspid=&spid=699067&netType=0&sid=5910022179&pid=2028597139&timestamp=20260702160216&Channel_ID=0116_2600034600-99000-201600010010028&ProgramID=955227996&ParentNodeID=-99&assertID=5910022179&client_ip=171.8.79.254&SecurityKey=20260702160216&promotionId=&mvid=5900006707&mcid=500020&playurlVersion=WX-A1-9.6.1.6-SNAPSHOT&userid=&jmhm=&videocodec=h264&appCode=miguvideo_android&bean=mgspad&tid=android&conFee=0&encrypt=37f376fa7e401fb0e6ac391bff23d34d&sv=10004&ct=android
靖江新闻综合,http://ls.qingting.fm/live/23797.m3u8
熊猫01,http://hlszymgsplive.miguvideo.com:8080/ws_x/2018/xiongmao/HD/2000/index.m3u8?msisdn=2be6b2ec9fcf10d2c2457e2c710e172c&mdspid=&spid=699004&netType=0&sid=2202634723&pid=2028597139&timestamp=20260702160222&Channel_ID=0116_2600034600-99000-201600010010028&ProgramID=609158151&ParentNodeID=-99&assertID=2202634723&client_ip=171.8.79.254&SecurityKey=20260702160222&promotionId=&mvid=2202634723&mcid=500020&playurlVersion=WX-A1-9.6.1.6-SNAPSHOT&userid=&jmhm=&videocodec=h264&appCode=miguvideo_android&bean=mgspad&tid=android&conFee=0&encrypt=c958cf6140ec8ec45d7c215a342dcaba&sv=10004&ct=android
汶川新闻综合,http://live.iwcmt.cn:90/live/zhxw.m3u8
灌阳新闻综合,https://ls.qingting.fm/live/5043/64k.m3u8
伊犁经济法制,http://110.153.180.106:55555/out_4/index.m3u8
伊犁哈萨克,http://110.153.180.106:55555/out_3/index.m3u8?zxinjd
伊犁经济法制,http://110.153.180.106:55555/out_4/index.m3u8?zxinjd
广安公共,http://live1.gatv.com.cn:85/live/GGPD_ggpdzm.m3u8
Khushboo Bangla,https://cdn-4.pishow.tv/live/1473/master.m3u8
奎屯汉语,http://218.84.12.186:8001/hls/main/playlist.m3u8?zxinjd
HBO SIGNATURE,https://d1k6kax80wecy5.cloudfront.net/RLnAKY/index.m3u8
哈尔滨都市咨询,http://stream.hrbtv.net/zxpd/sd/live.m3u8?zheild
嘉峪关综合,http://play.kankanlive.com/live/1720583434627241.m3u8
张掖新闻综合,https://play.kankanlive.com/live/1720583434627241.m3u8
数码时代,http://ali-m-l.cztv.com/channels/lantian/channel12/720p.m3u8?zzhed
渭源新闻,http://play.kankanlive.com/live/1720408280309109.m3u8
西藏山南浪卡子县鲁日拉景观,https://gcalic.v.myalicdn.com/gc/hkts07_1/index.m3u8
白银综合,http://play.kankanlive.com/live/1720408089419110.m3u8
余杭未来E,http://l.cztvcloud.com/channels/lantian/SXyuhang3/720p.m3u8
❌重庆渝中李子坝,https://gcalic.v.myalicdn.com/gc/ylh04_1/index.m3u8
苏州文化生活,https://live-auth.51kandianshi.com/szgd/csztv3.m3u8
青川综合,http://qcfile.qcrmt.com/nmip-media/channellive/channel100933/playlist.m3u8
北京密云古水北镇,https://gcalic.v.myalicdn.com/gc/dlst03_1/index.m3u8
陕西渭南蒲城县中心广场,https://gcalic.v.myalicdn.com/gc/hsxksqj_1/index.m3u8
❌青海省祁连山国家公园,https://gcalic.v.myalicdn.com/gc/emspxps_1/index.m3u8
浙江乌镇西市河,https://gcalic.v.myalicdn.com/gc/zjwzbblh_1/index.m3u8
❌山西大同鼓楼,https://gcalic.v.myalicdn.com/gc/emswfs_1/index.m3u8
❌山西晋城釜山泫水湖,https://gcalic.v.myalicdn.com/gc/zh02_1/index.m3u8
❌北京门头沟清水镇黄安坨村,https://gcalic.v.myalicdn.com/gc/lpsgmjng01_1/index.m3u8
❌乐山大佛全景,https://gcalic.v.myalicdn.com/gc/lsdfgfl_1/index.m3u8
沈阳辽宁浑河桥,https://gcalic.v.myalicdn.com/gc/ljgcdsc_1/index.m3u8
❌西藏林芝工布江达县岷山错高民宿,https://gcalic.v.myalicdn.com/gc/zjjybf_1/index.m3u8
邢台生活,https://jwcdnqx.hebyun.com.cn/live/xtcsshpd/1500k/tzwj_video.m3u8
❌河南南阳方城德云山景区,https://gcalic.v.myalicdn.com/gc/ztd_1/index.m3u8
浙江舟山嵊泗县中心渔港,https://gcalic.v.myalicdn.com/gc/emsyh_1/index.m3u8
❌云南丽江古城大研花巷观景,https://gcalic.v.myalicdn.com/gc/ljgcdyhxgjt_1/index.m3u8
熊猫9,http://hlszymgsplive.miguvideo.com:8080/envivo_x/2018/SD/xiongmao09/1000/index.m3u8?msisdn=2be6b2ec9fcf10d2c2457e2c710e172c&mdspid=&spid=699004&netType=0&sid=2200192899&pid=2028597139&timestamp=20260702160224&Channel_ID=0116_2600034600-99000-201600010010028&ProgramID=609169226&ParentNodeID=-99&assertID=2200192899&client_ip=171.8.79.254&SecurityKey=20260702160224&promotionId=&mvid=2200192899&mcid=500020&playurlVersion=WX-A1-9.6.1.6-SNAPSHOT&userid=&jmhm=&videocodec=h264&appCode=miguvideo_android&bean=mgspad&tid=android&conFee=0&encrypt=8fc759e80b418be8c6f91133a999920b&sv=10004&ct=android
太谷新闻综合,https://p2.vzan.com/slowlive/596867413819827251/live.m3u8?zbid=1725814272&tpid=1516989100&type=0
江苏南京玄武湖公园,https://gcalic.v.myalicdn.com/gc/xwh01_1/index.m3u8
云南普洱景东县无量山羊山瀑布,https://gcalic.v.myalicdn.com/gc/blg05_1/index.m3u8
广东深圳福田红树林,https://gcalic.v.myalicdn.com/gc/djyqyl1_1/index.m3u8
❌安徽黟县芦村远眺,https://gcalic.v.myalicdn.com/gc/yxlcyt_1/index.m3u8
❌陕西西安长安三河水库,https://gcalic.v.myalicdn.com/gc/ahhs01_1/index.m3u8
❌西藏林芝南迦巴瓦,https://gcalic.v.myalicdn.com/gc/jhs05_1/index.m3u8
❌云南大理无量樱花谷,https://gcalic.v.myalicdn.com/gc/taishan01_1/index.m3u8
❌河南鹤壁浚县古城景区北城门,https://gcalic.v.myalicdn.com/gc/hlzycc_1/index.m3u8
陕西西安大雁塔,https://gcalic.v.myalicdn.com/gc/hkylxs01_1/index.m3u8
❌云南大理南涧县无量村古树茶园,https://gcalic.v.myalicdn.com/gc/ztn_1/index.m3u8
陕西渭南潼关县东山景区,https://gcalic.v.myalicdn.com/gc/hkylxs03_1/index.m3u8
安徽宣城溪桃大桥,https://gcalic.v.myalicdn.com/gc/zjjbfh_1/index.m3u8
新疆天山天池马牙山,https://gcalic.v.myalicdn.com/gc/hkylxs05_1/index.m3u8
❌云南丽江古城万古楼遥望玉龙雪山,https://gcalic.v.myalicdn.com/gc/ljgcwglytylxs_1/index.m3u8
黑龙江哈尔滨霁虹桥,https://gcalic.v.myalicdn.com/gc/hkts09_1/index.m3u8
河北承德金山岭长城,https://gcalic.v.myalicdn.com/gc/hkts03_1/index.m3u8
句容生活,http://jrlive.jrntv.com/live/_definst_/shenghuos/playlist.m3u8?%E5%85%B3%E6%B3%A8%E5%BE%AE%E4%BF%A1%E5%85%AC%E4%BC%97%E5%8F%B7[%E6%99%B4%E5%9B%AD]
❌黑龙江萝北县嘟噜河省级自然保护区,https://gcalic.v.myalicdn.com/gc/taishan03_1/index.m3u8
云南保山板桥镇青龙街,https://gcalic.v.myalicdn.com/gc/ylxs12_1/index.m3u8
湖州公共民生,http://hzcm-live.media.hugd.com/1e6b554b9ab74513958c0e1ffe664d22/9acaa7634309494cb29a85eb12136607.m3u8?auth_key=2272900830-9a2389b8bf4e49d580d4ad807423d326-0-ea78a5c7a678c436263582d368f5009e
苏州生活资讯,https://live-auth.51kandianshi.com/szgd/csztv5.m3u8
武术,https://dxtx.hntv.tv/live/wssj.m3u8?txSecret=c38b4d31ba4c45c6babb5c47132123e3&txTime=7ABB976A&wsSecret=ee13ff40555eaf3b21b8e4e84b0b3169&wsTime=1782993623
公共,http://tvcdn.stream3.hndt.com/tv/65b93894017e10000ae6b07d00000000_transios/playlist.m3u8?wsSecret=0d5d7099ad5ae41edcd9c8b30ac34cf3&wsTime=1782993623
新闻,http://tvcdn.stream3.hndt.com/tv/65bb6966017e100059b75a8500000000_transios/playlist.m3u8?wsSecret=25ce3faff3eb87b88a50e2671cf1e7be&wsTime=1782993623
云南保山比顿咖啡产业文化园,https://gcalic.v.myalicdn.com/gc/zyqcdx01_1/index.m3u8
陕西咸阳乾陵景区,https://gcalic.v.myalicdn.com/gc/taishan02_1/index.m3u8
浙江乌镇白莲塔,https://gcalic.v.myalicdn.com/gc/zjwzblt_1/index.m3u8
甘肃敦煌月牙泉,https://gcalic.v.myalicdn.com/gc/dhyyqst_1/index.m3u8
苏州社会经济,https://live-auth.51kandianshi.com/szgd/csztv2.m3u8
湖南邵阳莨山八角寨,https://gcalic.v.myalicdn.com/gc/hkts02_1/index.m3u8
❌江苏徐州之夜,https://gcalic.v.myalicdn.com/gc/hspyt_1/index.m3u8
云南昆明寻甸县城区,https://gcalic.v.myalicdn.com/gc/mdjxxmhjyxj_1/index.m3u8
陕西渭南韩城市党家村景区,https://gcalic.v.myalicdn.com/gc/gly01_1/index.m3u8
云南红河民族风情旅游月亮小镇,https://gcalic.v.myalicdn.com/gc/hsyg_1/index.m3u8
山东济南趵突泉,https://gcalic.v.myalicdn.com/gc/wgw03_1/index.m3u8
浙江乌镇蓝印花布,https://gcalic.v.myalicdn.com/gc/zjwzlyhb_1/index.m3u8
宜兴新闻,http://yixing-tv-ori-hls.jstv.com/yixing-tv-ori/yixing_xw.m3u8
环球电视,http://utv1.hqtvzb.com:9999/hls/world.m3u8
江苏宿迁骆马湖罗曼园,https://gcalic.v.myalicdn.com/gc/ljgcszsnkgc_1/index.m3u8
梨园,https://dxtx.hntv.tv/live/lypd.m3u8?txSecret=10c771842a0be59e8b575d765173ec96&txTime=7B923E0A&wsSecret=41543190cdf375f1c73207222bb96542&wsTime=1769313549
旺苍新闻综合,http://channel.wcrmt.cn:80/nmip-media/channellive/channel105268/playlist.m3u8
睛彩中原,https://dxtx.hntv.tv/live/jczy.m3u8?txSecret=e785008e49564e5e738439b4dd2ae68e&txTime=7C4C6207&wsSecret=c76dcfcdbd31d3b76473e7a16b45d8d1&wsTime=1782993623
荥经综合,https://file.ysxtv.cn/nmip-media/channellive/channel101492/playlist.m3u8
❌望乡,https://gcalic.v.myalicdn.com/gc/hlwxt_1/index.m3u8
云霄综合,https://live.zzyxxw.com:2443/live/xwzh.m3u8
甘南县综合,https://stream.hrbtv.net/zxpd/sd/live.m3u8
象山综合,http://play-sh13.quklive.com/live/1702360350551252.m3u8?auth_key=2037107484-800189c57a5a44d3b823b60cf84f6756-0-a6f6828a62d5c167cff5e68735fa0d39
武进新闻,https://live.wjyanghu.com/live/CH1.m3u8
都市,http://tvcdn.stream3.hndt.com/tv/65c3fbc5017e1000fde13faa00000000_transios/playlist.m3u8?wsSecret=393730d7aa9cb761a2691825fa82c6eb&wsTime=1782993623
❌云南大理云南驿茶马古道,https://gcalic.v.myalicdn.com/gc/tyhjtys_1/index.m3u8
句容影院,http://jrlive.jrntv.com/live/_definst_/yingshis/chunklist_w1994429382.m3u8?zjiangsd
长白朝语,http://hplayer1.juyun.tv:80/camera/11344136.m3u8
❌陕西西安阎良关山石川河风景区,https://gcalic.v.myalicdn.com/gc/nss01_1/index.m3u8
❌五彩池,https://gcalic.v.myalicdn.com/gc/hlwcc_1/index.m3u8
可克达拉综合,http://file.loulannews.cn/nmip-media/channellive/channel103824/playlist.m3u8
❌广西桂林漓江景区,https://gcalic.v.myalicdn.com/gc/gllj01_1/index.m3u8
西藏林芝米林岷山彩门民宿,https://gcalic.v.myalicdn.com/gc/hkylxs06_1/index.m3u8
❌河南商丘永城市日月湖景区,https://gcalic.v.myalicdn.com/gc/hgsspzxdpb_1/index.m3u8
内蒙古乌审旗萨拉乌苏考古遗迹公园,https://gcalic.v.myalicdn.com/gc/taishan06_1/index.m3u8
直播中国,https://gcalic.v.myalicdn.com/gc/wgw05_1/index.m3u8?contentid=2820180516001
BWF 陈子亦/贾士贤零封！詹俊为进正赛 【回放】基克利茨21古莱亚（杨妮娜） 21:00,http://hlszymgspvod.miguvideo.com:8080/depository_eos_wxlz04/asset/zhengshi/5106/623/814/5106623814/media/5106623814_5338642724_56.mp4.m3u8?msisdn=2be6b2ec9fcf10d2c2457e2c710e172c&mdspid=&spid=800033&netType=0&sid=5701800781&pid=2028597139&timestamp=20260702160228&Channel_ID=0116_2600034600-99000-201600010010028&ProgramID=965841441&ParentNodeID=-99&assertID=5701800781&client_ip=171.8.79.254&SecurityKey=20260702160228&promotionId=&mvid=5106623814&mcid=1003&mpid=120000581722&playurlVersion=WX-A1-9.6.1.6-SNAPSHOT&userid=&jmhm=&videocodec=h264&appCode=miguvideo_android&bean=mgspad&tid=android&conFee=0&encrypt=e3741d4fd1b644231610cdd39e8d6b9c&sv=10004&ct=android
云南德宏勐焕大金塔,https://gcalic.v.myalicdn.com/gc/dhyyqsm_1/index.m3u8
BWF 陈子亦/贾士贤零封！詹俊为进正赛 【回放】林嘉彦/林永晟02克里斯托弗/马修（轩子博） 21:00,http://hlszymgspvod.miguvideo.com:8080/depository_eos_wxlz04/asset/zhengshi/5106/623/816/5106623816/media/5106623816_5338674168_594.mg001.mp4.m3u8?msisdn=2be6b2ec9fcf10d2c2457e2c710e172c&mdspid=&spid=800033&netType=0&sid=5701801492&pid=2028597139&timestamp=20260702160229&Channel_ID=0116_2600034600-99000-201600010010028&ProgramID=965862127&ParentNodeID=-99&assertID=5701801492&client_ip=171.8.79.254&SecurityKey=20260702160229&promotionId=&mvid=5106623816&mcid=1003&mpid=120000581722&playurlVersion=WX-A1-9.6.1.6-SNAPSHOT&userid=&jmhm=&videocodec=h265&appCode=miguvideo_android&bean=mgspad&tid=android&conFee=0&encrypt=e5cce5496897feb8d1a8eb5f39d2a08c&sv=10004&ct=android
番禺综合,http://video.epaper.pybtv.cn:8080/live/rtmp_live_demo.flv
青海门源仙米国家森林公园,https://gcalic.v.myalicdn.com/gc/mdjxxdsb_1/index.m3u8
云南普洱澜沧县景迈山,https://gcalic.v.myalicdn.com/gc/tms05_1/index.m3u8
熊猫1,http://hlszymgsplive.miguvideo.com:8080/envivo_x/2018/SD/xiongmao01/1000/index.m3u8?msisdn=2be6b2ec9fcf10d2c2457e2c710e172c&mdspid=&spid=699004&netType=0&sid=2200200699&pid=2028597139&timestamp=20260702160223&Channel_ID=0116_2600034600-99000-201600010010028&ProgramID=608933610&ParentNodeID=-99&assertID=2200200699&client_ip=171.8.79.254&SecurityKey=20260702160223&promotionId=&mvid=2200200699&mcid=500020&playurlVersion=WX-A1-9.6.1.6-SNAPSHOT&userid=&jmhm=&videocodec=h264&appCode=miguvideo_android&bean=mgspad&tid=android&conFee=0&encrypt=7c9a64b9cc12930bbf4737e7196f78c1&sv=10004&ct=android
剑阁综合,https://m3u8.channel.dzsm.com/nmip-media/channellive/channel105549/playlist.m3u8
广元公共,https://m3u8.channel.dzsm.com/nmip-media/channellive/channel101257/playlist.m3u8
❌西藏日喀则珠穆朗玛峰,https://gcalic.v.myalicdn.com/gc/qdls02_1/index.m3u8
江苏国际,http://hlszymgsplive.miguvideo.com:8080/wd_r2/jstv/jsguoji/600/index.m3u8?msisdn=2be6b2ec9fcf10d2c2457e2c710e172c&mdspid=&spid=699067&netType=0&sid=5500260577&pid=2028597139&timestamp=20260702160212&Channel_ID=0116_2600034600-99000-201600010010028&ProgramID=626064674&ParentNodeID=-99&assertID=5500260577&client_ip=171.8.79.254&SecurityKey=20260702160212&promotionId=&mvid=5100186482&mcid=500020&playurlVersion=WX-A1-9.6.1.6-SNAPSHOT&userid=&jmhm=&videocodec=h264&appCode=miguvideo_android&bean=mgspad&tid=android&conFee=0&encrypt=36b0c688689cb65ba1ada075bf165ac9&sv=10004&ct=android
熊猫8,http://hlszymgsplive.miguvideo.com:8080/envivo_x/2018/SD/xiongmao08/1000/index.m3u8?msisdn=2be6b2ec9fcf10d2c2457e2c710e172c&mdspid=&spid=699004&netType=0&sid=2200192881&pid=2028597139&timestamp=20260702160224&Channel_ID=0116_2600034600-99000-201600010010028&ProgramID=609169287&ParentNodeID=-99&assertID=2200192881&client_ip=171.8.79.254&SecurityKey=20260702160224&promotionId=&mvid=2200192881&mcid=500020&playurlVersion=WX-A1-9.6.1.6-SNAPSHOT&userid=&jmhm=&videocodec=h264&appCode=miguvideo_android&bean=mgspad&tid=android&conFee=0&encrypt=68dd5d48b733e2c745c0f7689abb79f6&sv=10004&ct=android
熊猫3,http://hlszymgsplive.miguvideo.com:8080/envivo_x/2018/SD/xiongmao03/1000/index.m3u8?msisdn=2be6b2ec9fcf10d2c2457e2c710e172c&mdspid=&spid=699004&netType=0&sid=2200200738&pid=2028597139&timestamp=20260702160223&Channel_ID=0116_2600034600-99000-201600010010028&ProgramID=608934619&ParentNodeID=-99&assertID=2200200738&client_ip=171.8.79.254&SecurityKey=20260702160223&promotionId=&mvid=2200200738&mcid=500020&playurlVersion=WX-A1-9.6.1.6-SNAPSHOT&userid=&jmhm=&videocodec=h264&appCode=miguvideo_android&bean=mgspad&tid=android&conFee=0&encrypt=152879c935250547a8c1e9381ebcb0c3&sv=10004&ct=android
合肥新闻,http://112.27.235.94:8000/hls/18/index.m3u8
长影,http://tpc.x3322.net:9901/tsfile/live/1010_1.m3u8
陕西秦腔,http://112.46.105.20:8009/hls/22/index.m3u8
河南乡村,http://tvcdn.stream3.hndt.com/tv/65b8302b017e100019dc540f00000000_transios/playlist.m3u8?wsSecret=f136dcd32ca9113fdf1fa51fb78335af&wsTime=1782993623
电视剧,http://tvcdn.stream3.hndt.com/tv/65bd329b017e1000648cd2ed00000000_transios/playlist.m3u8?wsSecret=18d5e42a6cad8c3b44b1ffd2cfc36a6c&wsTime=1782993623
法治,http://tvcdn.stream3.hndt.com/tv/65be54a9017e1000af59fb4800000000_transios/playlist.m3u8?wsSecret=10f13b986fde324792a698fcd536653b&wsTime=1782993623
民生,http://tvcdn.stream3.hndt.com/tv/65bef28a017e10009c49d5f900000000_transios/playlist.m3u8?wsSecret=3aa48b01dc29bfec50c3b9966dcce210&wsTime=1782993623
❌贵州遵义赤水大瀑布,https://gcalic.v.myalicdn.com/gc/zjjsrsm_1/index.m3u8
名山综合,https://m3u8channel-bx.yunxya.com/nmip-media/channellive/channel104666/playlist.m3u8
安徽黄山飞来石,https://gcalic.v.myalicdn.com/gc/hsptgy_1/index.m3u8
贵州黔东南加榜梯田,https://gcalic.v.myalicdn.com/gc/qdls03_1/index.m3u8
新疆昌吉州天山天池海西平,https://gcalic.v.myalicdn.com/gc/drs01_1/index.m3u8
海宁新闻综合,https://p2hs.vzan.com/slowlive/317913155078575177/live.m3u8
❌云南保山隆阳区拦河坝水库,https://gcalic.v.myalicdn.com/gc/sgns02_1/index.m3u8
❌安徽黟县西递牌坊,https://gcalic.v.myalicdn.com/gc/yxxdpf_1/index.m3u8
嵊泗综合,http://l.cztvcloud.com/channels/lantian/SXshengsi1/720p.m3u8
上虞文化影院,http://l.cztvcloud.com/channels/lantian/SXshangyu2/720p.m3u8
安徽黄山卧云峰,http://gctxyc.liveplay.myqcloud.com/gc/wgw02_1/index.m3u8
西峰综合,https://play.kankanlive.com/live/1683944827526991.m3u8
句容党建,http://jrlive.jrntv.com/live/_definst_/dangjians/playlist.m3u8?%E5%85%B3%E6%B3%A8%E5%BE%AE%E4%BF%A1%E5%85%AC%E4%BC%97%E5%8F%B7[%E6%99%B4%E5%9B%AD]
浙江乌镇龙形田,https://gcalic.v.myalicdn.com/gc/zjwzlxt_1/index.m3u8
广德生活,https://live.gdtv.ah.cn/live/newsTV.m3u8
象视界,http://tvcdn.stream3.hndt.com/tv/d34d1a2b0178100022de972e00000000_transios/playlist.m3u8?wsSecret=8772dc2dc1c025a556e8dd94f6dcd2f5&wsTime=1782993623
❌北京黄花城水长城,https://gcalic.v.myalicdn.com/gc/wgw01_1/index.m3u8
新疆昌吉州天山天池定海神针,http://gctxyc.liveplay.myqcloud.com/gc/xjtcdhsz_1/index.m3u8
云南西双版纳千年古寨曼丢,https://gcalic.v.myalicdn.com/gc/fcw03_1/index.m3u8
❌江苏无锡大剧院,https://gcalic.v.myalicdn.com/gc/taishan05_1/index.m3u8
雅安新闻综合,https://play.yunxya.com/channellive/xinwen.m3u8
旅游卫视,http://111.8.224.6:9999/tsfile/live/1028_1.m3u8?key=txiptv&playlive=1&authid=0
汾西综合,https://qmmqvzoz.live.sxmty.com/live/hls/f24f8a390c084386a564074c9260100c/be3fdf07606145739ab2c4b80fe0136a.m3u8?zshanxd
武进生活,http://live.wjyanghu.com/live/CH2.m3u8
福建南平武夷山玉女峰,https://gcalic.v.myalicdn.com/gc/wysynf_1/index.m3u8
❌湖南邵阳崀山骆驼峰,https://gcalic.v.myalicdn.com/gc/dlst01_1/index.m3u8
陕西西安钟楼,https://gcalic.v.myalicdn.com/gc/blg03_1/index.m3u8
井研综合,http://tvfile.jyrmt.cn/nmip-media/channellive/channel104452/playlist.m3u8
❌河南焦作云台山红石峡,https://gcalic.v.myalicdn.com/gc/pts01_1/index.m3u8
缙云综合,http://l.cztvcloud.com/channels/lantian/SXjinyun1/720p.m3u8?zzhed
萧山综合,http://l.cztvcloud.com/channels/lantian/SXxiaoshan1/720p.m3u8
武乡新闻综合,http://uzoiczhh.live.sxmty.com/live/hls/0d41f1480c4042d49927858f01fde707/53130407737b417b9a6259b57246bae3.m3u8?zshanxd
武义新闻综合,http://l.cztvcloud.com/channels/lantian/SXwuyi1/720p.m3u8
庆元新闻综合,http://l.cztvcloud.com/channels/lantian/SXqingyuan1/720p.m3u8?fbl=
新昌生活,http://l.cztvcloud.com/channels/lantian/SXxinchang2/720p.m3u8
松阳综合,http://l.cztvcloud.com/channels/lantian/SXsongyang1/720p.m3u8
余姚综合,https://l.cztvcloud.com/channels/lantian/SXyuyao1/720p.m3u8
遂昌综合,http://l.cztvcloud.com/channels/lantian/SXsuichang1/720p.m3u8?zzhed
文成综合,http://l.cztvcloud.com/channels/lantian/SXwencheng1/720p.m3u8?zzhed?
余杭综合,http://l.cztvcloud.com/channels/lantian/SXyuhang1/720p.m3u8
云和新闻综合,http://l.cztvcloud.com/channels/lantian/SXyunhe1/720p.m3u8
诸暨新闻综合,https://l.cztvcloud.com/channels/lantian/SXzhuji3/720p.m3u8
开化新闻综合,http://l.cztvcloud.com/channels/lantian/SXkaihua1/720p.m3u8?zzhed
浙江遂昌,http://l.cztvcloud.com/channels/lantian/SXsuichang1/720p.m3u8
上虞新闻综合,http://l.cztvcloud.com/channels/lantian/SXshangyu1/720p.m3u8?zzhed
洞头综合,http://l.cztvcloud.com/channels/lantian/SXdongtou1/720p.m3u8
余姚姚江文化,https://l.cztvcloud.com/channels/lantian/SXyuyao3/720p.m3u8
新昌新闻综合,https://l.cztvcloud.com/channels/lantian/SXxinchang1/720p.m3u8
◆◆◆　https://raw.githubusercontent.com/adminouyang/231006/refs/heads/main/py/%E4%BC%98%E8%B4%A8%E6%BA%90/output/ipv4/result.txt
CCTV1,http://222.130.32.10:7788/608807420
老故事,http://hlsztemgsplive.miguvideo.com:8080/migu/kailu/cctvlaogushi/50/20231109/index.m3u8?msisdn=2be6b2ec9fcf10d2c2457e2c710e172c&mdspid=&spid=699004&netType=0&sid=5910022002&pid=2028597139&timestamp=20260718040220&Channel_ID=0116_2600034600-99000-201600010010028&ProgramID=884121956&ParentNodeID=-99&assertID=5910022002&client_ip=171.8.79.254&SecurityKey=20260718040220&promotionId=&mvid=5900006372&mcid=500020&playurlVersion=WX-A1-9.6.1.6-SNAPSHOT&userid=&jmhm=&videocodec=h264&appCode=miguvideo_android&bean=mgspad&tid=android&conFee=0&encrypt=5ed684e9f1ff00d1f0997398af1e34f6&sv=10004&ct=android
老故事,http://gslbmgsplive.miguvideo.com/migu/kailu/cctvlaogushi/50/20231109/index.m3u8?msisdn=6bdb4885c67b6de0d07266479e8f5b30&mdspid=&spid=699004&netType=0&sid=5910022002&pid=2028597139&timestamp=20260718052035&Channel_ID=0116_2600034600-99000-201600010010028&ProgramID=884121956&ParentNodeID=-99&assertID=5910022002&client_ip=39.103.182.111&SecurityKey=20260718052035&promotionId=&mvid=5900006372&mcid=500020&playurlVersion=WX-A1-9.6.1.6-SNAPSHOT&userid=&jmhm=&videocodec=h264&appCode=miguvideo_android&bean=mgspad&tid=android&conFee=0&puData=cd7afb2fa01aadd18df2a182348f4354&ddCalcu=4c5dv37a4alffa8b423f2a8011aa2afddd81&sv=10004&ct=android
CGTN PYCCHNN,http://222.130.32.10:7788/609006446
CGTN PYCCHNN,http://182.127.153.119:1234/609006446
CGTN PYCCHNN,http://101.6.130.52:1234/609006446
CGTN PYCCHNN,http://110.154.192.66:7788/609006446
CGTN PYCCHNN,http://gslbmgsplive.miguvideo.com/envivo_v/2018/SD/cctv/eyu/1000/index.m3u8?msisdn=87bb43b308f93f478ed7e84e501c6622&mdspid=&spid=699004&netType=0&sid=2200179332&pid=2028597139&timestamp=20260718052035&Channel_ID=0116_2600034600-99000-201600010010028&ProgramID=609006446&ParentNodeID=-99&assertID=2200179332&client_ip=39.103.182.111&SecurityKey=20260718052035&promotionId=&mvid=2200179332&mcid=500020&playurlVersion=WX-A1-9.6.1.6-SNAPSHOT&userid=&jmhm=&videocodec=h264&appCode=miguvideo_android&bean=mgspad&tid=android&conFee=0&puData=81d38199cb6fc4bedba870a863e100d2&ddCalcu=28d1v0da03y18ae139698cab067f8ca4bbde&sv=10004&ct=android
CGTN PYCCHNN,http://223.247.25.221:1234/609006446
CGTN PYCCHNN,http://14.153.176.108:1234/609006446
CGTN PYCCHNN,http://119.88.243.98:17231/609006446
CGTN PYCCHNN,http://116.236.204.18:1234/609006446
CGTN PYCCHNN,http://27.12.12.183:1234/609006446
CGTN PYCCHNN,http://116.52.173.5:1234/609006446
CGTN PYCCHNN,http://russian-livews.cgtn.com/hls/LSvexABhNipibK5KRuUkvHZ7220802LSTeze9o8tdFXMHsb1VosgoT220802cd.m3u8
CGTN FRANCAIS,http://222.130.32.10:7788/609006476
CGTN FRANCAIS,http://101.6.130.52:1234/609006476
CGTN FRANCAIS,http://110.154.192.66:7788/609006476
CGTN FRANCAIS,http://182.127.153.119:1234/609006476
CGTN FRANCAIS,http://gslbmgsplive.miguvideo.com/envivo_v/2018/SD/cctv/fayu/1000/index.m3u8?msisdn=9b75b354baab71f907f3f879ac077566&mdspid=&spid=699004&netType=0&sid=2200179324&pid=2028597139&timestamp=20260718052035&Channel_ID=0116_2600034600-99000-201600010010028&ProgramID=609006476&ParentNodeID=-99&assertID=2200179324&client_ip=39.103.182.111&SecurityKey=20260718052035&promotionId=&mvid=2200179324&mcid=500020&playurlVersion=WX-A1-9.6.1.6-SNAPSHOT&userid=&jmhm=&videocodec=h264&appCode=miguvideo_android&bean=mgspad&tid=android&conFee=0&puData=e99b7b5a786967430449f41f5ab851bb&ddCalcu=beb9v19a5by87abba55af71846f996474403&sv=10004&ct=android
CGTN FRANCAIS,http://223.247.25.221:1234/609006476
CGTN FRANCAIS,http://14.153.176.108:1234/609006476
CGTN FRANCAIS,http://119.88.243.98:17231/609006476
CGTN FRANCAIS,http://116.236.204.18:1234/609006476
CGTN FRANCAIS,http://116.52.173.5:1234/609006476
CGTN FRANCAIS,http://27.12.12.183:1234/609006476
CGTN FRANCAIS,http://espanol-liveali.cgtn.com/hls/LSveOGBaBw41Ea7ukkVAUdKQ220802LSTexu6xAuFH8VZNBLE1ZNEa220802cd.m3u8
CGTN ESPANOL,http://hlsztemgsplive.miguvideo.com:8080/envivo_v/2018/SD/cctv/xibanya/1000/index.m3u8?msisdn=2be6b2ec9fcf10d2c2457e2c710e172c&mdspid=&spid=699004&netType=0&sid=2200179337&pid=2028597139&timestamp=20260718040219&Channel_ID=0116_2600034600-99000-201600010010028&ProgramID=609006450&ParentNodeID=-99&assertID=2200179337&client_ip=171.8.79.254&SecurityKey=20260718040219&promotionId=&mvid=2200179337&mcid=500020&playurlVersion=WX-A1-9.6.1.6-SNAPSHOT&userid=&jmhm=&videocodec=h264&appCode=miguvideo_android&bean=mgspad&tid=android&conFee=0&encrypt=2b69e579f7da3632cd590b9e3584b57a&sv=10004&ct=android
CGTN ESPANOL,http://222.130.32.10:7788/609006450
CGTN ESPANOL,http://182.127.153.119:1234/609006450
CGTN ESPANOL,http://101.6.130.52:1234/609006450
CGTN ESPANOL,http://110.154.192.66:7788/609006450
CGTN ESPANOL,http://gslbmgsplive.miguvideo.com/envivo_v/2018/SD/cctv/xibanya/1000/index.m3u8?msisdn=e134dfc766191fc9e74f44edc1f0547c&mdspid=&spid=699004&netType=0&sid=2200179337&pid=2028597139&timestamp=20260718052035&Channel_ID=0116_2600034600-99000-201600010010028&ProgramID=609006450&ParentNodeID=-99&assertID=2200179337&client_ip=39.103.182.111&SecurityKey=20260718052035&promotionId=&mvid=2200179337&mcid=500020&playurlVersion=WX-A1-9.6.1.6-SNAPSHOT&userid=&jmhm=&videocodec=h264&appCode=miguvideo_android&bean=mgspad&tid=android&conFee=0&puData=ac31f75d5738f2e95a184438b8de8e68&ddCalcu=8a6cve3a81yefad785bd853743488f12ae59&sv=10004&ct=android
CGTN ESPANOL,http://223.247.25.221:1234/609006450
CGTN ESPANOL,http://14.153.176.108:1234/609006450
CGTN ESPANOL,http://119.88.243.98:17231/609006450
CGTN ESPANOL,http://116.236.204.18:1234/609006450
CGTN ESPANOL,http://116.52.173.5:1234/609006450
CGTN ESPANOL,http://27.12.12.183:1234/609006450
CGTN DOCUMENTARY,http://222.130.32.10:7788/609006487
CGTN DOCUMENTARY,http://101.6.130.52:1234/609006487
CGTN DOCUMENTARY,http://110.154.192.66:7788/609006487
CGTN DOCUMENTARY,http://182.127.153.119:1234/609006487
CGTN DOCUMENTARY,http://gslbmgsplive.miguvideo.com/envivo_v/2018/SD/cctv/doc/1000/index.m3u8?msisdn=810c70ac4d6cbbebaf4d82ff0f5da2a5&mdspid=&spid=699004&netType=0&sid=2200179356&pid=2028597139&timestamp=20260718052033&Channel_ID=0116_2600034600-99000-201600010010028&ProgramID=609006487&ParentNodeID=-99&assertID=2200179356&client_ip=39.103.188.159&SecurityKey=20260718052033&promotionId=&mvid=2200179356&mcid=500020&playurlVersion=WX-A1-9.6.1.6-SNAPSHOT&userid=&jmhm=&videocodec=h264&appCode=miguvideo_android&bean=mgspad&tid=android&conFee=0&puData=982161a3cf158b4ae3268a507cbce5a2&ddCalcu=29a8v52ae1yc6ab1ca730c5fa185682b34ea&sv=10004&ct=android
CGTN DOCUMENTARY,http://223.247.25.221:1234/609006487
CGTN DOCUMENTARY,http://14.153.176.108:1234/609006487
CGTN DOCUMENTARY,http://119.88.243.98:17231/609006487
CGTN DOCUMENTARY,http://hlszymgsplive.miguvideo.com:8080/envivo_v/2018/SD/cctv/doc/1000/index.m3u8?msisdn=2be6b2ec9fcf10d2c2457e2c710e172c&mdspid=&spid=699004&netType=0&sid=2200179356&pid=2028597139&timestamp=20260718040219&Channel_ID=0116_2600034600-99000-201600010010028&ProgramID=609006487&ParentNodeID=-99&assertID=2200179356&client_ip=171.8.79.254&SecurityKey=20260718040219&promotionId=&mvid=2200179356&mcid=500020&playurlVersion=WX-A1-9.6.1.6-SNAPSHOT&userid=&jmhm=&videocodec=h264&appCode=miguvideo_android&bean=mgspad&tid=android&conFee=0&encrypt=1fe686d598c07d9963e626a8652f4b35&sv=10004&ct=android
CGTN DOCUMENTARY,http://116.236.204.18:1234/609006487
CGTN DOCUMENTARY,http://116.52.173.5:1234/609006487
CGTN DOCUMENTARY,http://27.12.12.183:1234/609006487
重温经典,https://other.ottiptv.cc/cwjd.m3u8
重温经典,http://8.138.7.223/tv/cwjd.php
山东教育卫视,http://222.130.32.10:7788/609154353
山东教育卫视,http://182.127.153.119:1234/609154353
山东教育卫视,http://101.6.130.52:1234/609154353
山东教育卫视,http://110.154.192.66:7788/609154353
山东教育卫视,http://14.153.176.108:1234/609154353
山东教育卫视,http://223.247.25.221:1234/609154353
山东教育卫视,http://119.88.243.98:17231/609154353
山东教育卫视,http://27.12.12.183:1234/609154353
山东教育卫视,http://116.236.204.18:1234/609154353
山东教育卫视,http://116.52.173.5:1234/609154353
IPTV综艺,http://hlsztemgsplive.miguvideo.com:8080/migu/kailu/zuiqiangzongyi/51/20250514/index.m3u8?msisdn=2be6b2ec9fcf10d2c2457e2c710e172c&mdspid=&spid=699004&netType=0&sid=5500315654&pid=2028597139&timestamp=20260718040233&Channel_ID=0116_2600034600-99000-201600010010028&ProgramID=629942228&ParentNodeID=-99&assertID=5500315654&client_ip=171.8.79.254&SecurityKey=20260718040233&promotionId=&mvid=5101034202&mcid=500020&playurlVersion=WX-A1-9.6.1.6-SNAPSHOT&userid=&jmhm=&videocodec=h264&appCode=miguvideo_android&bean=mgspad&tid=android&conFee=0&encrypt=c08697b2d8a63cf650d798d14b66be14&sv=10004&ct=android
IPTV综艺,http://222.130.32.10:7788/629942228
IPTV综艺,http://101.6.130.52:1234/629942228
IPTV综艺,http://110.154.192.66:7788/629942228
IPTV综艺,http://182.127.153.119:1234/629942228
IPTV综艺,http://223.247.25.221:1234/629942228
IPTV综艺,http://14.153.176.108:1234/629942228
IPTV综艺,http://119.88.243.98:17231/629942228
IPTV综艺,http://116.52.173.5:1234/629942228
IPTV综艺,http://116.236.204.18:1234/629942228
IPTV综艺,http://27.12.12.183:1234/629942228
IPTV中文国际,http://hlsztemgsplive.miguvideo.com:8080/migu/virtuallive2/5900002411/51/20210706/index.m3u8?msisdn=2be6b2ec9fcf10d2c2457e2c710e172c&mdspid=&spid=800033&netType=0&sid=5910019525&pid=2028597139&timestamp=20260718040231&Channel_ID=0116_2600034600-99000-201600010010028&ProgramID=713591450&ParentNodeID=-99&assertID=5910019525&client_ip=171.8.79.254&SecurityKey=20260718040231&promotionId=&mvid=5900002421&mcid=500020&playurlVersion=WX-A1-9.6.1.6-SNAPSHOT&userid=&jmhm=&videocodec=h264&appCode=miguvideo_android&bean=mgspad&tid=android&conFee=0&encrypt=5435b2e739b4bc4f0edc8c358b2221ab&sv=10004&ct=android
IPTV中文国际,http://222.130.32.10:7788/713591450
IPTV中文国际,http://101.6.130.52:1234/713591450
IPTV中文国际,http://110.154.192.66:7788/713591450
IPTV中文国际,http://182.127.153.119:1234/713591450
IPTV中文国际,http://gslbmgsplive.miguvideo.com/migu/virtuallive2/5900002411/51/20210706/index.m3u8?msisdn=7e537ca0494279a922a21eb8334a8d6e&mdspid=&spid=800033&netType=0&sid=5910019525&pid=2028597139&timestamp=20260718052105&Channel_ID=0116_2600034600-99000-201600010010028&ProgramID=713591450&ParentNodeID=-99&assertID=5910019525&client_ip=39.103.182.111&SecurityKey=20260718052105&promotionId=&mvid=5900002421&mcid=500020&playurlVersion=WX-A1-9.6.1.6-SNAPSHOT&userid=&jmhm=&videocodec=h264&appCode=miguvideo_android&bean=mgspad&tid=android&conFee=0&puData=cf4bf78e57b1215daac8a4d22ea80f01&ddCalcu=1c0fvf4a0by8faa7e82e25d74ba182c1a5ad&sv=10004&ct=android
IPTV中文国际,http://223.247.25.221:1234/713591450
IPTV中文国际,http://14.153.176.108:1234/713591450
IPTV中文国际,http://119.88.243.98:17231/713591450
IPTV中文国际,http://116.236.204.18:1234/713591450
IPTV中文国际,http://27.12.12.183:1234/713591450
IPTV中文国际,http://116.52.173.5:1234/713591450
IPTV体育,http://222.130.32.10:7788/629943305
IPTV体育,http://101.6.130.52:1234/629943305
IPTV体育,http://110.154.192.66:7788/629943305
IPTV体育,http://182.127.153.119:1234/629943305
IPTV体育,http://gslbmgsplive.miguvideo.com/migu/kailu/titanminglan/51/20250514/index.m3u8?msisdn=85ccf3d9501695b4c92dbd9bae852993&mdspid=&spid=699004&netType=0&sid=5500315687&pid=2028597139&timestamp=20260718052101&Channel_ID=0116_2600034600-99000-201600010010028&ProgramID=629943305&ParentNodeID=-99&assertID=5500315687&client_ip=39.103.188.159&SecurityKey=20260718052101&promotionId=&mvid=5101034219&mcid=500020&playurlVersion=WX-A1-9.6.1.6-SNAPSHOT&userid=&jmhm=&videocodec=h264&appCode=miguvideo_android&bean=mgspad&tid=android&conFee=0&puData=03755bb0ada51b11213a9bd5b52aede2&ddCalcu=20e3vd7ae5ba5a2b5bb05addba95a13b1121&sv=10004&ct=android
IPTV体育,http://223.247.25.221:1234/629943305
IPTV体育,http://14.153.176.108:1234/629943305
IPTV体育,http://119.88.243.98:17231/629943305
IPTV体育,http://116.236.204.18:1234/629943305
IPTV体育,http://116.52.173.5:1234/629943305
IPTV体育,http://27.12.12.183:1234/629943305
新动力量创一流,http://222.130.32.10:7788/713589837
新动力量创一流,http://101.6.130.52:1234/713589837
新动力量创一流,http://110.154.192.66:7788/713589837
新动力量创一流,http://182.127.153.119:1234/713589837
新动力量创一流,http://gslbmgsplive.miguvideo.com/migu/virtuallive2/5900002409/51/20210706/index.m3u8?msisdn=cc5d5ade31fbe98080b923223369915f&mdspid=&spid=800033&netType=0&sid=5910019523&pid=2028597139&timestamp=20260718052116&Channel_ID=0116_2600034600-99000-201600010010028&ProgramID=713589837&ParentNodeID=-99&assertID=5910019523&client_ip=39.103.188.159&SecurityKey=20260718052116&promotionId=&mvid=5900002419&mcid=500020&playurlVersion=WX-A1-9.6.1.6-SNAPSHOT&userid=&jmhm=&videocodec=h264&appCode=miguvideo_android&bean=mgspad&tid=android&conFee=0&puData=83f6bb9f03d49cc391d552f3478cb632&ddCalcu=2833v6fab6kcba8b794f30f32d5459dc1c93&sv=10004&ct=android
新动力量创一流,http://223.247.25.221:1234/713589837
新动力量创一流,http://14.153.176.108:1234/713589837
新动力量创一流,http://119.88.243.98:17231/713589837
新动力量创一流,http://hlszymgsplive.miguvideo.com:8080/migu/virtuallive2/5900002409/51/20210706/index.m3u8?msisdn=2be6b2ec9fcf10d2c2457e2c710e172c&mdspid=&spid=800033&netType=0&sid=5910019523&pid=2028597139&timestamp=20260718040234&Channel_ID=0116_2600034600-99000-201600010010028&ProgramID=713589837&ParentNodeID=-99&assertID=5910019523&client_ip=171.8.79.254&SecurityKey=20260718040234&promotionId=&mvid=5900002419&mcid=500020&playurlVersion=WX-A1-9.6.1.6-SNAPSHOT&userid=&jmhm=&videocodec=h264&appCode=miguvideo_android&bean=mgspad&tid=android&conFee=0&encrypt=ea01864cfc10dc843b3aca1b9c865747&sv=10004&ct=android
新动力量创一流,http://116.236.204.18:1234/713589837
新动力量创一流,http://116.52.173.5:1234/713589837
新动力量创一流,http://27.12.12.183:1234/713589837
新片放映厅,http://222.130.32.10:7788/619495952
新片放映厅,http://101.6.130.52:1234/619495952
新片放映厅,http://110.154.192.66:7788/619495952
新片放映厅,http://182.127.153.119:1234/619495952
新片放映厅,http://gslbmgsplive.miguvideo.com/wd-virtuallive5100030975-150/index.m3u8?msisdn=e942291341fb862b931793b324dcd505&mdspid=&spid=800033&netType=0&sid=5500035175&pid=2028597139&timestamp=20260718052105&Channel_ID=0116_2600034600-99000-201600010010028&ProgramID=619495952&ParentNodeID=-99&assertID=5500035175&client_ip=39.103.182.111&SecurityKey=20260718052105&promotionId=&mvid=5100030975&mcid=500020&playurlVersion=WX-A1-9.6.1.6-SNAPSHOT&userid=&jmhm=&videocodec=h264&appCode=miguvideo_android&bean=mgspad&tid=android&conFee=0&puData=8015789901dd00c948d7b5de68440b0e&ddCalcu=e800vb1a05l47a488969e0d15dbd70d08c49&sv=10004&ct=android
新片放映厅,http://223.247.25.221:1234/619495952
新片放映厅,http://14.153.176.108:1234/619495952
新片放映厅,http://119.88.243.98:17231/619495952
新片放映厅,http://116.236.204.18:1234/619495952
新片放映厅,http://116.52.173.5:1234/619495952
新片放映厅,http://27.12.12.183:1234/619495952
自然传奇,http://newcntv.qcloudcdn.com/asp/hls/1200/0303000a/3/default/81a1ad3a661748bfb8560c92d38204ca/1200.m3u8
四海钓鱼,http://120.76.248.139/live/bfgd/4200000229.m3u8
四海钓鱼,http://gslbmgsplive.miguvideo.com/wd_r4/peoplecn/shdiaoyu/1200/index.m3u8?msisdn=0615ed13bc63dbd9960b266d1a4bf13e&mdspid=&spid=600697&netType=0&sid=5910022184&pid=2028597139&timestamp=20260718052101&Channel_ID=0116_2600034600-99000-201600010010028&ProgramID=637444975&ParentNodeID=-99&assertID=5910022184&client_ip=39.103.182.111&SecurityKey=20260718052101&promotionId=&mvid=5100132656&mcid=500020&playurlVersion=WX-A1-9.6.1.6-SNAPSHOT&userid=&jmhm=&videocodec=h264&appCode=miguvideo_android&bean=mgspad&tid=android&conFee=0&puData=a071de17ea18654737a20c4189e385d3&ddCalcu=3ad0v57a81l3daee91871e4ac10826a57437&sv=10004&ct=android
四海钓鱼,http://hlszymgsplive.miguvideo.com:8080/wd_r4/peoplecn/shdiaoyu/1200/index.m3u8?msisdn=2be6b2ec9fcf10d2c2457e2c710e172c&mdspid=&spid=600697&netType=0&sid=5910022184&pid=2028597139&timestamp=20260718040221&Channel_ID=0116_2600034600-99000-201600010010028&ProgramID=637444975&ParentNodeID=-99&assertID=5910022184&client_ip=171.8.79.254&SecurityKey=20260718040221&promotionId=&mvid=5100132656&mcid=500020&playurlVersion=WX-A1-9.6.1.6-SNAPSHOT&userid=&jmhm=&videocodec=h264&appCode=miguvideo_android&bean=mgspad&tid=android&conFee=0&encrypt=086e62b6a792dfb51f17337bdba6166d&sv=10004&ct=android
中华特产,http://120.76.248.139/live/bfgd/4200000158.m3u8
中华特产,http://222.130.32.10:7788/959986618
中华特产,http://101.6.130.52:1234/959986618
中华特产,http://110.154.192.66:7788/959986618
中华特产,http://182.127.153.119:1234/959986618
中华特产,http://gslbmgsplive.miguvideo.com/migu/kailu/zhtc/51/20251103/index.m3u8?msisdn=f3ccd31ca36687fe374585888ba73535&mdspid=&spid=600697&netType=0&sid=5910022295&pid=2028597139&timestamp=20260718052116&Channel_ID=0116_2600034600-99000-201600010010028&ProgramID=959986618&ParentNodeID=-99&assertID=5910022295&client_ip=39.103.188.159&SecurityKey=20260718052116&promotionId=&mvid=5900006771&mcid=500020&playurlVersion=WX-A1-9.6.1.6-SNAPSHOT&userid=&jmhm=&videocodec=h264&appCode=miguvideo_android&bean=mgspad&tid=android&conFee=0&puData=287ace3dbe8b3c8a127f876c14dc8fd2&ddCalcu=22d8vf7a8awccade431dcb6e788bf37c281a&sv=10004&ct=android
中华特产,http://223.247.25.221:1234/959986618
中华特产,http://14.153.176.108:1234/959986618
中华特产,http://119.88.243.98:17231/959986618
中华特产,http://27.12.12.183:1234/959986618
中华特产,http://116.236.204.18:1234/959986618
中华特产,http://116.52.173.5:1234/959986618
纪实科教,http://120.76.248.139/live/bfgd/4200000113.m3u8
经典动画大集合,http://222.130.32.10:7788/629942219
经典动画大集合,http://101.6.130.52:1234/629942219
经典动画大集合,http://110.154.192.66:7788/629942219
经典动画大集合,http://182.127.153.119:1234/629942219
经典动画大集合,http://gslbmgsplive.miguvideo.com/migu/kailu/jingdiandonghua/51/20250514/index.m3u8?msisdn=79629b3acc480af2e3ade1e57d822e61&mdspid=&spid=699004&netType=0&sid=5500315652&pid=2028597139&timestamp=20260718052109&Channel_ID=0116_2600034600-99000-201600010010028&ProgramID=629942219&ParentNodeID=-99&assertID=5500315652&client_ip=39.103.188.159&SecurityKey=20260718052109&promotionId=&mvid=5101034205&mcid=500020&playurlVersion=WX-A1-9.6.1.6-SNAPSHOT&userid=&jmhm=&videocodec=h264&appCode=miguvideo_android&bean=mgspad&tid=android&conFee=0&puData=f5cc5d42ecc0cdef8f10c7942eb7382c&ddCalcu=cf25v8ca3ca75abde4224e9c7cc00c1dfe8f&sv=10004&ct=android
经典动画大集合,http://223.247.25.221:1234/629942219
经典动画大集合,http://14.153.176.108:1234/629942219
经典动画大集合,http://119.88.243.98:17231/629942219
经典动画大集合,http://hlszymgsplive.miguvideo.com:8080/migu/kailu/jingdiandonghua/51/20250514/index.m3u8?msisdn=2be6b2ec9fcf10d2c2457e2c710e172c&mdspid=&spid=699004&netType=0&sid=5500315652&pid=2028597139&timestamp=20260718040233&Channel_ID=0116_2600034600-99000-201600010010028&ProgramID=629942219&ParentNodeID=-99&assertID=5500315652&client_ip=171.8.79.254&SecurityKey=20260718040233&promotionId=&mvid=5101034205&mcid=500020&playurlVersion=WX-A1-9.6.1.6-SNAPSHOT&userid=&jmhm=&videocodec=h264&appCode=miguvideo_android&bean=mgspad&tid=android&conFee=0&encrypt=5ef75e64da89b711de309c4a864f45fa&sv=10004&ct=android
经典动画大集合,http://116.236.204.18:1234/629942219
经典动画大集合,http://116.52.173.5:1234/629942219
经典动画大集合,http://27.12.12.183:1234/629942219
赛事最经典,http://hlsztemgsplive.miguvideo.com:8080/migu/kailu/saishijingdian/51/20250514/index.m3u8?msisdn=2be6b2ec9fcf10d2c2457e2c710e172c&mdspid=&spid=699004&netType=0&sid=5500592947&pid=2028597139&timestamp=20260718040221&Channel_ID=0116_2600034600-99000-201600010010028&ProgramID=646596895&ParentNodeID=-99&assertID=5500592947&client_ip=171.8.79.254&SecurityKey=20260718040221&promotionId=&mvid=5101034296&mcid=500020&playurlVersion=WX-A1-9.6.1.6-SNAPSHOT&userid=&jmhm=&videocodec=h264&appCode=miguvideo_android&bean=mgspad&tid=android&conFee=0&encrypt=d3a063e5a54511a814f90cad0f0edf58&sv=10004&ct=android
赛事最经典,http://222.130.32.10:7788/646596895
赛事最经典,http://101.6.130.52:1234/646596895
赛事最经典,http://110.154.192.66:7788/646596895
赛事最经典,http://182.127.153.119:1234/646596895
赛事最经典,http://gslbmgsplive.miguvideo.com/migu/kailu/saishijingdian/51/20250514/index.m3u8?msisdn=172b95476f04192561605ae806e6662b&mdspid=&spid=699004&netType=0&sid=5500592947&pid=2028597139&timestamp=20260718052101&Channel_ID=0116_2600034600-99000-201600010010028&ProgramID=646596895&ParentNodeID=-99&assertID=5500592947&client_ip=39.103.182.111&SecurityKey=20260718052101&promotionId=&mvid=5101034296&mcid=500020&playurlVersion=WX-A1-9.6.1.6-SNAPSHOT&userid=&jmhm=&videocodec=h264&appCode=miguvideo_android&bean=mgspad&tid=android&conFee=0&puData=1184cc47420dbb2d45eb89885342ec36&ddCalcu=6131vc8ae4k2ca4c34578482908dbbeb524d&sv=10004&ct=android
赛事最经典,http://223.247.25.221:1234/646596895
赛事最经典,http://14.153.176.108:1234/646596895
赛事最经典,http://119.88.243.98:17231/646596895
赛事最经典,http://116.236.204.18:1234/646596895
赛事最经典,http://116.52.173.5:1234/646596895
赛事最经典,http://27.12.12.183:1234/646596895
康旅,http://222.130.32.10:7788/915512915
康旅,http://101.6.130.52:1234/915512915
康旅,http://110.154.192.66:7788/915512915
康旅,http://182.127.153.119:1234/915512915
康旅,http://gslbmgsplive.miguvideo.com/migu/lunbo/ouzhoubei/51/20240603/index.m3u8?msisdn=7fdf020591820a5c1c6ed06d7f527b48&mdspid=&spid=800033&netType=0&sid=5910022136&pid=2028597139&timestamp=20260718052101&Channel_ID=0116_2600034600-99000-201600010010028&ProgramID=915512915&ParentNodeID=-99&assertID=5910022136&client_ip=39.103.188.159&SecurityKey=20260718052101&promotionId=&mvid=5900006618&mcid=500020&playurlVersion=WX-A1-9.6.1.6-SNAPSHOT&userid=&jmhm=&videocodec=h264&appCode=miguvideo_android&bean=mgspad&tid=android&conFee=0&puData=309bbc3b66d3d5c5a57f5e259a59e932&ddCalcu=2330v99aebl9ba5ca39b5626ed53fd755ca5&sv=10004&ct=android
康旅,http://223.247.25.221:1234/915512915
康旅,http://14.153.176.108:1234/915512915
康旅,http://119.88.243.98:17231/915512915
康旅,http://116.236.204.18:1234/915512915
康旅,http://116.52.173.5:1234/915512915
康旅,http://27.12.12.183:1234/915512915
电影_周星驰,https://lbds.us.ci/11336587
电影_王晶,https://lbds.us.ci/11602058
电影_漫威,https://lbds.us.ci/11602034
电影_喜剧,https://lbds.us.ci/11352877
电影_国产,https://lbds.us.ci/11352973
电影_斯坦森,https://lbds.us.ci/21059588
电影_灾难片,https://lbds.us.ci/11602075
电影_古装片,https://lbds.us.ci/11336590
电影_高分动作,https://lbds.us.ci/11352884
电影_国产悬疑,https://lbds.us.ci/11342395
电影_快意江湖,https://lbds.us.ci/11342435
电影_女神系列,https://lbds.us.ci/11336571
电影_经典港片,https://lbds.us.ci/11352965
电影_镖行天下,https://lbds.us.ci/11352969
电影_蘑菇影厅,https://lbds.us.ci/11601981
狄仁杰电影,https://lbds.us.ci/30080229
电影蜘蛛侠,https://lbds.us.ci/21059599
搞笑_陈翔六点半,https://lbds.us.ci/11274154
大宋提刑官,https://lbds.us.ci/26355856
笑看风云,https://lbds.us.ci/29465858
刑事侦缉档案,https://lbds.us.ci/29465856
妙手仁心,https://lbds.us.ci/29465853
野蛮奶奶,https://lbds.us.ci/23863796
扫黄先锋,https://lbds.us.ci/29465855
洗冤录,https://lbds.us.ci/29465851
九阴真经,https://lbds.us.ci/23824164
楚汉骄雄,https://lbds.us.ci/29465854
金枝欲孽,https://lbds.us.ci/29465847
哆啦A梦,https://lbds.us.ci/11601963
哆啦A梦,https://live.ottiptv.cc/huya/11601963
精灵宝可梦,https://lbds.us.ci/23749096
精灵宝可梦,https://live.ottiptv.cc/huya/23749096
万合出品,https://goodiptv.club/douyu/9220456
邵氏影院,http://www.goodiptv.club/douyu/4246519
邵氏影院,https://goodiptv.club/douyu/4246519
粤语电影,https://goodiptv.club/douyu/1226741
华语影视,http://www.goodiptv.club/douyu/3928
神乐影视,https://goodiptv.club/douyu/85894
冰冰影剧,http://www.goodiptv.club/douyu/74374
刀刀影院,https://goodiptv.club/douyu/747764
贝爷贰厅,http://www.goodiptv.club/douyu/9661369
贝爷贰厅,https://goodiptv.club/douyu/4332
橙记港剧,http://www.goodiptv.club/douyu/4549169
怡宝影院,https://goodiptv.club/douyu/434971
贝贝影院,https://goodiptv.club/douyu/431460
网神影厅,https://goodiptv.club/douyu/508118
热门港剧,https://goodiptv.club/douyu/5522351
热门港剧,http://www.goodiptv.club/douyu/5522351
古装武侠,http://www.goodiptv.club/douyu/2793084
经典小品,https://goodiptv.club/douyu/9067836
经典,https://goodiptv.club/douyu/6091425
宋小宝经典小品,https://goodiptv.club/douyu/9817729
经典剧集,http://www.goodiptv.club/douyu/6863367
谈判专家,https://live.ottiptv.cc/yy/1382735560
河南新闻,http://tvcdn.stream3.hndt.com/tv/65bb6966017e100059b75a8500000000_transios/playlist.m3u8?wsSecret=616472d93dec86446d529b5760470b06&wsTime=1784339989
河南电视剧,http://tvcdn.stream3.hndt.com/tv/65bd329b017e1000648cd2ed00000000_transios/playlist.m3u8?wsSecret=40f751df0b9a47cab9872b0304ee8053&wsTime=1784339989
河南公共,http://tvcdn.stream3.hndt.com/tv/65b93894017e10000ae6b07d00000000_transios/playlist.m3u8?wsSecret=c9053c234a94ee6aee4874c408a07ed8&wsTime=1784339989
河南法治,http://tvcdn.stream3.hndt.com/tv/65be54a9017e1000af59fb4800000000_transios/playlist.m3u8?wsSecret=787bcc25841d014a652a3ec1e32c12cb&wsTime=1784339989
河南乡村,http://1.94.31.214/php/hntv.php?id=hnxc
河南乡村,http://tvcdn.stream3.hndt.com/tv/65b8302b017e100019dc540f00000000_transios/playlist.m3u8?wsSecret=176ff7c56b65383c10cc1c5c2cc66d46&wsTime=1784339989
象视界,http://tvcdn.stream3.hndt.com/tv/d34d1a2b0178100022de972e00000000_transios/playlist.m3u8?wsSecret=3efb41856561b0eac1e822630be0947a&wsTime=1784339989
江苏国际,http://222.130.32.10:7788/626064674
江苏国际,http://101.6.130.52:1234/626064674
江苏国际,http://110.154.192.66:7788/626064674
江苏国际,http://182.127.153.119:1234/626064674
江苏国际,http://gslbmgsplive.miguvideo.com/wd_r2/jstv/jsguoji/600/index.m3u8?msisdn=cf0f9dba8795a58a61c0ef20e9a2e7b2&mdspid=&spid=699067&netType=0&sid=5500260577&pid=2028597139&timestamp=20260718052050&Channel_ID=0116_2600034600-99000-201600010010028&ProgramID=626064674&ParentNodeID=-99&assertID=5500260577&client_ip=39.103.188.159&SecurityKey=20260718052050&promotionId=&mvid=5100186482&mcid=500020&playurlVersion=WX-A1-9.6.1.6-SNAPSHOT&userid=&jmhm=&videocodec=h264&appCode=miguvideo_android&bean=mgspad&tid=android&conFee=0&puData=13a045db16450a48ff76f0474ea08d4c&ddCalcu=c143vdaa80w04aa5ed4b714604f5607af4f8&sv=10004&ct=android
江苏国际,http://223.247.25.221:1234/626064674
江苏国际,http://14.153.176.108:1234/626064674
江苏国际,http://119.88.243.98:17231/626064674
江苏国际,http://hlszymgsplive.miguvideo.com:8080/wd_r2/jstv/jsguoji/600/index.m3u8?msisdn=2be6b2ec9fcf10d2c2457e2c710e172c&mdspid=&spid=699067&netType=0&sid=5500260577&pid=2028597139&timestamp=20260718040225&Channel_ID=0116_2600034600-99000-201600010010028&ProgramID=626064674&ParentNodeID=-99&assertID=5500260577&client_ip=171.8.79.254&SecurityKey=20260718040225&promotionId=&mvid=5100186482&mcid=500020&playurlVersion=WX-A1-9.6.1.6-SNAPSHOT&userid=&jmhm=&videocodec=h264&appCode=miguvideo_android&bean=mgspad&tid=android&conFee=0&encrypt=ad4fea76d3cebea07c0abf80fb080fc5&sv=10004&ct=android
江苏国际,http://116.236.204.18:1234/626064674
江苏国际,http://27.12.12.183:1234/626064674
江苏国际,http://116.52.173.5:1234/626064674
江苏新闻,http://222.130.32.10:7788/626064693
江苏新闻,http://101.6.130.52:1234/626064693
江苏新闻,http://110.154.192.66:7788/626064693
江苏新闻,http://182.127.153.119:1234/626064693
江苏新闻,http://gslbmgsplive.miguvideo.com/wd_r2/jstv/jsgonggong/600/index.m3u8?msisdn=247b51e2bdfe42e1859b7d4863531881&mdspid=&spid=699067&netType=0&sid=5500260520&pid=2028597139&timestamp=20260718052052&Channel_ID=0116_2600034600-99000-201600010010028&ProgramID=626064693&ParentNodeID=-99&assertID=5500260520&client_ip=39.103.182.111&SecurityKey=20260718052052&promotionId=&mvid=5100186429&mcid=500020&playurlVersion=WX-A1-9.6.1.6-SNAPSHOT&userid=&jmhm=&videocodec=h264&appCode=miguvideo_android&bean=mgspad&tid=android&conFee=0&puData=8d8164dcc2d6b292471407b946b8abed&ddCalcu=d8edvb8aa1w86ab46d4c9cb27d064b127942&sv=10004&ct=android
江苏新闻,http://223.247.25.221:1234/626064693
江苏新闻,http://14.153.176.108:1234/626064693
江苏新闻,http://119.88.243.98:17231/626064693
江苏新闻,http://116.236.204.18:1234/626064693
江苏新闻,http://116.52.173.5:1234/626064693
江苏新闻,http://27.12.12.183:1234/626064693
江苏综艺,http://hlsztemgsplive.miguvideo.com:8080/wd_r2/jstv/jszongyi/600/index.m3u8?msisdn=2be6b2ec9fcf10d2c2457e2c710e172c&mdspid=&spid=699067&netType=0&sid=5500260513&pid=2028597139&timestamp=20260718040226&Channel_ID=0116_2600034600-99000-201600010010028&ProgramID=626065193&ParentNodeID=-99&assertID=5500260513&client_ip=171.8.79.254&SecurityKey=20260718040226&promotionId=&mvid=5100186420&mcid=500020&playurlVersion=WX-A1-9.6.1.6-SNAPSHOT&userid=&jmhm=&videocodec=h264&appCode=miguvideo_android&bean=mgspad&tid=android&conFee=0&encrypt=1bb590b3fda141eaeb009f951b7a4d8f&sv=10004&ct=android
江苏综艺,http://222.130.32.10:7788/626065193
江苏综艺,http://101.6.130.52:1234/626065193
江苏综艺,http://110.154.192.66:7788/626065193
江苏综艺,http://182.127.153.119:1234/626065193
江苏综艺,http://gslbmgsplive.miguvideo.com/wd_r2/jstv/jszongyi/600/index.m3u8?msisdn=1b0538a0deb82c11837de83859d33b36&mdspid=&spid=699067&netType=0&sid=5500260513&pid=2028597139&timestamp=20260718052052&Channel_ID=0116_2600034600-99000-201600010010028&ProgramID=626065193&ParentNodeID=-99&assertID=5500260513&client_ip=39.103.188.159&SecurityKey=20260718052052&promotionId=&mvid=5100186420&mcid=500020&playurlVersion=WX-A1-9.6.1.6-SNAPSHOT&userid=&jmhm=&videocodec=h264&appCode=miguvideo_android&bean=mgspad&tid=android&conFee=0&puData=8d83708fa1d8f4de8d1fcc95ee46ebc7&ddCalcu=78cdvb8ae3d67a40e8ef5a91cdc8ff14dd8e&sv=10004&ct=android
江苏综艺,http://223.247.25.221:1234/626065193
江苏综艺,http://14.153.176.108:1234/626065193
江苏综艺,http://119.88.243.98:17231/626065193
江苏综艺,http://116.236.204.18:1234/626065193
江苏综艺,http://116.52.173.5:1234/626065193
江苏综艺,http://27.12.12.183:1234/626065193
南京十八生活,http://222.130.32.10:7788/838151753
南京十八生活,http://101.6.130.52:1234/838151753
南京十八生活,http://110.154.192.66:7788/838151753
南京十八生活,http://182.127.153.119:1234/838151753
南京十八生活,http://gslbmgsplive.miguvideo.com/migu/kailu/nanjingsb/50/20230719/index.m3u8?msisdn=28ebcd12be997439cecdd6d8081c9d52&mdspid=&spid=699067&netType=0&sid=5910021864&pid=2028597139&timestamp=20260718052050&Channel_ID=0116_2600034600-99000-201600010010028&ProgramID=838151753&ParentNodeID=-99&assertID=5910021864&client_ip=39.103.182.111&SecurityKey=20260718052050&promotionId=&mvid=5900006207&mcid=500020&playurlVersion=WX-A1-9.6.1.6-SNAPSHOT&userid=&jmhm=&videocodec=h264&appCode=miguvideo_android&bean=mgspad&tid=android&conFee=0&puData=2ad8fc8176b9b224be7d45b6af758472&ddCalcu=227av4da88x5fa7cf8a167b65b49db72e2b4&sv=10004&ct=android
南京十八生活,http://223.247.25.221:1234/838151753
南京十八生活,http://14.153.176.108:1234/838151753
南京十八生活,http://119.88.243.98:17231/838151753
南京十八生活,http://hlszymgsplive.miguvideo.com:8080/migu/kailu/nanjingsb/50/20230719/index.m3u8?msisdn=2be6b2ec9fcf10d2c2457e2c710e172c&mdspid=&spid=699067&netType=0&sid=5910021864&pid=2028597139&timestamp=20260718040225&Channel_ID=0116_2600034600-99000-201600010010028&ProgramID=838151753&ParentNodeID=-99&assertID=5910021864&client_ip=171.8.79.254&SecurityKey=20260718040225&promotionId=&mvid=5900006207&mcid=500020&playurlVersion=WX-A1-9.6.1.6-SNAPSHOT&userid=&jmhm=&videocodec=h264&appCode=miguvideo_android&bean=mgspad&tid=android&conFee=0&encrypt=c929fc9ad712eb51c9b717d59460d51d&sv=10004&ct=android
南京十八生活,http://116.236.204.18:1234/838151753
南京十八生活,http://27.12.12.183:1234/838151753
南京十八生活,http://116.52.173.5:1234/838151753
徐州新闻综合,http://222.130.32.10:7788/639731747
徐州新闻综合,http://101.6.130.52:1234/639731747
徐州新闻综合,http://110.154.192.66:7788/639731747
徐州新闻综合,http://182.127.153.119:1234/639731747
徐州新闻综合,http://gslbmgsplive.miguvideo.com/wd_r2/jstv/xzxinwenzonghe/600/index.m3u8?msisdn=d96968da33b8efa99e11f6f12175b292&mdspid=&spid=699067&netType=0&sid=5500469368&pid=2028597139&timestamp=20260718052054&Channel_ID=0116_2600034600-99000-201600010010028&ProgramID=639731747&ParentNodeID=-99&assertID=5500469368&client_ip=39.103.188.159&SecurityKey=20260718052054&promotionId=&mvid=5102012620&mcid=500020&playurlVersion=WX-A1-9.6.1.6-SNAPSHOT&userid=&jmhm=&videocodec=h264&appCode=miguvideo_android&bean=mgspad&tid=android&conFee=0&puData=4830a849406914a879986fdbdcf3c736&ddCalcu=6438v73ac0x3aaf8c4d9b4d0f66981949a78&sv=10004&ct=android
徐州新闻综合,http://223.247.25.221:1234/639731747
徐州新闻综合,http://14.153.176.108:1234/639731747
徐州新闻综合,http://119.88.243.98:17231/639731747
徐州新闻综合,http://116.236.204.18:1234/639731747
徐州新闻综合,http://27.12.12.183:1234/639731747
徐州新闻综合,http://116.52.173.5:1234/639731747
盐城新闻综合,http://222.130.32.10:7788/639731825
盐城新闻综合,http://101.6.130.52:1234/639731825
盐城新闻综合,http://110.154.192.66:7788/639731825
盐城新闻综合,http://182.127.153.119:1234/639731825
盐城新闻综合,http://gslbmgsplive.miguvideo.com/migu/kailu/ycxwzh/51/20250604/index.m3u8?msisdn=85a4a9ea270f1ec6f65eea35de6f2210&mdspid=&spid=699067&netType=0&sid=5500469360&pid=2028597139&timestamp=20260718052052&Channel_ID=0116_2600034600-99000-201600010010028&ProgramID=639731825&ParentNodeID=-99&assertID=5500469360&client_ip=39.103.182.111&SecurityKey=20260718052052&promotionId=&mvid=5102012617&mcid=500020&playurlVersion=WX-A1-9.6.1.6-SNAPSHOT&userid=&jmhm=&videocodec=h264&appCode=miguvideo_android&bean=mgspad&tid=android&conFee=0&puData=9034ab24352504bdb432dc039b6fab40&ddCalcu=0940vb3aa4kfaa6bb2943305c2d520344bbd&sv=10004&ct=android
盐城新闻综合,http://223.247.25.221:1234/639731825
盐城新闻综合,http://14.153.176.108:1234/639731825
盐城新闻综合,http://119.88.243.98:17231/639731825
盐城新闻综合,http://hlszymgsplive.miguvideo.com:8080/migu/kailu/ycxwzh/51/20250604/index.m3u8?msisdn=2be6b2ec9fcf10d2c2457e2c710e172c&mdspid=&spid=699067&netType=0&sid=5500469360&pid=2028597139&timestamp=20260718040226&Channel_ID=0116_2600034600-99000-201600010010028&ProgramID=639731825&ParentNodeID=-99&assertID=5500469360&client_ip=171.8.79.254&SecurityKey=20260718040226&promotionId=&mvid=5102012617&mcid=500020&playurlVersion=WX-A1-9.6.1.6-SNAPSHOT&userid=&jmhm=&videocodec=h264&appCode=miguvideo_android&bean=mgspad&tid=android&conFee=0&encrypt=26ec78dc00d6d5b4a533e9c622ca29ce&sv=10004&ct=android
盐城新闻综合,http://116.236.204.18:1234/639731825
盐城新闻综合,http://27.12.12.183:1234/639731825
盐城新闻综合,http://116.52.173.5:1234/639731825
宜兴新闻,http://hlsztemgsplive.miguvideo.com:8080/migu/kailu/yxxwzh/51/20250604/index.m3u8?msisdn=2be6b2ec9fcf10d2c2457e2c710e172c&mdspid=&spid=699067&netType=0&sid=5910022179&pid=2028597139&timestamp=20260718040228&Channel_ID=0116_2600034600-99000-201600010010028&ProgramID=955227996&ParentNodeID=-99&assertID=5910022179&client_ip=171.8.79.254&SecurityKey=20260718040228&promotionId=&mvid=5900006707&mcid=500020&playurlVersion=WX-A1-9.6.1.6-SNAPSHOT&userid=&jmhm=&videocodec=h264&appCode=miguvideo_android&bean=mgspad&tid=android&conFee=0&encrypt=b6de4e0bb589b1d2ff96866f2e99b62c&sv=10004&ct=android
宜兴新闻,http://222.130.32.10:7788/955227996
宜兴新闻,http://101.6.130.52:1234/955227996
宜兴新闻,http://110.154.192.66:7788/955227996
宜兴新闻,http://182.127.153.119:1234/955227996
宜兴新闻,http://gslbmgsplive.miguvideo.com/migu/kailu/yxxwzh/51/20250604/index.m3u8?msisdn=7b5b49ad757ce40ae38b00e964dcd804&mdspid=&spid=699067&netType=0&sid=5910022179&pid=2028597139&timestamp=20260718052055&Channel_ID=0116_2600034600-99000-201600010010028&ProgramID=955227996&ParentNodeID=-99&assertID=5910022179&client_ip=39.103.188.159&SecurityKey=20260718052055&promotionId=&mvid=5900006707&mcid=500020&playurlVersion=WX-A1-9.6.1.6-SNAPSHOT&userid=&jmhm=&videocodec=h264&appCode=miguvideo_android&bean=mgspad&tid=android&conFee=0&puData=1ec758850e5627b9d0008e6870052399&ddCalcu=919ev3ca27l55a080875806ee58602070bd9&sv=10004&ct=android
宜兴新闻,http://223.247.25.221:1234/955227996
宜兴新闻,http://14.153.176.108:1234/955227996
宜兴新闻,http://119.88.243.98:17231/955227996
宜兴新闻,http://116.236.204.18:1234/955227996
宜兴新闻,http://116.52.173.5:1234/955227996
宜兴新闻,http://27.12.12.183:1234/955227996
泰州-1,http://hlsztemgsplive.miguvideo.com:8080/wd_r2/jstv/tzxinwenzonghe/600/index.m3u8?msisdn=2be6b2ec9fcf10d2c2457e2c710e172c&mdspid=&spid=699067&netType=0&sid=5500469354&pid=2028597139&timestamp=20260718040226&Channel_ID=0116_2600034600-99000-201600010010028&ProgramID=639731818&ParentNodeID=-99&assertID=5500469354&client_ip=171.8.79.254&SecurityKey=20260718040226&promotionId=&mvid=5102012615&mcid=500020&playurlVersion=WX-A1-9.6.1.6-SNAPSHOT&userid=&jmhm=&videocodec=h264&appCode=miguvideo_android&bean=mgspad&tid=android&conFee=0&encrypt=41e72905de98b15c0afa06e02964df36&sv=10004&ct=android
泰州-1,http://222.130.32.10:7788/639731818
泰州-1,http://101.6.130.52:1234/639731818
泰州-1,http://110.154.192.66:7788/639731818
泰州-1,http://182.127.153.119:1234/639731818
泰州-1,http://gslbmgsplive.miguvideo.com/wd_r2/jstv/tzxinwenzonghe/600/index.m3u8?msisdn=d0b4d9f613f5568e0fd86953d0407269&mdspid=&spid=699067&netType=0&sid=5500469354&pid=2028597139&timestamp=20260718052053&Channel_ID=0116_2600034600-99000-201600010010028&ProgramID=639731818&ParentNodeID=-99&assertID=5500469354&client_ip=39.103.188.159&SecurityKey=20260718052053&promotionId=&mvid=5102012615&mcid=500020&playurlVersion=WX-A1-9.6.1.6-SNAPSHOT&userid=&jmhm=&videocodec=h264&appCode=miguvideo_android&bean=mgspad&tid=android&conFee=0&puData=fb68dffe14dd42306379e52a691c75a5&ddCalcu=5fabv56a78kcda1f9f6ea1245ded94723360&sv=10004&ct=android
泰州-1,http://223.247.25.221:1234/639731818
泰州-1,http://14.153.176.108:1234/639731818
泰州-1,http://119.88.243.98:17231/639731818
泰州-1,http://116.236.204.18:1234/639731818
泰州-1,http://116.52.173.5:1234/639731818
泰州-1,http://27.12.12.183:1234/639731818
江阴新闻综合,http://222.130.32.10:7788/955227979
江阴新闻综合,http://101.6.130.52:1234/955227979
江阴新闻综合,http://110.154.192.66:7788/955227979
江阴新闻综合,http://182.127.153.119:1234/955227979
江阴新闻综合,http://gslbmgsplive.miguvideo.com/migu/kailu/jyxwzh/51/20250604/index.m3u8?msisdn=dfe03dd2bbe12216e6d68555a2dde352&mdspid=&spid=699067&netType=0&sid=5910022177&pid=2028597139&timestamp=20260718052055&Channel_ID=0116_2600034600-99000-201600010010028&ProgramID=955227979&ParentNodeID=-99&assertID=5910022177&client_ip=39.103.188.159&SecurityKey=20260718052055&promotionId=&mvid=5900006705&mcid=500020&playurlVersion=WX-A1-9.6.1.6-SNAPSHOT&userid=&jmhm=&videocodec=h264&appCode=miguvideo_android&bean=mgspad&tid=android&conFee=0&puData=a154f7fa62bcaf1385241149c2663970&ddCalcu=0a71v95a34l6fa672fca96421b1c4a2f5183&sv=10004&ct=android
江阴新闻综合,http://223.247.25.221:1234/955227979
江阴新闻综合,http://14.153.176.108:1234/955227979
江阴新闻综合,http://119.88.243.98:17231/955227979
江阴新闻综合,http://hlszymgsplive.miguvideo.com:8080/migu/kailu/jyxwzh/51/20250604/index.m3u8?msisdn=2be6b2ec9fcf10d2c2457e2c710e172c&mdspid=&spid=699067&netType=0&sid=5910022177&pid=2028597139&timestamp=20260718040227&Channel_ID=0116_2600034600-99000-201600010010028&ProgramID=955227979&ParentNodeID=-99&assertID=5910022177&client_ip=171.8.79.254&SecurityKey=20260718040227&promotionId=&mvid=5900006705&mcid=500020&playurlVersion=WX-A1-9.6.1.6-SNAPSHOT&userid=&jmhm=&videocodec=h264&appCode=miguvideo_android&bean=mgspad&tid=android&conFee=0&encrypt=284e9eb91a0aca2cb4d945765cb8d590&sv=10004&ct=android
江阴新闻综合,http://116.236.204.18:1234/955227979
江阴新闻综合,http://116.52.173.5:1234/955227979
江阴新闻综合,http://27.12.12.183:1234/955227979
宿迁新闻综合,http://222.130.32.10:7788/639731832
宿迁新闻综合,http://101.6.130.52:1234/639731832
宿迁新闻综合,http://110.154.192.66:7788/639731832
宿迁新闻综合,http://182.127.153.119:1234/639731832
宿迁新闻综合,http://gslbmgsplive.miguvideo.com/wd_r2/jstv/sqxinwenzonghe/600/index.m3u8?msisdn=2c3dfa97d4bf4e9405458d8959a421ae&mdspid=&spid=699067&netType=0&sid=5500469357&pid=2028597139&timestamp=20260718052054&Channel_ID=0116_2600034600-99000-201600010010028&ProgramID=639731832&ParentNodeID=-99&assertID=5500469357&client_ip=39.103.188.159&SecurityKey=20260718052054&promotionId=&mvid=5102012616&mcid=500020&playurlVersion=WX-A1-9.6.1.6-SNAPSHOT&userid=&jmhm=&videocodec=h264&appCode=miguvideo_android&bean=mgspad&tid=android&conFee=0&puData=656a46e055cb11a8d8f1295f3726520c&ddCalcu=c605v26a5ak64a267e30f5559c2b11f18ad8&sv=10004&ct=android
宿迁新闻综合,http://223.247.25.221:1234/639731832
宿迁新闻综合,http://14.153.176.108:1234/639731832
宿迁新闻综合,http://119.88.243.98:17231/639731832
宿迁新闻综合,http://hlszymgsplive.miguvideo.com:8080/wd_r2/jstv/sqxinwenzonghe/600/index.m3u8?msisdn=2be6b2ec9fcf10d2c2457e2c710e172c&mdspid=&spid=699067&netType=0&sid=5500469357&pid=2028597139&timestamp=20260718040227&Channel_ID=0116_2600034600-99000-201600010010028&ProgramID=639731832&ParentNodeID=-99&assertID=5500469357&client_ip=171.8.79.254&SecurityKey=20260718040227&promotionId=&mvid=5102012616&mcid=500020&playurlVersion=WX-A1-9.6.1.6-SNAPSHOT&userid=&jmhm=&videocodec=h264&appCode=miguvideo_android&bean=mgspad&tid=android&conFee=0&encrypt=c8196583d637d42c55888303487bf005&sv=10004&ct=android
宿迁新闻综合,http://116.236.204.18:1234/639731832
宿迁新闻综合,http://27.12.12.183:1234/639731832
宿迁新闻综合,http://116.52.173.5:1234/639731832
朝阳新闻综合,http://120.76.248.139/live/bfgd/4200000282.m3u8
长白山电视,http://stream8.jlntv.cn/cbstv/sd/live.m3u8?zjild
双辽融媒,http://stream5.jlntv.cn/sl/sd/live.m3u8?zjild
哈尔滨资讯,http://stream.hrbtv.net/zxpd/sd/live.m3u8
万源新闻综合,http://live.wanyuannews.com/wytv/hd/live.m3u8?zsicd
仁寿综合,https://play.scrstv.com.cn/DT/live.m3u8?auth_key=60001724663204-0-0-c1cc4ded9841ac34f63cdbd3aec647ef
陕西秦腔,http://222.130.32.10:7788/956909303
陕西秦腔,http://101.6.130.52:1234/956909303
陕西秦腔,http://110.154.192.66:7788/956909303
陕西秦腔,http://182.127.153.119:1234/956909303
陕西秦腔,http://gslbmgsplive.miguvideo.com/migu/kailu/sxqqpd/51/20250804/index.m3u8?msisdn=4fbef40f543a3b38eab48872e5f00813&mdspid=&spid=600572&netType=0&sid=5910022188&pid=2028597139&timestamp=20260718052057&Channel_ID=0116_2600034600-99000-201600010010028&ProgramID=956909303&ParentNodeID=-99&assertID=5910022188&client_ip=39.103.188.159&SecurityKey=20260718052057&promotionId=&mvid=5900006711&mcid=500020&playurlVersion=WX-A1-9.6.1.6-SNAPSHOT&userid=&jmhm=&videocodec=h264&appCode=miguvideo_android&bean=mgspad&tid=android&conFee=0&puData=d632f1cc0a8684cafb07984edf7ef575&ddCalcu=5d76v53af2befa71fcdce04a88967804bcfa&sv=10004&ct=android
陕西秦腔,http://223.247.25.221:1234/956909303
陕西秦腔,http://14.153.176.108:1234/956909303
陕西秦腔,http://119.88.243.98:17231/956909303
陕西秦腔,http://116.236.204.18:1234/956909303
陕西秦腔,http://116.52.173.5:1234/956909303
陕西秦腔,http://27.12.12.183:1234/956909303
陕西银龄,http://hlsztemgsplive.miguvideo.com:8080/migu/kailu/sxylpd/51/20250804/index.m3u8?msisdn=2be6b2ec9fcf10d2c2457e2c710e172c&mdspid=&spid=600572&netType=0&sid=5910022191&pid=2028597139&timestamp=20260718040228&Channel_ID=0116_2600034600-99000-201600010010028&ProgramID=956909362&ParentNodeID=-99&assertID=5910022191&client_ip=171.8.79.254&SecurityKey=20260718040228&promotionId=&mvid=5900006714&mcid=500020&playurlVersion=WX-A1-9.6.1.6-SNAPSHOT&userid=&jmhm=&videocodec=h264&appCode=miguvideo_android&bean=mgspad&tid=android&conFee=0&encrypt=2647b61b855ef6c81f709ab12128e006&sv=10004&ct=android
陕西银龄,http://222.130.32.10:7788/956909362
陕西银龄,http://182.127.153.119:1234/956909362
陕西银龄,http://101.6.130.52:1234/956909362
陕西银龄,http://110.154.192.66:7788/956909362
陕西银龄,http://gslbmgsplive.miguvideo.com/migu/kailu/sxylpd/51/20250804/index.m3u8?msisdn=e2007e1509eebdca05d2bc2aa0c15af8&mdspid=&spid=600572&netType=0&sid=5910022191&pid=2028597139&timestamp=20260718052055&Channel_ID=0116_2600034600-99000-201600010010028&ProgramID=956909362&ParentNodeID=-99&assertID=5910022191&client_ip=39.103.188.159&SecurityKey=20260718052055&promotionId=&mvid=5900006714&mcid=500020&playurlVersion=WX-A1-9.6.1.6-SNAPSHOT&userid=&jmhm=&videocodec=h264&appCode=miguvideo_android&bean=mgspad&tid=android&conFee=0&puData=74c6a6b4491299f830a7826269ba9e08&ddCalcu=8704veca96baaab69b642469218279a90f38&sv=10004&ct=android
陕西银龄,http://223.247.25.221:1234/956909362
陕西银龄,http://14.153.176.108:1234/956909362
陕西银龄,http://119.88.243.98:17231/956909362
陕西银龄,http://116.236.204.18:1234/956909362
陕西银龄,http://116.52.173.5:1234/956909362
陕西银龄,http://27.12.12.183:1234/956909362
长子综合,https://www.wxhcgbds.com:8081/channelTv/WXTV_1.m3u8?zshanxd
奎屯哈萨克语,http://218.84.12.186:8002/hls/main/playlist.m3u8?zxinjd
经典香港电影,http://gslbmgsplive.miguvideo.com/wd_r2/virtuallive/5100180869/150/index.m3u8?msisdn=01cd989d126e729646ee42bfc00e9af6&mdspid=&spid=800033&netType=0&sid=5500242089&pid=2028597139&timestamp=20260718052105&Channel_ID=0116_2600034600-99000-201600010010028&ProgramID=625703337&ParentNodeID=-99&assertID=5500242089&client_ip=39.103.182.111&SecurityKey=20260718052105&promotionId=&mvid=5100180869&mcid=500020&playurlVersion=WX-A1-9.6.1.6-SNAPSHOT&userid=&jmhm=&videocodec=h264&appCode=miguvideo_android&bean=mgspad&tid=android&conFee=0&puData=b7f680fd3d02ebeaa9223f1200ce1879&ddCalcu=9b77v8fa16be8ac00f0d231df0322e2b9eaa&sv=10004&ct=android
澳视澳门,https://cdn6.163189.xyz/163189/asam
澳视澳门,http://r.jdshipin.com/n2YZI
澳视卫星,https://cdn6.163189.xyz/163189/as
澳视卫星,http://r.jdshipin.com/QFhCq
HOY TV,http://r.jdshipin.com/sFw4S
华丽翡翠,http://r.jdshipin.com/thuYX
TVB明珠,http://r.jdshipin.com/jUx8K
TVBJ1,http://cdn3.163189.xyz/live/j1/stream.m3u8
美亚C+,http://ottproxy2.ist.ooo/livehls/MOB-U1-NO/03.m3u8
靖宇,http://stream8.jlntv.cn/jytv/sd/live.m3u8?zjild
龙华偶像,https://cdn8.163189.xyz/live/lhox/stream.m3u8
龙华经典,https://cdn8.163189.xyz/live/lhjd/stream.m3u8
大立电视,http://www.dalitv.com.tw:4568/live/dali/index.m3u8
TVB Plus,http://r.jdshipin.com/Nr5jq
TVB Plus,http://r.jdshipin.com/ndGgS
半岛新闻,http://live-hls-web-aja.getaj.net/AJA/02.m3u8
龙华卡通,https://cdn8.163189.xyz/live/lhkt/stream.m3u8
龙华日韩,https://cdn8.163189.xyz/live/lhrh/stream.m3u8
龙华洋片,https://cdn8.163189.xyz/live/lhyp/stream.m3u8
人间卫视,http://61.216.67.119:1935/bltvhd/bltv1/chunklist_w1266569526.m3u
1993年春晚,https://alimov2.a.kwimgs.com/upic/2023/01/13/22/BMjAyMzAxMTMyMjEwMDNfNDAzMDAxOTlfOTM1MTIzMzYwODJfMF8z_b_B647d10e431b4cc5e48e6c77347d69021.mp4
1994年春晚,https://alimov2.a.kwimgs.com/upic/2023/01/13/22/BMjAyMzAxMTMyMjEwMDNfNDAzMDAxOTlfOTM1MTIzMzYxMjNfMF8z_b_B3dde97f36273f04403d4dc5eec611a35.mp4
1995年春晚,https://alimov2.a.kwimgs.com/upic/2023/01/13/20/BMjAyMzAxMTMyMDA5MjJfNDAzMDAxOTlfOTM0OTkwNDQwNzVfMF8z_b_B811c0dec6b9a3d3074a18522c185010a.mp4
1996年春晚,https://alimov2.a.kwimgs.com/upic/2023/01/13/22/BMjAyMzAxMTMyMjEwMDNfNDAzMDAxOTlfOTM1MTIzMzYxNTJfMF8z_b_Bd841eae10ab1c9955ef55fbedfae6c45.mp4
2000年春晚,https://alimov2.a.kwimgs.com/upic/2023/01/13/21/BMjAyMzAxMTMyMTE4MzRfNDAzMDAxOTlfOTM1MDY4ODIxMTNfMF8z_b_Bdddf4e7ef0ff6cfd477857bb40e78419.mp4
2001年春晚,https://alimov2.a.kwimgs.com/upic/2023/01/13/20/BMjAyMzAxMTMyMDA5MjJfNDAzMDAxOTlfOTM0OTkwNDQyMDFfMF8z_b_B70592cb7c4054e9cabb675e849bbf4bd.mp4
2002年春晚,https://alimov2.a.kwimgs.com/upic/2023/01/13/21/BMjAyMzAxMTMyMTE4MzRfNDAzMDAxOTlfOTM1MDY4ODIxNDdfMF8z_b_Ba6271d10b7e6cfae83759033a091f257.mp4
2003年春晚,https://alimov2.a.kwimgs.com/upic/2023/01/14/23/BMjAyMzAxMTQyMzQxNDdfNDAzMDAxOTlfOTM2MTU0MTk1NDFfMF8z_b_B182749d2cd2ea9323639254af385f24b.mp4
2004年春晚,https://alimov2.a.kwimgs.com/upic/2023/01/13/21/BMjAyMzAxMTMyMTE4MzRfNDAzMDAxOTlfOTM1MDY4ODIxOTVfMF8z_b_B86c4430b82ff5a7f4e8132f6ee558536.mp4
2005年春晚,https://alimov2.a.kwimgs.com/upic/2023/01/13/20/BMjAyMzAxMTMyMDA5MjJfNDAzMDAxOTlfOTM0OTkwNDQyMzhfMF8z_b_B35ad7cc86aec8fc9e5ddfb31fc7bed63.mp4
2006年春晚,https://alimov2.a.kwimgs.com/upic/2023/01/13/20/BMjAyMzAxMTMyMDA5MjJfNDAzMDAxOTlfOTM0OTkwNDQyNzlfMF8z_b_Bbc3703fc331dc994c50859c19aad28ff.mp4
2007年春晚,https://alimov2.a.kwimgs.com/upic/2023/01/13/20/BMjAyMzAxMTMyMDA5MjJfNDAzMDAxOTlfOTM0OTkwNDQzMjNfMF8z_b_B00b069c7899976459ceeaa99353dfefe.mp4
2009年春晚,https://alimov2.a.kwimgs.com/upic/2023/01/13/20/BMjAyMzAxMTMyMDA5MjJfNDAzMDAxOTlfOTM0OTkwNDQzOTBfMF8z_b_B29a36a85e0277f6c2a1f033ef7c10708.mp4
2010年春晚,https://alimov2.a.kwimgs.com/upic/2023/01/13/20/BMjAyMzAxMTMyMDA5MjJfNDAzMDAxOTlfOTM0OTkwNDQ0MjlfMF8z_b_B8818807a00eed329a69fb494f405bd43.mp4
2013年春晚,https://alimov2.a.kwimgs.com/upic/2023/01/13/20/BMjAyMzAxMTMyMDA5MjJfNDAzMDAxOTlfOTM0OTkwNDQ1NjNfMF8z_b_B4fea55408dca4471a68a963ae096be59.mp4
2014年春晚,https://alimov2.a.kwimgs.com/upic/2023/01/06/16/BMjAyMzAxMDYxNjMxMTNfNDAzMDAxOTlfOTI4OTY2ODAzNjlfMF8z_b_Bdee65c77f9e7b2120a185c919dad81d2.mp4
2018年春晚,https://alimov2.a.kwimgs.com/upic/2023/01/06/16/BMjAyMzAxMDYxNjMxMTRfNDAzMDAxOTlfOTI4OTY2ODE2MTBfMF8z_b_B11a778e34390a21de42d407e94f45b91.mp4
ABC News Live,https://d4ybyqrhce41r.cloudfront.net/v1/master/3fec3e5cac39a52b2132f9c66c83dae043dc17d4/prod-xumo-linear-nbcu-hlsv3/master.m3u8?ads.channelId=99991626
AXS TV Now,https://dikcfc9915kp8.cloudfront.net/hls/1080p/playlist.m3u8
CBC News,https://dbrb49pjoymg4.cloudfront.net/v1/master/3fec3e5cac39a52b2132f9c66c83dae043dc17d4/prod_default_xumo-ams-aws/master.m3u8?ads.xumo_channelId=99991276
CGTN记录,https://english-livetx.cgtn.com/hls/yypdjlctzb_hd.m3u8
CH5,https://cdn6.163189.xyz/163189/ch5
CH8,https://cdn6.163189.xyz/163189/ch8
CHU,https://cdn6.163189.xyz/163189/chu
ELEVEN体育3,https://stream1.freetv.fun/eltaai-er-da-ti-yu--3--wj-1.ctv
Good,https://live.streamingfast.net/osmflivech1.m3u8
Good 2,https://live.streamingfast.net/osmflivech2.m3u8
HOY78,http://cdn.163189.xyz/live/hoy/stream.m3u8
HOY资讯,http://api.kkitv.itv888.vip:8080/streams/o6fp2zqodp/index.m3u8
iNews新闻,http://api.kkitv.itv888.vip:8080/streams/o0ey7z1y0y/index.m3u8
Newsmax,http://nmxlive.akamaized.net/hls/live/529965/Live_1/index.m3u8
NOW NEWS,http://cdn.163189.xyz/163189/now
Pet Club TV,https://cdn-apse1-prod.tsv2.amagi.tv/linear/amg01076-lightningintern-petclub-samsungnz/playlist.m3u8
RHK 31,http://api.kkitv.itv888.vip:8080/streams/au9u4ktua3t/index.m3u8
RHK 32,http://api.kkitv.itv888.vip:8080/streams/emzampd6m1i/index.m3u8
RT Arabic（阿语）,https://rt-arb.rttv.com/dvr/rtarab/playlist_4500Kb.m3u8
RT Balkan （塞尔维亚语）,https://rt-srb.rttv.com/dvr/rtbalkan/playlist_4500Kb.m3u8
RT DE（德语）,https://rt-ger.rttv.com/dvr/rtdeutsch/playlist_4500Kb.m3u8
RT Doc-Русский（俄语纪录）,https://rt-doc.rttv.com/dvr/rtdru/rtdru1080.m3u8
RT Documentary（英语纪录）,https://rt-rtd.rttv.com/dvr/rtdoc/playlist_4500Kb.m3u8
RT Español（西语）,https://rt-esp.rttv.com/dvr/rtesp/playlist_4500Kb.m3u8
RT Français（法语）,https://rt-fra.rttv.com/dvr/rtfrance/playlist_4500Kb.m3u8
RT News（英语国际）,https://rt-glb.rttv.com/dvr/rtnews/playlist_4500Kb.m3u8
Trace Sports,https://lightning-tracesport-samsungau.amagi.tv/playlist1080p.m3u8
Viu6,http://api.kkitv.itv888.vip:8080/streams/bvdslcl5cts/index.m3u8
VIUTV1,http://api.kkitv.itv888.vip:8080/streams/i76tznm59xp/index.m3u8
Wild Earth,https://wildearth-plex.amagi.tv/masterR1080p.m3u8
WionNews,https://d7x8z4yuq42qn.cloudfront.net/index_7.m3u8
与凤行,https://live.ottiptv.cc/huya/26355866
东丰,http://stream5.jlntv.cn/df/sd/live.m3u8?zjild
中国村庄,http://newcntv.qcloudcdn.com/asp/hls/4000/0303000a/3/default/93fc12dbf14241c18c23da104fbade23/4000.m3u8
乌龙闯情关,https://live.ottiptv.cc/huya/26355767
九台,http://stream10.jlntv.cn/jiutaitv/sd/live.m3u8?zjild
云南丽江玉龙雪山,https://gcalic.v.myalicdn.com/gc/ylxs11_1/index.m3u8
亮剑,https://live.ottiptv.cc/huya/30080238
八度空间,https://cdn6.163189.xyz/163189/8tv
凤凰古城东关门,https://gcalic.v.myalicdn.com/gc/fhgcdgm_1/index.m3u8
凤凰古城南华山,https://gcalic.v.myalicdn.com/gc/fhgcdnhs_1/index.m3u8
华语影视✔原,https://goodiptv.club/douyu/3928
视频4K,http://r.jdshipin.com/ln4xk
视频4K-2,http://r.jdshipin.com/Lqdwf
唐诡之西行,https://live.ottiptv.cc/huya/26355763
四川峨眉山云海日出,https://gcalic.v.myalicdn.com/gc/emsarm_1/index.m3u8
地理中国,http://newcntv.qcloudcdn.com/asp/hls/1200/0303000a/3/default/c6baf6f74bb944aeacee1065ea72c798/1200.m3u8
奇光主播,https://goodiptv.club/douyu/8009547
奇光主播e,https://goodiptv.club/douyu/11849873
如懿传,https://live.ottiptv.cc/huya/29465868
宁夏文旅,https://hls.ningxiahuangheyun.com/live/nxwl1M.m3u8
广州南国都市,http://r.jdshipin.com/nWaZO
延禧攻略,https://live.ottiptv.cc/huya/26355864
建党105周年巡礼,http://hlsztemgsplive.miguvideo.com:8080/migu/virtuallive2/5900002413/51/20210706/index.m3u8?msisdn=2be6b2ec9fcf10d2c2457e2c710e172c&mdspid=&spid=800033&netType=0&sid=5910019527&pid=2028597139&timestamp=20260718040230&Channel_ID=0116_2600034600-99000-201600010010028&ProgramID=713600957&ParentNodeID=-99&assertID=5910019527&client_ip=171.8.79.254&SecurityKey=20260718040230&promotionId=&mvid=5900002443&mcid=500020&playurlVersion=WX-A1-9.6.1.6-SNAPSHOT&userid=&jmhm=&videocodec=h264&appCode=miguvideo_android&bean=mgspad&tid=android&conFee=0&encrypt=88eccec527bbf7f70b891c2dd4d5e4ff&sv=10004&ct=android
建党105周年巡礼,http://gslbmgsplive.miguvideo.com/migu/virtuallive2/5900002413/51/20210706/index.m3u8?msisdn=9c19d19c4abf028d91828f1a6e636260&mdspid=&spid=800033&netType=0&sid=5910019527&pid=2028597139&timestamp=20260718052105&Channel_ID=0116_2600034600-99000-201600010010028&ProgramID=713600957&ParentNodeID=-99&assertID=5910019527&client_ip=39.103.188.159&SecurityKey=20260718052105&promotionId=&mvid=5900002443&mcid=500020&playurlVersion=WX-A1-9.6.1.6-SNAPSHOT&userid=&jmhm=&videocodec=h264&appCode=miguvideo_android&bean=mgspad&tid=android&conFee=0&puData=35a309eb06e6b5bc5f40f0d2e7d4ea61&ddCalcu=1365vaaae3l40ad97eeb20d60ef60b45fb5c&sv=10004&ct=android
开心锤锤,https://goodiptv.club/douyu/9018297
斗鱼港剧,http://www.goodiptv.club/douyu/5061550
新视觉,http://120.76.248.139/live/bfgd/4200000249.m3u8
日本女子摔角,https://goodiptv.club/douyu/425809
星爷房✔原,https://goodiptv.club/douyu/122402
春晚1983,https://alimov2.a.kwimgs.com/upic/2022/01/31/15/BMjAyMjAxMzExNTU5MTRfNDAzMDAxOTlfNjYyNzMxNjcwMjBfMF8z_b_Beb3bda599f76c60c463c433ca7460153.mp4
春晚1984,https://alimov2.a.kwimgs.com/upic/2022/01/31/15/BMjAyMjAxMzExNTU5NTRfNDAzMDAxOTlfNjYyNzMyMzg3MTRfMF8z_b_B192356dadbc90d207ba16964d4c2914c.mp4
春晚1985,https://alimov2.a.kwimgs.com/upic/2022/01/31/16/BMjAyMjAxMzExNjAwMDFfNDAzMDAxOTlfNjYyNzMyNTAwMzJfMF8z_b_Be73c5abcbc0eeb2ec9fce6842e1362a4.mp4
春晚1986,https://alimov2.a.kwimgs.com/upic/2022/01/31/16/BMjAyMjAxMzExNjAwMDRfNDAzMDAxOTlfNjYyNzMyNTU0OTRfMF8z_b_B24f7d19f1132fa5d7f502f8377ad5567.mp4
春晚1987,https://alimov2.a.kwimgs.com/upic/2022/01/31/16/BMjAyMjAxMzExNjAwMDhfNDAzMDAxOTlfNjYyNzMyNjMyMDNfMF8z_b_B570493ed8f7200d4013a66b2d21b2de9.mp4
春晚1988,https://alimov2.a.kwimgs.com/upic/2022/01/31/16/BMjAyMjAxMzExNjAwMTJfNDAzMDAxOTlfNjYyNzMyNjkxNjBfMF8z_b_B8c835b83a92d25bde81ba22c5cd9521e.mp4
春晚1989,https://alimov2.a.kwimgs.com/upic/2022/01/31/16/BMjAyMjAxMzExNjAwMTVfNDAzMDAxOTlfNjYyNzMyNzQ2OTlfMF8z_b_Be477b27b9ce655d2372df56a5a3d96ef.mp4
春晚1999,https://alimov2.a.kwimgs.com/upic/2023/01/13/20/BMjAyMzAxMTMyMDA5MjJfNDAzMDAxOTlfOTM0OTkwNDQxNTRfMF8z_b_B0b5e52bc003285ef66ec0cbb2be08556.mp4
春晚2008,https://alimov2.a.kwimgs.com/upic/2023/01/13/20/BMjAyMzAxMTMyMDA5MjJfNDAzMDAxOTlfOTM0OTkwNDQzNTNfMF8z_b_Bd7346962e61bd7b84e11a1fa6e4616f9.mp4
春晚2011,https://alimov2.a.kwimgs.com/upic/2023/01/16/11/BMjAyMzAxMTYxMTA3MjFfNDAzMDAxOTlfOTM3MjcyMjA3ODhfMF8z_b_B8214200efc869dc6fcf99dad619fa4c1.mp4
春晚2015,https://alimov2.a.kwimgs.com/upic/2023/01/13/20/BMjAyMzAxMTMyMDA5MjJfNDAzMDAxOTlfOTM0OTkwNDQ2MTZfMF8z_b_B4851f43f5a2bc2871a9b0ec87294a6e7.mp4
春晚2017,https://alimov2.a.kwimgs.com/upic/2023/01/13/20/BMjAyMzAxMTMyMDA5MjJfNDAzMDAxOTlfOTM0OTkwNDQ2NDhfMF8z_b_B6527b0c2ce3dda1d9b3f34edd4fdb9aa.mp4
春晚2020,https://alimov2.a.kwimgs.com/upic/2022/01/30/17/BMjAyMjAxMzAxNzA5NDdfNDAzMDAxOTlfNjYxNzQ2MDAyMTFfMF8z_b_B5d51d9564c5670dc66faeba20aa7af3f.mp4
春晚2021,https://alimov2.a.kwimgs.com/upic/2022/01/30/17/BMjAyMjAxMzAxNzE4NTJfNDAzMDAxOTlfNjYxNzUzOTg3NjlfMF8z_b_Be41d9503181d7b0608a839ed401e02c2.mp4
春晚2022,https://alimov2.a.kwimgs.com/upic/2022/02/01/11/BMjAyMjAyMDExMTEwMjNfNDAzMDAxOTlfNjYzNzA4MTk4NzNfMF8z_b_B898cc7ddd0025bf54ddb18ec1f723c84.mp4
未知,https://live.ottiptv.cc/bilibili/30837590
未知,http://cdn.jdshipin.com:8880/huya.php?id=11342412
未知,https://goodiptv.club/douyu/5908256
未知,https://live.ottiptv.cc/yy/1355142167
未知,https://live.ottiptv.cc/huya/23903130
未知,https://live.ottiptv.cc/huya/11352898
未知,https://live.ottiptv.cc/huya/23860039
未知,https://live.ottiptv.cc/huya/29465862
未知,https://live.ottiptv.cc/huya/11342396
未知,http://www.goodiptv.club/douyu/747764
未知,https://live.ottiptv.cc/huya/11352975
未知,https://vip.ffzy-play.com/20221018/1951_47e1adc8/index.m3u8
未知,https://vip.ffzy-play.com/20221018/1953_2d6ba500/index.m3u8
未知,https://vip.ffzy-play7.com/20230112/11082_fde1a94d/index.m3u8
未知,https://vip.ffzy-online.com/20221015/719_80ff87c2/index.m3u8
未知,https://vip.ffzy-play6.com/20221019/157_bf0740ee/index.m3u8
未知,https://vip.ffzy-play7.com/20230116/11563_b9f44814/index.m3u8
未知,https://vip.ffzy-online.com/20221015/722_e32c42bc/index.m3u8
未知,https://vip.ffzy-play1.com/20221018/478_c3afed66/index.m3u8
未知,https://goodiptv.club/douyu/4105989
未知,https://live.ottiptv.cc/huya/29465863
未知,https://live.ottiptv.cc/huya/29580970
未知,https://kbsworld-ott.akamaized.net/hls/live/2002341/kbsworld/master.m3u8
柳河,http://stream5.jlntv.cn/lh/sd/live.m3u8?zjild
桦甸,http://stream10.jlntv.cn/huadian/sd/live.m3u8?zjild
梦中的那片海,https://live.ottiptv.cc/huya/26355765
橙记港剧✔原,https://goodiptv.club/douyu/4549169
欢腾购物,http://tvcdn.stream3.hndt.com/tv/65ba653b017e1000d4ee41c700000000_transios/playlist.m3u8?wsSecret=5cf2e58c8e931e5a7c3f747ad27e2886&wsTime=1784339989
永夜星河,https://live.ottiptv.cc/huya/23734169
汪清,http://stream5.jlntv.cn/wq/sd/live.m3u8?zjild
河北公共,http://1.94.31.214/php/hebei.php?id=hbgg
浙江舟山东极岛,https://gcalic.v.myalicdn.com/gc/djd01_1/index.m3u8
海南广播电视总台新闻,http://hlsztemgsplive.miguvideo.com:8080/migu/kailu/lnysj/51/20251225/index.m3u8?msisdn=2be6b2ec9fcf10d2c2457e2c710e172c&mdspid=&spid=600697&netType=0&sid=5910022326&pid=2028597139&timestamp=20260718040229&Channel_ID=0116_2600034600-99000-201600010010028&ProgramID=962067517&ParentNodeID=-99&assertID=5910022326&client_ip=171.8.79.254&SecurityKey=20260718040229&promotionId=&mvid=5900006789&mcid=500020&playurlVersion=WX-A1-9.6.1.6-SNAPSHOT&userid=&jmhm=&videocodec=h264&appCode=miguvideo_android&bean=mgspad&tid=android&conFee=0&encrypt=9be8d16c933dfdd74856bff2e169aa7e&sv=10004&ct=android
海南广播电视总台社会与法,http://hlszymgsplive.miguvideo.com:8080/migu/kailu/lngg/51/20251225/index.m3u8?msisdn=2be6b2ec9fcf10d2c2457e2c710e172c&mdspid=&spid=600697&netType=0&sid=5910022323&pid=2028597139&timestamp=20260718040229&Channel_ID=0116_2600034600-99000-201600010010028&ProgramID=962045223&ParentNodeID=-99&assertID=5910022323&client_ip=171.8.79.254&SecurityKey=20260718040229&promotionId=&mvid=5900006791&mcid=500020&playurlVersion=WX-A1-9.6.1.6-SNAPSHOT&userid=&jmhm=&videocodec=h264&appCode=miguvideo_android&bean=mgspad&tid=android&conFee=0&encrypt=d4b9e8ed3841299659cc3e5a171bd669&sv=10004&ct=android
海南广播电视总台自贸,http://hlsztemgsplive.miguvideo.com:8080/migu/kailu/lnsh/51/20251225/index.m3u8?msisdn=2be6b2ec9fcf10d2c2457e2c710e172c&mdspid=&spid=600697&netType=0&sid=5910022324&pid=2028597139&timestamp=20260718040229&Channel_ID=0116_2600034600-99000-201600010010028&ProgramID=962045226&ParentNodeID=-99&assertID=5910022324&client_ip=171.8.79.254&SecurityKey=20260718040229&promotionId=&mvid=5900006792&mcid=500020&playurlVersion=WX-A1-9.6.1.6-SNAPSHOT&userid=&jmhm=&videocodec=h264&appCode=miguvideo_android&bean=mgspad&tid=android&conFee=0&encrypt=0c4d8d9844a0f83d3dad376b3e76b286&sv=10004&ct=android
澳门体育,http://cdn6.163189.xyz/163189/amty
澳门卫视,http://php.jdshipin.com:8880/TVOD/iptv.php?id=as
澳门综艺,http://cdn6.163189.xyz/163189/amzy
熊猫直播,https://gcwbndali.v.myalicdn.com/gcwbnd/ipanda1000_2/index.m3u8
熊猫01,http://hlszymgsplive.miguvideo.com:8080/ws_x/2018/xiongmao/HD/2000/index.m3u8?msisdn=2be6b2ec9fcf10d2c2457e2c710e172c&mdspid=&spid=699004&netType=0&sid=2202634723&pid=2028597139&timestamp=20260718040232&Channel_ID=0116_2600034600-99000-201600010010028&ProgramID=609158151&ParentNodeID=-99&assertID=2202634723&client_ip=171.8.79.254&SecurityKey=20260718040232&promotionId=&mvid=2202634723&mcid=500020&playurlVersion=WX-A1-9.6.1.6-SNAPSHOT&userid=&jmhm=&videocodec=h264&appCode=miguvideo_android&bean=mgspad&tid=android&conFee=0&encrypt=4150ef739f2720b3af24a4dd22a07d59&sv=10004&ct=android
熊猫1,http://hlszymgsplive.miguvideo.com:8080/envivo_x/2018/SD/xiongmao01/1000/index.m3u8?msisdn=2be6b2ec9fcf10d2c2457e2c710e172c&mdspid=&spid=699004&netType=0&sid=2200200699&pid=2028597139&timestamp=20260718040232&Channel_ID=0116_2600034600-99000-201600010010028&ProgramID=608933610&ParentNodeID=-99&assertID=2200200699&client_ip=171.8.79.254&SecurityKey=20260718040232&promotionId=&mvid=2200200699&mcid=500020&playurlVersion=WX-A1-9.6.1.6-SNAPSHOT&userid=&jmhm=&videocodec=h264&appCode=miguvideo_android&bean=mgspad&tid=android&conFee=0&encrypt=9f656a73ca10ce9e87e2d979715b0f6c&sv=10004&ct=android
熊猫3,http://hlsztemgsplive.miguvideo.com:8080/envivo_x/2018/SD/xiongmao03/1000/index.m3u8?msisdn=2be6b2ec9fcf10d2c2457e2c710e172c&mdspid=&spid=699004&netType=0&sid=2200200738&pid=2028597139&timestamp=20260718060224&Channel_ID=0116_2600034600-99000-201600010010028&ProgramID=608934619&ParentNodeID=-99&assertID=2200200738&client_ip=171.8.79.254&SecurityKey=20260718060224&promotionId=&mvid=2200200738&mcid=500020&playurlVersion=WX-A1-9.6.1.6-SNAPSHOT&userid=&jmhm=&videocodec=h264&appCode=miguvideo_android&bean=mgspad&tid=android&conFee=0&encrypt=efa0676d11b0cefe6b581f18462a3ff2&sv=10004&ct=android
熊猫4,http://hlszymgsplive.miguvideo.com:8080/envivo_x/2018/SD/xiongmao04/1000/index.m3u8?msisdn=2be6b2ec9fcf10d2c2457e2c710e172c&mdspid=&spid=699004&netType=0&sid=2200200771&pid=2028597139&timestamp=20260718060224&Channel_ID=0116_2600034600-99000-201600010010028&ProgramID=608934721&ParentNodeID=-99&assertID=2200200771&client_ip=171.8.79.254&SecurityKey=20260718060224&promotionId=&mvid=2200200771&mcid=500020&playurlVersion=WX-A1-9.6.1.6-SNAPSHOT&userid=&jmhm=&videocodec=h264&appCode=miguvideo_android&bean=mgspad&tid=android&conFee=0&encrypt=d8ce28c35fd61c519c0db9781f043fcf&sv=10004&ct=android
熊猫5,http://hlszymgsplive.miguvideo.com:8080/envivo_x/2018/SD/xiongmao05/1000/index.m3u8?msisdn=2be6b2ec9fcf10d2c2457e2c710e172c&mdspid=&spid=699004&netType=0&sid=2200200791&pid=2028597139&timestamp=20260718060224&Channel_ID=0116_2600034600-99000-201600010010028&ProgramID=608935104&ParentNodeID=-99&assertID=2200200791&client_ip=171.8.79.254&SecurityKey=20260718060224&promotionId=&mvid=2200200791&mcid=500020&playurlVersion=WX-A1-9.6.1.6-SNAPSHOT&userid=&jmhm=&videocodec=h264&appCode=miguvideo_android&bean=mgspad&tid=android&conFee=0&encrypt=0610dc5755d2e9e6d44f361b25d1219a&sv=10004&ct=android
熊猫6,http://hlszymgsplive.miguvideo.com:8080/envivo_x/2018/SD/xiongmao06/1000/index.m3u8?msisdn=2be6b2ec9fcf10d2c2457e2c710e172c&mdspid=&spid=699004&netType=0&sid=2200200817&pid=2028597139&timestamp=20260718060224&Channel_ID=0116_2600034600-99000-201600010010028&ProgramID=608935797&ParentNodeID=-99&assertID=2200200817&client_ip=171.8.79.254&SecurityKey=20260718060224&promotionId=&mvid=2200200817&mcid=500020&playurlVersion=WX-A1-9.6.1.6-SNAPSHOT&userid=&jmhm=&videocodec=h264&appCode=miguvideo_android&bean=mgspad&tid=android&conFee=0&encrypt=150d41803e4aa469268264d78c618db8&sv=10004&ct=android
熊猫7,http://hlszymgsplive.miguvideo.com:8080/envivo_x/2018/SD/xiongmao07/1000/index.m3u8?msisdn=2be6b2ec9fcf10d2c2457e2c710e172c&mdspid=&spid=699004&netType=0&sid=2200192831&pid=2028597139&timestamp=20260718060224&Channel_ID=0116_2600034600-99000-201600010010028&ProgramID=609169286&ParentNodeID=-99&assertID=2200192831&client_ip=171.8.79.254&SecurityKey=20260718060224&promotionId=&mvid=2200192831&mcid=500020&playurlVersion=WX-A1-9.6.1.6-SNAPSHOT&userid=&jmhm=&videocodec=h264&appCode=miguvideo_android&bean=mgspad&tid=android&conFee=0&encrypt=a1500dcad754acc1ecbb90096e018489&sv=10004&ct=android
熊猫8,http://hlszymgsplive.miguvideo.com:8080/envivo_x/2018/SD/xiongmao08/1000/index.m3u8?msisdn=2be6b2ec9fcf10d2c2457e2c710e172c&mdspid=&spid=699004&netType=0&sid=2200192881&pid=2028597139&timestamp=20260718060225&Channel_ID=0116_2600034600-99000-201600010010028&ProgramID=609169287&ParentNodeID=-99&assertID=2200192881&client_ip=171.8.79.254&SecurityKey=20260718060225&promotionId=&mvid=2200192881&mcid=500020&playurlVersion=WX-A1-9.6.1.6-SNAPSHOT&userid=&jmhm=&videocodec=h264&appCode=miguvideo_android&bean=mgspad&tid=android&conFee=0&encrypt=33528518bc961be00317fc80e430d8cc&sv=10004&ct=android
熊猫9,http://hlsztemgsplive.miguvideo.com:8080/envivo_x/2018/SD/xiongmao09/1000/index.m3u8?msisdn=2be6b2ec9fcf10d2c2457e2c710e172c&mdspid=&spid=699004&netType=0&sid=2200192899&pid=2028597139&timestamp=20260718040233&Channel_ID=0116_2600034600-99000-201600010010028&ProgramID=609169226&ParentNodeID=-99&assertID=2200192899&client_ip=171.8.79.254&SecurityKey=20260718040233&promotionId=&mvid=2200192899&mcid=500020&playurlVersion=WX-A1-9.6.1.6-SNAPSHOT&userid=&jmhm=&videocodec=h264&appCode=miguvideo_android&bean=mgspad&tid=android&conFee=0&encrypt=8c5393a7316cdf3ccb07ddcaa9ca473f&sv=10004&ct=android
特种兵之火凤凰,https://live.ottiptv.cc/huya/29982636
玫瑰的故事,https://live.ottiptv.cc/huya/23865142
电影功夫片,http://live.metshop.top/huya/11352941?cdn=alicdn
电影喜剧专场,http://live.metshop.top/huya/11602044?cdn=alicdn
电影谍战片,http://live.metshop.top/huya/21059587?cdn=alicdn
电影高分动作,http://live.metshop.top/huya/11352884?cdn=alicdn
知否知否,https://live.ottiptv.cc/yy/21881901
磐石,http://stream5.jlntv.cn/ps/sd/live.m3u8?zjild
神探狄仁杰第一部,https://live.ottiptv.cc/huya/11352958
神探狄仁杰第三部,https://live.ottiptv.cc/huya/11342425
神探狄仁杰第二部,https://goodiptv.club/douyu/12183882
翡翠台 backup,http://api.kkitv.itv888.vip:8080/streams/jutaw8wu0j9/index.m3u8
舒兰新闻,http://stream8.jlntv.cn/shulan/sd/live.m3u8?zjild
财富天下,http://gslbmgsplive.miguvideo.com/migu/kailu/cftx/51/20250804/index.m3u8?msisdn=d921ea47115198c5ec308598dba21b67&mdspid=&spid=600697&netType=0&sid=5910022193&pid=2028597139&timestamp=20260718052057&Channel_ID=0116_2600034600-99000-201600010010028&ProgramID=956923159&ParentNodeID=-99&assertID=5910022193&client_ip=39.103.188.159&SecurityKey=20260718052057&promotionId=&mvid=5900006715&mcid=500020&playurlVersion=WX-A1-9.6.1.6-SNAPSHOT&userid=&jmhm=&videocodec=h264&appCode=miguvideo_android&bean=mgspad&tid=android&conFee=0&puData=e8bbfd25b50f92fe7b5d9dd88aefce2d&ddCalcu=de28vebacbdffaeda2858bd5d09fd952bf7e&sv=10004&ct=android
财富天下,http://hlszymgsplive.miguvideo.com:8080/migu/kailu/cftx/51/20250804/index.m3u8?msisdn=2be6b2ec9fcf10d2c2457e2c710e172c&mdspid=&spid=600697&netType=0&sid=5910022193&pid=2028597139&timestamp=20260718040229&Channel_ID=0116_2600034600-99000-201600010010028&ProgramID=956923159&ParentNodeID=-99&assertID=5910022193&client_ip=171.8.79.254&SecurityKey=20260718040229&promotionId=&mvid=5900006715&mcid=500020&playurlVersion=WX-A1-9.6.1.6-SNAPSHOT&userid=&jmhm=&videocodec=h264&appCode=miguvideo_android&bean=mgspad&tid=android&conFee=0&encrypt=bab313b2ef2d5867b369a59c90111921&sv=10004&ct=android
贵州省兴义市万峰林,https://gcalic.v.myalicdn.com/gc/xywfl_1/index.m3u8
赵本删不删,https://goodiptv.club/douyu/9837104
辉南新闻,http://stream5.jlntv.cn/hn/sd/live.m3u8?zjild
阿七点歌,https://goodiptv.club/douyu/3186217
韩国电影1,https://stream.ads.ottera.tv/playlist.m3u8?network_id=595
飞碟之谜01,https://hls.cntv.lxdns.com/asp/hls/2000/0303000a/3/default/f0a47e155d32450daa1d36a04fd7d262/2000.m3u8
飞碟之谜02,https://newcntv.qcloudcdn.com/asp/hls/2000/0303000a/3/default/d2454bbb542d4613a9db478dab2addfd/2000.m3u8
鬼吹灯之怒晴湘西,https://live.ottiptv.cc/huya/11602075
龙井,http://stream8.jlntv.cn/ljtv/sd/live.m3u8?zjild
◆◆◆　https://cloud.7so.top/f/Bgw1H8/%E5%A4%A7%E6%94%B9.txt
◆◆◆　https://fy.188766.xyz/?ip=192.168.1.2%E5%86%B0%E8%8C%B6
◆◆◆　http://bxtv.3a.ink/live.txt
◆◆◆　https://15280.kstore.space/%E5%A5%A5%E5%8F%B0.txt
◆◆◆　https://iptv.catvod.com/tv.m3u
🎁 全部进群免费获取,https://www.catvod.com/backup.m3u8
◆◆◆　https://live.catvod.com/tv.m3u


◆◆◆　https://fy.188766.xyz/?ip=&bconly=true&mima=mianfeidehaimaiqian
◆◆◆　https://raw.githubusercontent.com/Cx4x/6/refs/heads/main/mmg.m3u
12/20 22:45_英超联赛_伯恩茅斯 vs 伯恩利_郭灿亮,https://live.sport888.tv/sport/202_4317182_1.m3u8
◆◆◆　https://raw.githubusercontent.com/Cx4x/6/refs/heads/main/iiqy.m3u
💎添加唯一售后QQ💎,https://cccimg.com/view.php/6099371f290b30f968df614849c46f7a.mp4
💎开球后5分钟刷新配置💎,https://cccimg.com/down.php/9aa51c2f3ca945aefb295386d3a55f05.mp4
◆◆◆　https://c.cxics.com/ds/%E7%A7%92%E6%92%AD.txt
◆◆◆　https://3043.kstore.space/bhvip/bhzb.txt
宝盒没宝,https://gitee.com/baohe2025/bh/raw/master/bh.mp4
教育卫视,http://test1.live.sdetv.com.cn/live/dianshizhibo/playlist.m3u8
龙江卫视,http://60.174.40.117:85/tsfile/live/1032_1.m3u8?key=txiptv
内蒙卫视,http://219.146.95.58:59902/tsfile/live/0109_1.m3u8
龙江卫视,http://221.226.4.10:85/tsfile/live/1019_1.m3u8?key=txiptv
内蒙卫视,http://219.146.95.58:59902/tsfile/live/0109_1.m3u8?txiptv
李茶的姑妈,http://live.nctv.top/huya.php?id=880261
贺岁档,http://live.nctv.top/huya.php?id=11601986
春节喜剧,http://live.nctv.top/huya.php?id=11352897
速肌,http://live.nctv.top/huya.php?id=11279251
丧尸来啦,http://live.nctv.top/huya.php?id=11342422
si神来了,http://live.nctv.top/huya.php?id=11352903
诺兰,http://live.nctv.top/huya.php?id=30080257
古天乐,http://live.nctv.top/huya.php?id=29982675
情人节,http://live.nctv.top/huya.php?id=11352915
女神系列,http://live.nctv.top/huya.php?id=11336571
喜剧专场,http://live.nctv.top/huya.php?id=11602044
Han国动作片,http://live.nctv.top/huya.php?id=11352884
香港贺岁片,http://live.nctv.top/huya.php?id=11601955
许氏三杰,http://live.nctv.top/huya.php?id=11602033
玄幻剧场,http://live.nctv.top/huya.php?id=11342414
曾江,http://live.nctv.top/huya.php?id=11601981
国产悬疑,http://live.nctv.top/huya.php?id=11342395
尹正,http://live.nctv.top/huya.php?id=30080231
首尔之春,http://live.nctv.top/huya.php?id=30080226
港片追女仔,http://live.nctv.top/huya.php?id=11602043
孙红雷,http://live.nctv.top/huya.php?id=11352917
合家欢,http://live.nctv.top/huya.php?id=11352877
学不会系列,http://live.nctv.top/huya.php?id=11352945
误杀3,http://live.nctv.top/huya.php?id=880219
曾小贤,http://live.nctv.top/huya.php?id=11336726
李云龙,http://live.nctv.top/huya.php?id=30080238
超级交通站,http://live.nctv.top/huya.php?id=11342433
许三多,http://live.nctv.top/huya.php?id=11342430
苏大强,http://live.nctv.top/huya.php?id=21059594
胡八一,http://live.nctv.top/huya.php?id=11352871
搞笑一家人,http://live.nctv.top/huya.php?id=11342402
杨光的快乐生活,http://live.nctv.top/huya.php?id=11602085
狄仁杰,http://live.nctv.top/huya.php?id=11342425
李淳罡,http://live.nctv.top/huya.php?id=11336592
范闲,http://live.nctv.top/huya.php?id=11352960
医馆笑传,http://live.nctv.top/huya.php?id=11352891
小染坊,http://live.nctv.top/huya.php?id=11602086
狄仁杰,http://live.nctv.top/huya.php?id=11352958
春水盈盈,http://live.nctv.top/huya.php?id=30080255
乡村爱情,http://live.nctv.top/huya.php?id=11602088
夏雪夏雨夏冰雹,http://live.nctv.top/huya.php?id=11352872
扫黑风暴,http://live.nctv.top/huya.php?id=11342404
云南虫谷,http://live.nctv.top/huya.php?id=11352910
鬼吹灯,http://live.nctv.top/huya.php?id=29465863
渗透,http://live.nctv.top/huya.php?id=30080244
抗日游击队,http://live.nctv.top/huya.php?id=11352912
抗战英雄,http://live.nctv.top/huya.php?id=11352936
炊事班的故事,http://live.nctv.top/huya.php?id=19524135
民兵葛二蛋,http://live.nctv.top/huya.php?id=11602072
特种兵之火凤凰,http://live.nctv.top/huya.php?id=29982636
我就问你这瓜保熟吗,http://live.nctv.top/huya.php?id=11601970
一代枭雄,http://live.nctv.top/huya.php?id=11342398
太极张三丰,http://live.nctv.top/huya.php?id=26355770
刑事侦缉档案,http://live.nctv.top/huya.php?id=29465856
漫长的季节,http://live.nctv.top/huya.php?id=11342393
王漫妮,http://live.nctv.top/huya.php?id=21059609
汉武大帝,http://live.nctv.top/huya.php?id=26355859
全职高手,http://live.nctv.top/huya.php?id=11352901
风筝,http://live.nctv.top/huya.php?id=30080225
还珠格格,http://live.nctv.top/huya.php?id=30080241
与凤行,http://live.nctv.top/huya.php?id=26355866
湄公河大案,http://live.nctv.top/huya.php?id=30080245
星汉灿烂,http://live.nctv.top/huya.php?id=11336591
洗冤录,http://live.nctv.top/huya.php?id=29465851
一起同过窗,http://live.nctv.top/huya.php?id=30080228
三体,http://live.nctv.top/huya.php?id=11352954
亲爱的热爱的,http://live.nctv.top/huya.php?id=29982671
怒海潜沙,http://live.nctv.top/huya.php?id=11342415
画像师,http://live.nctv.top/huya.php?id=11601962
开端,http://live.nctv.top/huya.php?id=11342397
良心医疗剧,http://live.nctv.top/huya.php?id=11352890
鬼吹灯,http://live.nctv.top/huya.php?id=11352883
大瓜,http://live.nctv.top/huya.php?id=11342436
怒晴湘西,http://live.nctv.top/huya.php?id=11602075
打工姐妹花,http://live.nctv.top/huya.php?id=21059564
扫黄先锋,http://live.nctv.top/huya.php?id=29465855
红色经典,http://live.nctv.top/huya.php?id=11602076
青岛往事,http://live.nctv.top/huya.php?id=11342434
创世纪,http://live.nctv.top/huya.php?id=29465852
妙手仁心,http://live.nctv.top/huya.php?id=29465853
特战荣耀,http://live.nctv.top/huya.php?id=30080252
笑看风云,http://live.nctv.top/huya.php?id=29465858
包蛋超人,http://live.nctv.top/huya.php?id=11342400
传闻中的陈芊芊,http://live.nctv.top/huya.php?id=21059608
双面胶,http://live.nctv.top/huya.php?id=11352956
宝总与王小姐,http://live.nctv.top/huya.php?id=21059580
国风动画,http://live.nctv.top/huya.php?id=30080242
编辑部的故事,http://live.nctv.top/huya.php?id=21059591
外科风云,http://live.nctv.top/huya.php?id=29982672
超级英雄,http://live.nctv.top/huya.php?id=29982666
有翡,http://live.nctv.top/huya.php?id=29982668
天天有喜,http://live.nctv.top/huya.php?id=26355849
梦中的那片海,http://live.nctv.top/huya.php?id=26355765
神探夏洛克,http://live.nctv.top/huya.php?id=26355792
星球大战,http://live.nctv.top/huya.php?id=30080234
陆贞传奇,http://live.nctv.top/huya.php?id=29982670
王子变青蛙,http://live.nctv.top/huya.php?id=11601964
顾晓梦,http://live.nctv.top/huya.php?id=21059605
草莽英雄,http://live.nctv.top/huya.php?id=11602042
孙先生,http://live.nctv.top/huya.php?id=26355821
斗罗大陆,http://live.nctv.top/huya.php?id=11352892
王艳,http://live.nctv.top/huya.php?id=11342420
星际迷航,http://live.nctv.top/huya.php?id=30080232
民调局异闻录,http://live.nctv.top/huya.php?id=26355820
瑶山,http://live.nctv.top/huya.php?id=11342392
超异能族,http://live.nctv.top/huya.php?id=21059586
无心法师,http://live.nctv.top/huya.php?id=30080233
熊出没,http://live.nctv.top/huya.php?id=11342438
启航,http://live.nctv.top/huya.php?id=30080248
童话经典·蜡笔小新欢乐多,http://live.nctv.top/huya.php?id=30362138
柯南剧场版,http://live.nctv.top/huya.php?id=30080236
黑子的篮球3,http://live.nctv.top/huya.php?id=30080253
迪迦奥特曼,http://live.nctv.top/huya.php?id=30080215
不良人6,http://live.nctv.top/huya.php?id=30080218
全职猎人,http://live.nctv.top/huya.php?id=30080254
天澜魔法高中,http://live.nctv.top/huya.php?id=26355772
迪士尼！超经典动画电影,http://live.nctv.top/huya.php?id=30080256
地灵曲,http://live.nctv.top/huya.php?id=30080216
武魂世界,http://live.nctv.top/huya.php?id=30357181
网球王子,http://live.nctv.top/huya.php?id=11352882
国漫打戏天花板,http://live.nctv.top/huya.php?id=11352869
成龙历险记,http://live.nctv.top/huya.php?id=11352946
_blue胖,http://live.nctv.top/huya.php?id=11601963
七龙珠改,http://live.nctv.top/huya.php?id=11601966
一念斩千魔,http://live.nctv.top/huya.php?id=21059592
魔法少女,http://live.nctv.top/huya.php?id=21059587
一人之上,http://live.nctv.top/huya.php?id=11602065
刘关张三活宝,http://live.nctv.top/huya.php?id=29465871
红娘妖狐,http://live.nctv.top/huya.php?id=11352967
灵界侦探浦饭幽助,http://live.nctv.top/huya.php?id=11602034
假面骑士龙骑,http://live.nctv.top/huya.php?id=11352918
易中天,http://live.nctv.top/huya.php?id=11602032
五哈,http://live.nctv.top/huya.php?id=30080247
王纪超人,http://live.nctv.top/huya.php?id=21059551
-若凌Provence-,http://live.nctv.top/huya.php?id=11352955
脱口秀,http://live.nctv.top/huya.php?id=11352875
封神英雄,http://live.nctv.top/huya.php?id=30080246
RM跑男,http://live.nctv.top/huya.php?id=11336725
青环2,http://live.nctv.top/huya.php?id=30080243
刘小光,http://live.nctv.top/huya.php?id=11352938
脱口秀大会4,http://live.nctv.top/huya.php?id=29465870
奔跑家族,http://live.nctv.top/huya.php?id=29465869
宋小宝,http://live.nctv.top/huya.php?id=11352907
天赐5,http://live.nctv.top/huya.php?id=30080249
于谦吴京何猷君,http://live.nctv.top/huya.php?id=29982647
offer1,http://live.nctv.top/huya.php?id=30080237
还我瓢瓢拳,http://live.nctv.top/huya.php?id=21059578
电影_星爷,http://live.nctv.top/huya.php?id=11342412
电影_英叔,http://live.nctv.top/huya.php?id=11342421
电影_发哥,http://live.nctv.top/huya.php?id=11342387
电影_成龙,http://live.nctv.top/huya.php?id=11342386
电影_王晶,http://live.nctv.top/huya.php?id=11602058
电影_宇宙,http://live.nctv.top/huya.php?id=11342428
电影_警匪,http://live.nctv.top/huya.php?id=11352886
电影_国产,http://live.nctv.top/huya.php?id=11352973
电影_许冠英,http://live.nctv.top/huya.php?id=11601972
电影_刘德华,http://live.nctv.top/huya.php?id=11342424
电影_斯坦森,http://live.nctv.top/huya.php?id=21059588
电影_古装片,http://live.nctv.top/huya.php?id=11336590
电影_欢笑影院,http://live.nctv.top/huya.php?id=11352894
电影_快意江湖,http://live.nctv.top/huya.php?id=11342435
电影_黑帮斗争,http://live.nctv.top/huya.php?id=11342419
电影_嫣然影厅,http://live.nctv.top/huya.php?id=11601977
电影_经典港片,http://live.nctv.top/huya.php?id=11352965
电影_镖行天下,http://live.nctv.top/huya.php?id=11352969
电影_怪兽系列,http://live.nctv.top/huya.php?id=21059554
搞笑_陈翔六点半,http://live.nctv.top/huya.php?id=11274154
剧集_老三国,http://live.nctv.top/huya.php?id=11602081
剧集_雍正王朝,http://live.nctv.top/huya.php?id=11342439
剧集_武林外传,http://live.nctv.top/huya.php?id=21059598
剧集_邻里一家亲,http://live.nctv.top/huya.php?id=11342426
诸暨新闻综合,http://l.cztvcloud.com/channels/lantian/SXzhuji3/720p.m3u8?zzhed
龙游生活娱乐,http://l.cztvcloud.com/channels/lantian/SXlongyou2/720p.m3u8?zzhed
龙游生活娱乐,https://l.cztvcloud.com/channels/lantian/SXlongyou2/720p.m3u8
龙游新闻综合,http://l.cztvcloud.com/channels/lantian/SXlongyou1/720p.m3u8?zzhed
龙游新闻综合,https://l.cztvcloud.com/channels/lantian/SXlongyou1/720p.m3u8
象山综合,http://l.cztvcloud.com/channels/lantian/SXxiangshan1/720p.m3u8?zzhed
衢江新闻综合,http://l.cztvcloud.com/channels/lantian/SXqujiang1/720p.m3u8?zzhed
萧山生活,http://l.cztvcloud.com/channels/lantian/SXxiaoshan2/720p.m3u8?zzhed?
萧山生活,https://l.cztvcloud.com/channels/lantian/SXxiaoshan2/720p.m3u8
萧山新闻综合,https://l.cztvcloud.com/channels/lantian/SXxiaoshan1/720p.m3u8
缙云综合,http://l.cztvcloud.com/channels/lantian/SXjinyun1/720p.m3u8?zzhed?
洞头综合,http://l.cztvcloud.com/channels/lantian/SXdongtou1/720p.m3u8?zzhed?
武义新闻综合,http://l.cztvcloud.com/channels/lantian/SXwuyi1/720p.m3u8?zzhed
松阳综合,http://l.cztvcloud.com/channels/lantian/SXsongyang1/720p.m3u8?zzhed?
数码时代,https://ali-m-l.cztv.com/channels/lantian/channel012/1080p.m3u8
庆元综合,http://l.cztvcloud.com/channels/lantian/SXqingyuan1/720p.m3u8?zzhed?
平湖民生休闲,http://l.cztvcloud.com/channels/lantian/SXpinghu2/720p.m3u8?zzhed
平湖新闻综合,http://l.cztvcloud.com/channels/lantian/SXpinghu1/720p.m3u8?zzhed
余杭综合,http://l.cztvcloud.com/channels/lantian/SXyuhang1/720p.m3u8?zzhed
余杭未来E,http://l.cztvcloud.com/channels/lantian/SXyuhang3/720p.m3u8?zzhed
余姚综合,http://l.cztvcloud.com/channels/lantian/SXyuyao1/720p.m3u8?zzhed
余姚姚江文化,http://l.cztvcloud.com/channels/lantian/SXyuyao3/720p.m3u8?zzhed
云和新闻综合,http://l.cztvcloud.com/channels/lantian/SXyunhe1/720p.m3u8?zzhed
重庆时尚购物,https://tvlive.ugoshop.com/ugotvlive/ssgotv.m3u8?auth_key=2312509421-0-0-6642ec3645caa943da6855a9ef7e2129
来宾综合,http://zb.gxlbamc.com:1935/live/lbzh.stream/playlist.m3u8
叙州新闻综合,http://pili-live-hls.ybcxjd.com/jdh-live/2108111201035597.m3u8?zsicd
广安公共,http://live1.gatv.com.cn:85/live/GGPD_ggpdzm.m3u8?zsicd
松潘新闻综合,http://live.spccmc.com:90/live/spxwzh.m3u8?zsicd
汉源综合,http://live.hyxrmt.com:85/live/xwpd.m3u8?zsicd
汶川新闻综合,http://live.iwcmt.cn:90/live/zhxw.m3u8?zsicd
沐川综合,rtmp://tv.mcrm.org.cn:1935/channellive/tv01
沙湾综合,http://tvfile.swrmt.com:80/nmip-media/channellive/channel100064/playlist.m3u8
金川乡村,http://live.jinchuanrmt.com:90/live/jcxc.m3u8?zsicd
金川新闻综合,http://live.jinchuanrmt.com:90/live/zhxw.m3u8?zsicd
民和综合,http://livecdn.dmqhyadmin.com/hls/xjminhe.m3u8?zqinghd
兴海综合,http://lived.dmqhyadmin.com/xhzhpd/sd/live.m3u8
青海经视,http://stream.qhbtv.com/qhsh/sd/live.m3u8?_upt=e4e9fe741725348067
◆◆◆　https://raw.githubusercontent.com/alantang1977/X/refs/heads/main/live/go.txt
CCTV20241,https://p2.bdstatic.com/rtmp.liveshow.lss-user.baidubce.com/live/stream_bduid_6488563992_8982723413/merged_1707497046297_88536_25144_41936.m3u8
中央新影-发现之旅,http://goo.bkpcp.top/mg/fxzl
中央新影-发现之旅,http://z.b.bkpcp.top/m.php?id=fxzl
中央新影-老故事,http://goo.bkpcp.top/mg/lgs
中央新影-老故事,http://z.b.bkpcp.top/m.php?id=lgs
TVBPlus,https://hls-gateway.vpstv.net/streams/476923.m3u8
娱乐新闻,https://hls-gateway.vpstv.net/streams/708904.m3u8
星河,https://hls-gateway.vpstv.net/streams/709489.m3u8
功夫台,https://hls-gateway.vpstv.net/streams/476226.m3u8
无线经典,https://hls-gateway.vpstv.net/streams/708898.m3u8
TVBJ1,https://hls-gateway.vpstv.net/streams/709490.m3u8
TVBJ1,https://hls-gateway.vpstv.net/streams/476199.m3u8
无线亚洲剧,https://hls-gateway.vpstv.net/streams/709491.m3u8
无线华剧,https://hls-gateway.vpstv.net/streams/709492.m3u8
无线戏曲,https://hls-gateway.vpstv.net/streams/709493.m3u8
无线戏曲,https://hls-gateway.vpstv.net/streams/708897.m3u8
无线粤语片,https://hls-gateway.vpstv.net/streams/476225.m3u8
无线少儿,https://hls-gateway.vpstv.net/streams/708905.m3u8
无线奖门人,https://hls-gateway.vpstv.net/streams/709463.m3u8
无线-EYT,https://hls-gateway.vpstv.net/streams/709464.m3u8
无线识食,https://hls-gateway.vpstv.net/streams/709465.m3u8
无线识叹,https://hls-gateway.vpstv.net/streams/709466.m3u8
无线音乐,https://hls-gateway.vpstv.net/streams/709467.m3u8
无线剧场,https://hls-gateway.vpstv.net/streams/709468.m3u8
无线话当年,https://hls-gateway.vpstv.net/streams/709469.m3u8
ZooMoo,http://api.mytv666.top/api/qwt.php?t=少儿频道&id=ZooMoo
Nickelodeon,http://api.mytv666.top/api/qwt.php?t=少儿频道&id=Nickelodeon
NickJr儿童,http://api.mytv666.top/api/qwt.php?t=少儿频道&id=NickJr儿童频道
i-Fun动漫,http://api.mytv666.top/api/qwt.php?t=少儿频道&id=i-Fun動漫台
POPC,http://api.mytv666.top/api/qwt.php?t=影视频道&id=POPC
TVB功夫台(国),http://api.mytv666.top/api/qwt.php?t=影视频道&id=TVB功夫台(国)
TVB功夫台(粤),http://api.mytv666.top/api/qwt.php?t=影视频道&id=TVB功夫台(粤)
美亚电影(国),http://api.mytv666.top/api/qwt.php?t=影视频道&id=美亚电影(国)
美亚电影(粤),http://api.mytv666.top/api/qwt.php?t=影视频道&id=美亚电影(粤)
tvN,http://api.mytv666.top/api/qwt.php?t=影视频道&id=tvN
Kix,http://api.mytv666.top/api/qwt.php?t=影视频道&id=Kix
ROCK超级娱乐,http://api.mytv666.top/api/qwt.php?t=影视频道&id=ROCK超级娱乐
ROCK综艺娱乐,http://api.mytv666.top/api/qwt.php?t=影视频道&id=ROCK综艺娱乐
AXN,http://api.mytv666.top/api/qwt.php?t=影视频道&id=AXN
Animax,http://api.mytv666.top/api/qwt.php?t=影视频道&id=Animax
Thrill惊悚,http://api.mytv666.top/api/qwt.php?t=影视频道&id=Thrill惊悚
AXN频道,http://api.mytv666.top/api/qwt.php?t=影视频道&id=AXN頻道
华纳电影,http://api.mytv666.top/api/qwt.php?t=影视频道&id=华纳电影
CINEMAX,http://api.mytv666.top/api/qwt.php?t=影视频道&id=CINEMAX
HBO,http://api.mytv666.top/api/qwt.php?t=影视频道&id=HBOHD
HBO原创,http://api.mytv666.top/api/qwt.php?t=影视频道&id=HBO原创
HBO强档,http://api.mytv666.top/api/qwt.php?t=影视频道&id=HBO强档
HBO家庭,http://api.mytv666.top/api/qwt.php?t=影视频道&id=HBO家庭
好莱坞电影,http://api.mytv666.top/api/qwt.php?t=影视频道&id=好莱坞电影
amc最爱电影,http://api.mytv666.top/api/qwt.php?t=影视频道&id=amc最爱电影
NBATV,http://api.mytv666.top/api/qwt.php?t=体育频道&id=NBATV
HKC18,http://api.mytv666.top/api/qwt.php?t=体育频道&id=HKC18台
NowSports1,http://api.mytv666.top/api/qwt.php?t=体育频道&id=NowSports1
NowSports2,http://api.mytv666.top/api/qwt.php?t=体育频道&id=NowSports2
NowSports3,http://api.mytv666.top/api/qwt.php?t=体育频道&id=NowSports3
NowSports|4|,http://api.mytv666.top/api/qwt.php?t=体育频道&id=NowSports|4|
NowSports5,http://api.mytv666.top/api/qwt.php?t=体育频道&id=NowSports5
NowSports6,http://api.mytv666.top/api/qwt.php?t=体育频道&id=NowSports6
NowSports7,http://api.mytv666.top/api/qwt.php?t=体育频道&id=NowSports7
NowSports英超1,http://api.mytv666.top/api/qwt.php?t=体育频道&id=NowSports英超1台
NowSports英超2,http://api.mytv666.top/api/qwt.php?t=体育频道&id=NowSports英超2台
NowSports英超3,http://api.mytv666.top/api/qwt.php?t=体育频道&id=NowSports英超3台
NowSports英超|4|,http://api.mytv666.top/api/qwt.php?t=体育频道&id=NowSports英超|4|台
NowSports英超5,http://api.mytv666.top/api/qwt.php?t=体育频道&id=NowSports英超5台
NowSports英超6,http://api.mytv666.top/api/qwt.php?t=体育频道&id=NowSports英超6台
C18跑马,http://api.mytv666.top/api/qwt.php?t=体育频道&id=C18跑马
88跑马,http://api.mytv666.top/api/qwt.php?t=体育频道&id=88跑马台
28AI智慧赛马,http://api.mytv666.top/api/qwt.php?t=体育频道&id=28AI智慧赛马
mySUPER直播足球2,http://api.mytv666.top/api/qwt.php?t=体育频道&id=mySUPER直播足球2台
mySUPER直播足球3,http://api.mytv666.top/api/qwt.php?t=体育频道&id=mySUPER直播足球3台
mySUPER直播足球|4|,http://api.mytv666.top/api/qwt.php?t=体育频道&id=mySUPER直播足球|4|台
mySUPER直播足球5,http://api.mytv666.top/api/qwt.php?t=体育频道&id=mySUPER直播足球5台
mySUPER直播足球6,http://api.mytv666.top/api/qwt.php?t=体育频道&id=mySUPER直播足球6台
ELTA体育1,http://api.mytv666.top/api/qwt.php?t=体育频道&id=ELTA体育1
ELTA体育2,http://api.mytv666.top/api/qwt.php?t=体育频道&id=ELTA体育2
ELTA体育3,http://api.mytv666.top/api/qwt.php?t=体育频道&id=ELTA体育3
ELTA体育|4|,http://api.mytv666.top/api/qwt.php?t=体育频道&id=ELTA体育|4|
GinxTV电竞,http://api.mytv666.top/api/qwt.php?t=体育频道&id=GinxTV电竞频道
博斯运动1,http://api.mytv666.top/api/qwt.php?t=体育频道&id=博斯运动1
博斯运动2,http://api.mytv666.top/api/qwt.php?t=体育频道&id=博斯运动2
博斯高球1,http://api.mytv666.top/api/qwt.php?t=体育频道&id=博斯高球1
博斯高球2,http://api.mytv666.top/api/qwt.php?t=体育频道&id=博斯高球2
博斯网球,http://api.mytv666.top/api/qwt.php?t=体育频道&id=博斯网球
博斯无限,http://api.mytv666.top/api/qwt.php?t=体育频道&id=博斯无限
博斯无限2,http://api.mytv666.top/api/qwt.php?t=体育频道&id=博斯无限2
博斯魅力,http://api.mytv666.top/api/qwt.php?t=体育频道&id=博斯魅力
智林体育,http://api.mytv666.top/api/qwt.php?t=体育频道&id=智林体育台
TRACESportStars,http://api.mytv666.top/api/qwt.php?t=体育频道&id=TRACESportStars
TVBPlus,http://api.mytv666.top/api/qwt.php?t=香港频道&id=TVBPlus
TVB生活,http://api.mytv666.top/api/qwt.php?t=香港频道&id=TVB生活台
TVB星河(粤),http://api.mytv666.top/api/qwt.php?t=香港频道&id=TVB星河频道(粤)
TVB星河(国),http://api.mytv666.top/api/qwt.php?t=香港频道&id=TVB星河频道(国)
TVB1,http://api.mytv666.top/api/qwt.php?t=香港频道&id=TVB1
TVBJ1,http://api.mytv666.top/api/qwt.php?t=香港频道&id=TVBJ1
TVBDrama翡翠剧集,http://api.mytv666.top/api/qwt.php?t=香港频道&id=TVBDrama翡翠劇集台
TVBPearlDrama明珠剧集,http://api.mytv666.top/api/qwt.php?t=香港频道&id=TVBPearlDrama明珠劇集台
TVBE翡翠娱乐,http://api.mytv666.top/api/qwt.php?t=香港频道&id=TVBE翡翠娛樂台
天映(国),http://api.mytv666.top/api/qwt.php?t=香港频道&id=天映频道(国)
天映(粤),http://api.mytv666.top/api/qwt.php?t=香港频道&id=天映频道(粤)
TVB功夫台(国),http://api.mytv666.top/api/qwt.php?t=香港频道&id=TVB功夫台(国)
TVB功夫台(粤),http://api.mytv666.top/api/qwt.php?t=香港频道&id=TVB功夫台(粤)
美亚电影(国),http://api.mytv666.top/api/qwt.php?t=香港频道&id=美亚电影(国)
美亚电影(粤),http://api.mytv666.top/api/qwt.php?t=香港频道&id=美亚电影(粤)
POPC,http://api.mytv666.top/api/qwt.php?t=香港频道&id=POPC
黄金华剧,http://api.mytv666.top/api/qwt.php?t=香港频道&id=黃金華劇台
Now直播,http://api.mytv666.top/api/qwt.php?t=香港频道&id=Now直播台
Now财经,http://api.mytv666.top/api/qwt.php?t=香港频道&id=Now财经台
Now华剧,http://api.mytv666.top/api/qwt.php?t=香港频道&id=Now華劇台
Now剧集,http://api.mytv666.top/api/qwt.php?t=香港频道&id=Now劇集台
NowJelli紫金国际,http://api.mytv666.top/api/qwt.php?t=香港频道&id=NowJelli紫金国际
HOY76,http://api.mytv666.top/api/qwt.php?t=香港频道&id=HOY76
HOY77,http://api.mytv666.top/api/qwt.php?t=香港频道&id=HOY77
HOY78,http://api.mytv666.top/api/qwt.php?t=香港频道&id=HOY78
ViuTV6,http://api.mytv666.top/api/qwt.php?t=香港频道&id=ViuTV6
HKC18,http://api.mytv666.top/api/qwt.php?t=香港频道&id=HKC18台
亚洲剧,http://api.mytv666.top/api/qwt.php?t=香港频道&id=亚洲剧台
华语剧,http://api.mytv666.top/api/qwt.php?t=香港频道&id=华语剧台
黄金翡翠,http://api.mytv666.top/api/qwt.php?t=香港频道&id=黄金翡翠台
MyTV千禧经典,http://api.mytv666.top/api/qwt.php?t=香港频道&id=MyTV千禧经典台
TVBSuperFree,http://api.mytv666.top/api/qwt.php?t=香港频道&id=TVBSuperFree
HandsUP,http://api.mytv666.top/api/qwt.php?t=香港频道&id=HandsUP
戏曲台,http://api.mytv666.top/api/qwt.php?t=香港频道&id=戏曲台
粤语片,http://api.mytv666.top/api/qwt.php?t=香港频道&id=粤语片台
亚洲综合娱乐,http://api.mytv666.top/api/qwt.php?t=香港频道&id=亚洲综合娱乐台
28AI智慧赛马,http://api.mytv666.top/api/qwt.php?t=香港频道&id=28AI智慧赛马
中视,http://api.mytv666.top/api/qwt.php?t=台湾频道&id=中视
公视,http://api.mytv666.top/api/qwt.php?t=台湾频道&id=公视
小公视,http://api.mytv666.top/api/qwt.php?t=台湾频道&id=小公视
公视台语,http://api.mytv666.top/api/qwt.php?t=台湾频道&id=公视台语台
公视新闻网,http://api.mytv666.top/api/qwt.php?t=台湾频道&id=公视新闻网
台视,http://api.mytv666.top/api/qwt.php?t=台湾频道&id=台视
台视综合,http://api.mytv666.top/api/qwt.php?t=台湾频道&id=台视综合
台视财经,http://api.mytv666.top/api/qwt.php?t=台湾频道&id=台视财经
台湾戏剧,http://api.mytv666.top/api/qwt.php?t=台湾频道&id=台湾戏剧
华视,http://api.mytv666.top/api/qwt.php?t=台湾频道&id=华视
CTS华视新闻资讯,http://api.mytv666.top/api/qwt.php?t=台湾频道&id=CTS华视新闻资讯
霹雳台湾,http://api.mytv666.top/api/qwt.php?t=台湾频道&id=霹雳台湾台
壹新闻,http://api.mytv666.top/api/qwt.php?t=台湾频道&id=壹新闻
壹电影,http://api.mytv666.top/api/qwt.php?t=台湾频道&id=壹电影
JET综合,http://api.mytv666.top/api/qwt.php?t=台湾频道&id=JET综合台
年代新闻,http://api.mytv666.top/api/qwt.php?t=台湾频道&id=年代新闻
年代Much,http://api.mytv666.top/api/qwt.php?t=台湾频道&id=年代Much
非凡商业,http://api.mytv666.top/api/qwt.php?t=台湾频道&id=非凡商业
寰宇新闻台湾,http://api.mytv666.top/api/qwt.php?t=台湾频道&id=寰宇新闻台湾
寰宇财经,http://api.mytv666.top/api/qwt.php?t=台湾频道&id=寰宇财经
镜新闻,http://api.mytv666.top/api/qwt.php?t=台湾频道&id=鏡新闻
东森超视美洲,http://api.mytv666.top/api/qwt.php?t=台湾频道&id=东森超视美洲
东森美洲,http://api.mytv666.top/api/qwt.php?t=台湾频道&id=东森美洲
东森中国,http://api.mytv666.top/api/qwt.php?t=台湾频道&id=东森中国台
东森幼幼,http://api.mytv666.top/api/qwt.php?t=台湾频道&id=东森幼幼
MOMO亲子,http://api.mytv666.top/api/qwt.php?t=台湾频道&id=MOMO亲子台
国兴卫视,http://api.mytv666.top/api/qwt.php?t=台湾频道&id=国兴卫视
龙华偶像,http://api.mytv666.top/api/qwt.php?t=台湾频道&id=龙华偶像
龙华日韩,http://api.mytv666.top/api/qwt.php?t=台湾频道&id=龙华日韩
龙华影剧,http://api.mytv666.top/api/qwt.php?t=台湾频道&id=龙华影剧
龙华洋片,http://api.mytv666.top/api/qwt.php?t=台湾频道&id=龙华洋片
龙华卡通,http://api.mytv666.top/api/qwt.php?t=台湾频道&id=龙华卡通
龙华经典,http://api.mytv666.top/api/qwt.php?t=台湾频道&id=龙华经典
LIVE三立,http://api.mytv666.top/api/qwt.php?t=台湾频道&id=LIVE三立
CTI+中天2,http://api.mytv666.top/api/qwt.php?t=台湾频道&id=CTI+中天2台
纬来日本,http://api.mytv666.top/api/qwt.php?t=台湾频道&id=纬来日本
八大娱乐,http://api.mytv666.top/api/qwt.php?t=台湾频道&id=八大娱乐台
TVBS精采,http://api.mytv666.top/api/qwt.php?t=台湾频道&id=TVBS精采台
TVBS,http://api.mytv666.top/api/qwt.php?t=台湾频道&id=TVBSHD
TVBSNEWS,http://api.mytv666.top/api/qwt.php?t=台湾频道&id=TVBSNEWS
靖天综合,http://api.mytv666.top/api/qwt.php?t=台湾频道&id=靖天综合台
靖天日本,http://api.mytv666.top/api/qwt.php?t=台湾频道&id=靖天日本台
靖天卡通,http://api.mytv666.top/api/qwt.php?t=台湾频道&id=靖天卡通台
靖洋卡通,http://api.mytv666.top/api/qwt.php?t=台湾频道&id=靖洋卡通台
靖天国际,http://api.mytv666.top/api/qwt.php?t=台湾频道&id=靖天国际台
靖天育乐,http://api.mytv666.top/api/qwt.php?t=台湾频道&id=靖天育乐台
靖天欢乐,http://api.mytv666.top/api/qwt.php?t=台湾频道&id=靖天欢乐台
华艺MBC综合,http://api.mytv666.top/api/qwt.php?t=台湾频道&id=華藝MBC綜合台
LUXETV,http://api.mytv666.top/api/qwt.php?t=台湾频道&id=LUXETV
亚洲旅游,http://api.mytv666.top/api/qwt.php?t=台湾频道&id=亚洲旅游台
台湾Plus,http://api.mytv666.top/api/qwt.php?t=台湾频道&id=台湾Plus
EYETV旅游,http://api.mytv666.top/api/qwt.php?t=台湾频道&id=EYETV旅游
EYETV戏剧,http://api.mytv666.top/api/qwt.php?t=台湾频道&id=EYETV戏剧
ELTA日韩,http://api.mytv666.top/api/qwt.php?t=台湾频道&id=ELTA日韩
ELTA影剧,http://api.mytv666.top/api/qwt.php?t=台湾频道&id=ELTA影剧
ELTA综合,http://api.mytv666.top/api/qwt.php?t=台湾频道&id=ELTA综合
ELTA娱乐,http://api.mytv666.top/api/qwt.php?t=台湾频道&id=ELTA娱乐
ELTA生活旅游,http://api.mytv666.top/api/qwt.php?t=台湾频道&id=ELTA生活旅游
i-Fun动漫,http://api.mytv666.top/api/qwt.php?t=台湾频道&id=i-Fun動漫台
Z,http://api.mytv666.top/api/qwt.php?t=台湾频道&id=Z频道
Thrill惊悚,http://api.mytv666.top/api/qwt.php?t=台湾频道&id=Thrill惊悚
AXN频道,http://api.mytv666.top/api/qwt.php?t=台湾频道&id=AXN頻道
华纳电影,http://api.mytv666.top/api/qwt.php?t=台湾频道&id=华纳电影
tVN,http://api.mytv666.top/api/qwt.php?t=台湾频道&id=tVN
CINEMAX,http://api.mytv666.top/api/qwt.php?t=台湾频道&id=CINEMAX
HBO,http://api.mytv666.top/api/qwt.php?t=台湾频道&id=HBO
HBO,http://api.mytv666.top/api/qwt.php?t=台湾频道&id=HBOHD
HBO原创,http://api.mytv666.top/api/qwt.php?t=台湾频道&id=HBO原创
HBO强档,http://api.mytv666.top/api/qwt.php?t=台湾频道&id=HBO强档
HBO家庭,http://api.mytv666.top/api/qwt.php?t=台湾频道&id=HBO家庭
好莱坞电影,http://api.mytv666.top/api/qwt.php?t=台湾频道&id=好莱坞电影
amc最爱电影,http://api.mytv666.top/api/qwt.php?t=台湾频道&id=amc最爱电影
采昌影剧,http://api.mytv666.top/api/qwt.php?t=台湾频道&id=采昌影剧台
高点综合,http://api.mytv666.top/api/qwt.php?t=台湾频道&id=高点综合
东风卫视,http://api.mytv666.top/api/qwt.php?t=台湾频道&id=东风卫视
Smart知识,http://api.mytv666.top/api/qwt.php?t=台湾频道&id=Smart知识台
客家电视,http://api.mytv666.top/api/qwt.php?t=台湾频道&id=客家电视台
原住民,http://api.mytv666.top/api/qwt.php?t=台湾频道&id=原住民频道
MTV音乐,http://api.mytv666.top/api/qwt.php?t=台湾频道&id=MTV音乐频道
韩国娱乐,http://api.mytv666.top/api/qwt.php?t=台湾频道&id=韩国娱乐台
猪哥亮歌厅秀,http://api.mytv666.top/api/qwt.php?t=台湾频道&id=猪哥亮歌厅秀
AstroAEC,http://api.mytv666.top/api/qwt.php?t=国外频道&id=AstroAEC
AstroQJ,http://api.mytv666.top/api/qwt.php?t=国外频道&id=AstroQJ
AstroAOD,http://api.mytv666.top/api/qwt.php?t=国外频道&id=AstroAOD
Astro欢喜,http://api.mytv666.top/api/qwt.php?t=国外频道&id=Astro欢喜台
娱家台,http://api.mytv666.top/api/qwt.php?t=国外频道&id=娱家台
都会台,http://api.mytv666.top/api/qwt.php?t=国外频道&id=都会台
新时代1,http://api.mytv666.top/api/qwt.php?t=国外频道&id=新时代1
新时代2,http://api.mytv666.top/api/qwt.php?t=国外频道&id=新时代2
城市电视,http://api.mytv666.top/api/qwt.php?t=国外频道&id=城市电视
中旺电视,http://api.mytv666.top/api/qwt.php?t=国外频道&id=中旺电视
FashionBox,http://api.mytv666.top/api/qwt.php?t=国外频道&id=FashionBox
tvN,http://api.mytv666.top/api/qwt.php?t=国外频道&id=tvN
Kix,http://api.mytv666.top/api/qwt.php?t=国外频道&id=Kix
ROCK超级娱乐,http://api.mytv666.top/api/qwt.php?t=国外频道&id=ROCK超级娱乐
ROCK综艺娱乐,http://api.mytv666.top/api/qwt.php?t=国外频道&id=ROCK综艺娱乐
AXN,http://api.mytv666.top/api/qwt.php?t=国外频道&id=AXN
Animax,http://api.mytv666.top/api/qwt.php?t=国外频道&id=Animax
ZooMoo,http://api.mytv666.top/api/qwt.php?t=国外频道&id=ZooMoo
Nickelodeon,http://api.mytv666.top/api/qwt.php?t=国外频道&id=Nickelodeon
NickJr儿童,http://api.mytv666.top/api/qwt.php?t=国外频道&id=NickJr儿童频道
DreamWorks,http://api.mytv666.top/api/qwt.php?t=国外频道&id=DreamWorks
探索,http://api.mytv666.top/api/qwt.php?t=国外频道&id=探索频道
Arirang,http://api.mytv666.top/api/qwt.php?t=国外频道&id=Arirang
KBS1,http://api.mytv666.top/api/qwt.php?t=国外频道&id=KBS1
KBS2,http://api.mytv666.top/api/qwt.php?t=国外频道&id=KBS2
KBSDrama,http://api.mytv666.top/api/qwt.php?t=国外频道&id=KBSDrama
History,http://api.mytv666.top/api/qwt.php?t=国外频道&id=History
SBS,http://api.mytv666.top/api/qwt.php?t=国外频道&id=SBS
SBSBiz,http://api.mytv666.top/api/qwt.php?t=国外频道&id=SBSBiz
JTBC,http://api.mytv666.top/api/qwt.php?t=国外频道&id=JTBC
EBS,http://api.mytv666.top/api/qwt.php?t=国外频道&id=EBS
YTN,http://api.mytv666.top/api/qwt.php?t=国外频道&id=YTN
Mnet,http://api.mytv666.top/api/qwt.php?t=国外频道&id=Mnet
OCN,http://api.mytv666.top/api/qwt.php?t=国外频道&id=OCN
InetTV,http://api.mytv666.top/api/qwt.php?t=国外频道&id=InetTV
MBC,http://api.mytv666.top/api/qwt.php?t=国外频道&id=MBC
MBN,http://api.mytv666.top/api/qwt.php?t=国外频道&id=MBN
Tooniverse,http://api.mytv666.top/api/qwt.php?t=国外频道&id=Tooniverse
SPOTV,http://api.mytv666.top/api/qwt.php?t=国外频道&id=SPOTV
JTBCGOLF,http://api.mytv666.top/api/qwt.php?t=国外频道&id=JTBCGOLF
上海东方卫视,http://101.43.145.141:12002/itv/1000000005000265018.m3u8?cdn=ystenlive
旅游卫视,http://111.61.236.247:9081/hls/50/index.m3u8
四海钓鱼,http://goo.bkpcp.top/mg/shdy
四海钓鱼,http://z.b.bkpcp.top/m.php?id=shdy
四海钓鱼,http://150.158.112.123/公众号~玉玉软件库/mg.php?id=shdy
东方卫视x,http://150.158.112.123/公众号~玉玉软件库/mg.php?id=dfws
宁夏卫视x,http://150.158.112.123/公众号~玉玉软件库/mg.php?id=nxws
湖南卫视x,http://150.158.112.123/公众号~玉玉软件库/mg.php?id=hunws
东南卫视x,http://150.158.112.123/公众号~玉玉软件库/mg.php?id=dnws
海峡卫视,http://150.158.112.123/公众号~玉玉软件库/mg.php?id=hxws
广东卫视x,http://150.158.112.123/公众号~玉玉软件库/mg.php?id=gdws
上海第一财,http://150.158.112.123/公众号~玉玉软件库/mg.php?id=dycj
临洮电视,http://150.158.112.123/公众号~玉玉软件库/mg.php?id=lttv
江苏综艺,http://150.158.112.123/公众号~玉玉软件库/mg.php?id=jszy
江苏公共新闻,http://150.158.112.123/公众号~玉玉软件库/mg.php?id=jsggxw
江苏国际,http://150.158.112.123/公众号~玉玉软件库/mg.php?id=jsgj
泰州新闻综合,http://150.158.112.123/公众号~玉玉软件库/mg.php?id=tzxwzh
宿迁新闻综合,http://150.158.112.123/公众号~玉玉软件库/mg.php?id=sqxwzh
徐州新闻综合,http://150.158.112.123/公众号~玉玉软件库/mg.php?id=xzxwzh
未知1,http://150.158.112.123/公众号~玉玉软件库/mg.php?id=hllmc1
未知2,http://150.158.112.123/公众号~玉玉软件库/mg.php?id=hllmc29
未知3,http://150.158.112.123/公众号~玉玉软件库/mg.php?id=hllmc30
CBA经典,http://150.158.112.123/公众号~玉玉软件库/mg.php?id=cbajd
大片,http://150.158.112.123/公众号~玉玉软件库/mg.php?id=gqdp
经典动画大集合,http://150.158.112.123/公众号~玉玉软件库/mg.php?id=jddhdjh
经典深圳旁边电影,http://150.158.112.123/公众号~玉玉软件库/mg.php?id=jdxgdy
军事迷必看大片,http://150.158.112.123/公众号~玉玉软件库/mg.php?id=jsdp
历届春晚回顾,http://150.158.112.123/公众号~玉玉软件库/mg.php?id=ljcwhg
玫瑰轮播,http://150.158.112.123/公众号~玉玉软件库/mg.php?id=mglbt
NBA经典,http://150.158.112.123/公众号~玉玉软件库/mg.php?id=nbajd
欧洲足球风云,http://150.158.112.123/公众号~玉玉软件库/mg.php?id=ozzqfy
全民乒乓,http://150.158.112.123/公众号~玉玉软件库/mg.php?id=qmpp
热剧联播,http://150.158.112.123/公众号~玉玉软件库/mg.php?id=rjlb
赛事最经典,http://150.158.112.123/公众号~玉玉软件库/mg.php?id=sszjd
体坛名栏汇,http://150.158.112.123/公众号~玉玉软件库/mg.php?id=ttmlh
UFC格斗精选,http://150.158.112.123/公众号~玉玉软件库/mg.php?id=ufcgdjx
五大联赛经典,http://150.158.112.123/公众号~玉玉软件库/mg.php?id=wdlsjd
乡村振兴,http://150.158.112.123/公众号~玉玉软件库/mg.php?id=xczx
幸福中国年,http://150.158.112.123/公众号~玉玉软件库/mg.php?id=xfzgn
新片放映厅,http://150.158.112.123/公众号~玉玉软件库/mg.php?id=xpfyt
英雄联盟赛事,http://150.158.112.123/公众号~玉玉软件库/mg.php?id=yxlmss
周杰伦现场,http://150.158.112.123/公众号~玉玉软件库/mg.php?id=zjlxc
最强综艺趴,http://150.158.112.123/公众号~玉玉软件库/mg.php?id=zqzyp
熊猫01,http://150.158.112.123/公众号~玉玉软件库/mg.php?id=xmpd
熊猫1,http://150.158.112.123/公众号~玉玉软件库/mg.php?id=xm1
熊猫2,http://150.158.112.123/公众号~玉玉软件库/mg.php?id=xm2
熊猫3,http://150.158.112.123/公众号~玉玉软件库/mg.php?id=xm3
熊猫4,http://150.158.112.123/公众号~玉玉软件库/mg.php?id=xm4
熊猫5,http://150.158.112.123/公众号~玉玉软件库/mg.php?id=xm5
熊猫6,http://150.158.112.123/公众号~玉玉软件库/mg.php?id=xm6
熊猫7,http://150.158.112.123/公众号~玉玉软件库/mg.php?id=xm7
熊猫8,http://150.158.112.123/公众号~玉玉软件库/mg.php?id=xm8
熊猫9,http://150.158.112.123/公众号~玉玉软件库/mg.php?id=xm9
熊猫10,http://150.158.112.123/公众号~玉玉软件库/mg.php?id=xm10
龙胜龙脊梯田,http://150.158.112.123/公众号~玉玉软件库/mg.php?id=lsljtt
大藤峡,http://150.158.112.123/公众号~玉玉软件库/mg.php?id=dtx
邕城,http://150.158.112.123/公众号~玉玉软件库/mg.php?id=yc
遇龙河,http://150.158.112.123/公众号~玉玉软件库/mg.php?id=ylh
开封金明广场,http://150.158.112.123/公众号~玉玉软件库/mg.php?id=kfjmgc
开封清明上河园西门,http://150.158.112.123/公众号~玉玉软件库/mg.php?id=kfqmshyxm
开封连霍高速路口,http://150.158.112.123/公众号~玉玉软件库/mg.php?id=kflhgsgl
开封鼓楼,http://150.158.112.123/公众号~玉玉软件库/mg.php?id=kfgl
武汉光谷,http://150.158.112.123/公众号~玉玉软件库/mg.php?id=whgg
武汉江汉关,http://150.158.112.123/公众号~玉玉软件库/mg.php?id=whjhg
武汉黄鹤楼,http://150.158.112.123/公众号~玉玉软件库/mg.php?id=whhhl
珠江卫视,https://hls-gateway.vpstv.net/streams/476943.m3u8
湛江综合,https://hls-gateway.vpstv.net/streams/708978.m3u8
汕尾-1,https://hls-gateway.vpstv.net/streams/708977.m3u8
CHC家庭影院/265,https://hls-gateway.vpstv.net/streams/708867.m3u8
CHC动作电影/265,https://hls-gateway.vpstv.net/streams/708869.m3u8
CHC电影/265,https://hls-gateway.vpstv.net/streams/708870.m3u8
纪实科教,https://hls-gateway.vpstv.net/streams/708837.m3u8
福建海峡,https://hls-gateway.vpstv.net/streams/708836.m3u8
CGTN 中国新闻,https://hls-gateway.vpstv.net/streams/709495.m3u8
黄金翡翠,https://hls-gateway.vpstv.net/streams/477554.m3u8
TVB翡翠,https://hls-gateway.vpstv.net/streams/476929.m3u8
TVB明珠,https://hls-gateway.vpstv.net/streams/476936.m3u8
天映,https://hls-gateway.vpstv.net/streams/636710.m3u8
ViUTV6 HD+,https://hls-gateway.vpstv.net/streams/476939.m3u8
凤凰电影,https://hls-gateway.vpstv.net/streams/708910.m3u8
HOY76,https://hls-gateway.vpstv.net/streams/709270.m3u8
HOY 77,https://hls-gateway.vpstv.net/streams/645372.m3u8
HOY 78,https://hls-gateway.vpstv.net/streams/709088.m3u8
PHK31,https://hls-gateway.vpstv.net/streams/708707.m3u8
PHK32,https://hls-gateway.vpstv.net/streams/708708.m3u8
NOW直播,https://hls-gateway.vpstv.net/streams/708921.m3u8
MOVIEMOVIE,https://hls-gateway.vpstv.net/streams/708928.m3u8
18台,https://hls-gateway.vpstv.net/streams/708886.m3u8
澳视澳门,https://hls-gateway.vpstv.net/streams/708913.m3u8
澳门-MACUA,https://hls-gateway.vpstv.net/streams/708914.m3u8
新时代1,https://hls-gateway.vpstv.net/streams/709587.m3u8
新时代2,https://hls-gateway.vpstv.net/streams/709588.m3u8
新时代东部,https://hls-gateway.vpstv.net/streams/709589.m3u8
TVB News,https://hls-gateway.vpstv.net/streams/708884.m3u8
美亚电影台(粤语),https://hls-gateway.vpstv.net/streams/476212.m3u8
美亚电影台国语,https://hls-gateway.vpstv.net/streams/477078.m3u8
星空国际,https://hls-gateway.vpstv.net/streams/709269.m3u8
华纳WBTV,https://hls-gateway.vpstv.net/streams/476977.m3u8
香港卫视综艺,https://hls-gateway.vpstv.net/streams/709374.m3u8
香港卫视财经,https://hls-gateway.vpstv.net/streams/709375.m3u8
香港卫视时尚,https://hls-gateway.vpstv.net/streams/709376.m3u8
香港卫视国际,https://hls-gateway.vpstv.net/streams/709378.m3u8
香港环球卫视,https://hls-gateway.vpstv.net/streams/709379.m3u8
DocsVille,https://hls-gateway.vpstv.net/streams/709452.m3u8
ActionHollywoodMovies,https://hls-gateway.vpstv.net/streams/709453.m3u8
RialtoClassicMovies,https://hls-gateway.vpstv.net/streams/709454.m3u8
PulseDocumentaries,https://hls-gateway.vpstv.net/streams/709455.m3u8
NOW70s,https://hls-gateway.vpstv.net/streams/709456.m3u8
NOW80s,https://hls-gateway.vpstv.net/streams/709457.m3u8
NOW90s00s,https://hls-gateway.vpstv.net/streams/709458.m3u8
NOWROCK,https://hls-gateway.vpstv.net/streams/709459.m3u8
Concerto,https://hls-gateway.vpstv.net/streams/709460.m3u8
28AI智慧岛,https://hls-gateway.vpstv.net/streams/709461.m3u8
SUPERSports,https://hls-gateway.vpstv.net/streams/709462.m3u8
Now668,https://hls-gateway.vpstv.net/streams/709539.m3u8
TVB88,https://hls-gateway.vpstv.net/streams/709540.m3u8
民视,https://hls-gateway.vpstv.net/streams/476986.m3u8
人间卫视,https://hls-gateway.vpstv.net/streams/488957.m3u8
台视,https://hls-gateway.vpstv.net/streams/476982.m3u8
大爱电视,https://hls-gateway.vpstv.net/streams/477082.m3u8
中视,https://hls-gateway.vpstv.net/streams/476983.m3u8
霹雳台湾,https://hls-gateway.vpstv.net/streams/488941.m3u8
华视,https://hls-gateway.vpstv.net/streams/476985.m3u8
公视,https://hls-gateway.vpstv.net/streams/476984.m3u8
幸福空间居家台,https://hls-gateway.vpstv.net/streams/488986.m3u8
好消息,https://hls-gateway.vpstv.net/streams/476227.m3u8
原住民频道,https://hls-gateway.vpstv.net/streams/476228.m3u8
客家电视台,https://hls-gateway.vpstv.net/streams/476229.m3u8
BBC Earth,https://hls-gateway.vpstv.net/streams/477040.m3u8
TLC旅游,https://hls-gateway.vpstv.net/streams/488939.m3u8
Nickjr卡通,https://hls-gateway.vpstv.net/streams/477025.m3u8
MOMO亲子,https://hls-gateway.vpstv.net/streams/477060.m3u8
东森幼幼,https://hls-gateway.vpstv.net/streams/476246.m3u8
纬来综合,https://hls-gateway.vpstv.net/streams/477086.m3u8
八大第1台,https://hls-gateway.vpstv.net/streams/477071.m3u8
八大综合台,https://hls-gateway.vpstv.net/streams/477069.m3u8
三立都会台,https://hls-gateway.vpstv.net/streams/476232.m3u8
韩国娱乐台,https://hls-gateway.vpstv.net/streams/708919.m3u8
东森购物2,https://hls-gateway.vpstv.net/streams/488988.m3u8
东森亚洲卫视,https://hls-gateway.vpstv.net/streams/476264.m3u8
中天综合,https://hls-gateway.vpstv.net/streams/477084.m3u8
TVBS精彩,https://hls-gateway.vpstv.net/streams/477075.m3u8
中天娱乐,https://hls-gateway.vpstv.net/streams/476996.m3u8
东森戏剧,https://hls-gateway.vpstv.net/streams/476994.m3u8
八大戏剧台,https://hls-gateway.vpstv.net/streams/488934.m3u8
纬来戏剧,https://hls-gateway.vpstv.net/streams/477067.m3u8
MOMOTV,https://hls-gateway.vpstv.net/streams/476239.m3u8
东森购物3,https://hls-gateway.vpstv.net/streams/488989.m3u8
东森购物1,https://hls-gateway.vpstv.net/streams/488987.m3u8
三立财经新闻,https://hls-gateway.vpstv.net/streams/488992.m3u8
壹新闻,https://hls-gateway.vpstv.net/streams/488993.m3u8
年代新闻,https://hls-gateway.vpstv.net/streams/709037.m3u8
东森新闻,https://hls-gateway.vpstv.net/streams/476998.m3u8
民视新闻,https://hls-gateway.vpstv.net/streams/479210.m3u8
TVBS综合,https://hls-gateway.vpstv.net/streams/477042.m3u8
东森财经新闻,https://hls-gateway.vpstv.net/streams/477062.m3u8
华视新闻,https://hls-gateway.vpstv.net/streams/476266.m3u8
东森购物5,https://hls-gateway.vpstv.net/streams/493136.m3u8
龙祥时代,https://hls-gateway.vpstv.net/streams/476295.m3u8
HBO,https://hls-gateway.vpstv.net/streams/476278.m3u8
AXN壹湾,https://hls-gateway.vpstv.net/streams/476296.m3u8
Hollywood,https://hls-gateway.vpstv.net/streams/477065.m3u8
壹电影,https://hls-gateway.vpstv.net/streams/476280.m3u8
CINEMAX,https://hls-gateway.vpstv.net/streams/476283.m3u8
DAZN 1,https://hls-gateway.vpstv.net/streams/639643.m3u8
DAZN 2,https://hls-gateway.vpstv.net/streams/476991.m3u8
MOMO综合,https://hls-gateway.vpstv.net/streams/488940.m3u8
壹综合,https://hls-gateway.vpstv.net/streams/709284.m3u8
纬来日本,https://hls-gateway.vpstv.net/streams/477039.m3u8
国兴卫视,https://hls-gateway.vpstv.net/streams/476971.m3u8
BBC Lifestyle,https://hls-gateway.vpstv.net/streams/476671.m3u8
Z,https://hls-gateway.vpstv.net/streams/525785.m3u8
ANIMAX,https://hls-gateway.vpstv.net/streams/477583.m3u8
寰宇财经,https://hls-gateway.vpstv.net/streams/488994.m3u8
历史,https://hls-gateway.vpstv.net/streams/525779.m3u8
EYE戏剧,https://hls-gateway.vpstv.net/streams/476287.m3u8
八大娱乐台,https://hls-gateway.vpstv.net/streams/477064.m3u8
非凡商业,https://hls-gateway.vpstv.net/streams/488936.m3u8
达文西频道,https://hls-gateway.vpstv.net/streams/493134.m3u8
探索亚洲,https://hls-gateway.vpstv.net/streams/476978.m3u8
探索科学,https://hls-gateway.vpstv.net/streams/489008.m3u8
华纳电影,https://hls-gateway.vpstv.net/streams/476301.m3u8
HGTV居家乐活,https://hls-gateway.vpstv.net/streams/476328.m3u8
彭博财经,https://hls-gateway.vpstv.net/streams/493132.m3u8
公视三台,https://hls-gateway.vpstv.net/streams/493131.m3u8
大爱二台,https://hls-gateway.vpstv.net/streams/493133.m3u8
亚洲旅游,https://hls-gateway.vpstv.net/streams/476274.m3u8
寰宇新闻台湾,https://hls-gateway.vpstv.net/streams/708931.m3u8
高点综合,https://hls-gateway.vpstv.net/streams/709645.m3u8
第一商业,https://hls-gateway.vpstv.net/streams/709648.m3u8
民视第一台,https://hls-gateway.vpstv.net/streams/476243.m3u8
民视台湾台,https://hls-gateway.vpstv.net/streams/476244.m3u8
中视菁采,https://hls-gateway.vpstv.net/streams/476260.m3u8
中视新闻,https://hls-gateway.vpstv.net/streams/476269.m3u8
台视新闻,https://hls-gateway.vpstv.net/streams/476268.m3u8
台视财经,https://hls-gateway.vpstv.net/streams/476271.m3u8
AMC,https://hls-gateway.vpstv.net/streams/477058.m3u8
HBO HiTS,https://hls-gateway.vpstv.net/streams/476972.m3u8
HBO family,https://hls-gateway.vpstv.net/streams/476973.m3u8
生命电视,http://211.73.19.201/live/AB167E56-808C-81D4-6471-76DC400D5192.m3u8?fmt=x264_1200K_ts\u0026cpid=admin\u0026size=1920X1080
台湾番薯电视,https://hls-gateway.vpstv.net/streams/495096.m3u8
唯心电视,https://hls-gateway.vpstv.net/streams/709571.m3u8
博斯运动,https://hls-gateway.vpstv.net/streams/477034.m3u8
博斯高球1,https://hls-gateway.vpstv.net/streams/477089.m3u8
博斯高球2,https://hls-gateway.vpstv.net/streams/477073.m3u8
博斯魅力,https://hls-gateway.vpstv.net/streams/477598.m3u8
博斯网球,https://hls-gateway.vpstv.net/streams/477602.m3u8
博斯无限,https://hls-gateway.vpstv.net/streams/477603.m3u8
博斯运动 2,https://hls-gateway.vpstv.net/streams/477029.m3u8
博斯无限 Ⅱ,https://hls-gateway.vpstv.net/streams/477604.m3u8
镜新闻news,https://hls-gateway.vpstv.net/streams/476272.m3u8
龙华动画,https://hls-gateway.vpstv.net/streams/493135.m3u8
龙华洋片,https://hls-gateway.vpstv.net/streams/477076.m3u8
龙华日韩,https://hls-gateway.vpstv.net/streams/476231.m3u8
龙华经典,https://hls-gateway.vpstv.net/streams/476294.m3u8
靖天国际,https://hls-gateway.vpstv.net/streams/476254.m3u8
CCM 天映经典,https://hls-gateway.vpstv.net/streams/476310.m3u8
靖天卡通,https://hls-gateway.vpstv.net/streams/476249.m3u8
靖天日本,https://hls-gateway.vpstv.net/streams/476256.m3u8
靖天欢乐,https://hls-gateway.vpstv.net/streams/476253.m3u8
靖天育乐,https://hls-gateway.vpstv.net/streams/481789.m3u8
靖天综合,https://hls-gateway.vpstv.net/streams/476259.m3u8
智林体育,https://hls-gateway.vpstv.net/streams/488984.m3u8
ELTA影剧,https://hls-gateway.vpstv.net/streams/476282.m3u8
ELTA 体育1,https://hls-gateway.vpstv.net/streams/477037.m3u8
ELTA综合,https://hls-gateway.vpstv.net/streams/477041.m3u8
ELTA体育2,https://hls-gateway.vpstv.net/streams/477079.m3u8
ELTA 体育3,https://hls-gateway.vpstv.net/streams/483407.m3u8
ELTA体育4,https://hls-gateway.vpstv.net/streams/708875.m3u8
搜索亚洲,https://hls-gateway.vpstv.net/streams/476238.m3u8
靖洋戏剧,https://hls-gateway.vpstv.net/streams/476285.m3u8
靖洋卡通,https://hls-gateway.vpstv.net/streams/476248.m3u8
搜索EVE,https://hls-gateway.vpstv.net/streams/476251.m3u8
搜索动力DMAX,https://hls-gateway.vpstv.net/streams/476252.m3u8
EYE 旅游,https://hls-gateway.vpstv.net/streams/476276.m3u8
探索世界,https://hls-gateway.vpstv.net/streams/476976.m3u8
HBO Signature,https://hls-gateway.vpstv.net/streams/476634.m3u8
HBO East,https://hls-gateway.vpstv.net/streams/476633.m3u8
视纳华仁纪实,https://hls-gateway.vpstv.net/streams/493137.m3u8
AXN 亚洲,https://hls-gateway.vpstv.net/streams/476299.m3u8
公视台语,https://hls-gateway.vpstv.net/streams/476235.m3u8
中视经典,https://hls-gateway.vpstv.net/streams/476362.m3u8
Love Nature台湾,https://hls-gateway.vpstv.net/streams/708756.m3u8
Boomerang台湾,https://hls-gateway.vpstv.net/streams/708786.m3u8
CatchPlay,https://hls-gateway.vpstv.net/streams/708881.m3u8
MTV,https://hls-gateway.vpstv.net/streams/708883.m3u8
华视体育文化教育,https://hls-gateway.vpstv.net/streams/708890.m3u8
SBN全球财经,https://hls-gateway.vpstv.net/streams/708894.m3u8
CinemaWord,https://hls-gateway.vpstv.net/streams/708895.m3u8
我的欧洲电影,https://hls-gateway.vpstv.net/streams/708896.m3u8
Discovery Asia,https://hls-gateway.vpstv.net/streams/708899.m3u8
Discovery DMAX,https://hls-gateway.vpstv.net/streams/708900.m3u8
Discovery Science,https://hls-gateway.vpstv.net/streams/708903.m3u8
amc最爱电影,https://hls-gateway.vpstv.net/streams/708906.m3u8
影迷数位电影,https://hls-gateway.vpstv.net/streams/708907.m3u8
数位影迷纪实,https://hls-gateway.vpstv.net/streams/708908.m3u8
彩昌电影,https://hls-gateway.vpstv.net/streams/708909.m3u8
尼克儿童频道,https://hls-gateway.vpstv.net/streams/708915.m3u8
i-Fun动漫,https://hls-gateway.vpstv.net/streams/708917.m3u8
Lifetime,https://hls-gateway.vpstv.net/streams/708920.m3u8
Dreamworks台湾,https://hls-gateway.vpstv.net/streams/708932.m3u8
ROCK Entertainment,https://hls-gateway.vpstv.net/streams/708933.m3u8
ROCK Extreme,https://hls-gateway.vpstv.net/streams/708934.m3u8
ROCK Action 台湾,https://hls-gateway.vpstv.net/streams/708935.m3u8
龙华偶像,https://hls-gateway.vpstv.net/streams/708930.m3u8
Travel Channel台湾,https://hls-gateway.vpstv.net/streams/708936.m3u8
ELTV英语学习频道,https://hls-gateway.vpstv.net/streams/708950.m3u8
ABC互动英语频道,https://hls-gateway.vpstv.net/streams/708951.m3u8
Smart知识,https://hls-gateway.vpstv.net/streams/708952.m3u8
GINX Esport TV,https://hls-gateway.vpstv.net/streams/708954.m3u8
华藏卫星电视,https://hls-gateway.vpstv.net/streams/708959.m3u8
佛卫慈悲,https://hls-gateway.vpstv.net/streams/708961.m3u8
爱尔达娱乐,https://hls-gateway.vpstv.net/streams/708922.m3u8
TVBS,https://hls-gateway.vpstv.net/streams/708925.m3u8
TVBS综艺,https://hls-gateway.vpstv.net/streams/708955.m3u8
ELTA体育 1MAX,https://hls-gateway.vpstv.net/streams/709010.m3u8
ELTA 体育 2MAX,https://hls-gateway.vpstv.net/streams/709011.m3u8
ELTA体育 3MAX,https://hls-gateway.vpstv.net/streams/709012.m3u8
ELTA体育 4MAX,https://hls-gateway.vpstv.net/streams/709013.m3u8
台视综合,https://hls-gateway.vpstv.net/streams/708885.m3u8
好消息电视2,https://hls-gateway.vpstv.net/streams/708962.m3u8
公视2,https://hls-gateway.vpstv.net/streams/708888.m3u8
tvN台湾,https://hls-gateway.vpstv.net/streams/708937.m3u8
电影原声台Cmusic,https://hls-gateway.vpstv.net/streams/708938.m3u8
Pet Club TV,https://hls-gateway.vpstv.net/streams/708939.m3u8
TV5MONDESTYLEHD生活时尚,https://hls-gateway.vpstv.net/streams/708940.m3u8
Global Trekke台湾,https://hls-gateway.vpstv.net/streams/708941.m3u8
History 台湾,https://hls-gateway.vpstv.net/streams/708942.m3u8
LUXE TV Channel,https://hls-gateway.vpstv.net/streams/708943.m3u8
CI 罪案侦查频道,https://hls-gateway.vpstv.net/streams/708944.m3u8
金光布袋戏,https://hls-gateway.vpstv.net/streams/708946.m3u8
民视戏剧,https://hls-gateway.vpstv.net/streams/708947.m3u8
INULTRA,https://hls-gateway.vpstv.net/streams/709061.m3u8
MagellanTV,https://hls-gateway.vpstv.net/streams/709062.m3u8
Channel 5,https://hls-gateway.vpstv.net/streams/476325.m3u8
Channel 8,https://hls-gateway.vpstv.net/streams/477032.m3u8
Channel U,https://hls-gateway.vpstv.net/streams/476327.m3u8
HUB 都会,https://hls-gateway.vpstv.net/streams/476326.m3u8
Suria,https://hls-gateway.vpstv.net/streams/476316.m3u8
Vasantham,https://hls-gateway.vpstv.net/streams/476319.m3u8
CNA,https://hls-gateway.vpstv.net/streams/709497.m3u8
HUB 娱家,https://hls-gateway.vpstv.net/streams/708709.m3u8
ETTV Asia,https://hls-gateway.vpstv.net/streams/709498.m3u8
France 24,https://hls-gateway.vpstv.net/streams/709499.m3u8
Discovery Channel,https://hls-gateway.vpstv.net/streams/477713.m3u8
Discovery Asia,https://hls-gateway.vpstv.net/streams/476648.m3u8
BBC Earth,https://hls-gateway.vpstv.net/streams/709500.m3u8
Animal planet,https://hls-gateway.vpstv.net/streams/477749.m3u8
HISTORY,https://hls-gateway.vpstv.net/streams/477710.m3u8
Lifetime,https://hls-gateway.vpstv.net/streams/476666.m3u8
Animax,https://hls-gateway.vpstv.net/streams/709503.m3u8
AXN,https://hls-gateway.vpstv.net/streams/709502.m3u8
Astro Ria,https://hls-gateway.vpstv.net/streams/709504.m3u8
Astro Prima,https://hls-gateway.vpstv.net/streams/709505.m3u8
Astro Citra,https://hls-gateway.vpstv.net/streams/709506.m3u8
KBS World,https://hls-gateway.vpstv.net/streams/709019.m3u8
tvN,https://hls-gateway.vpstv.net/streams/709507.m3u8
HITS,https://hls-gateway.vpstv.net/streams/709508.m3u8
SPOTV,https://hls-gateway.vpstv.net/streams/709509.m3u8
SPOTV2,https://hls-gateway.vpstv.net/streams/709510.m3u8
beIN SPORTS 1,https://hls-gateway.vpstv.net/streams/709511.m3u8
beIN SPORTS 2,https://hls-gateway.vpstv.net/streams/709512.m3u8
beIN SPORTS 3,https://hls-gateway.vpstv.net/streams/709513.m3u8
HubPremier1,https://hls-gateway.vpstv.net/streams/709517.m3u8
HubPremier2,https://hls-gateway.vpstv.net/streams/709518.m3u8
HubPremier3,https://hls-gateway.vpstv.net/streams/709519.m3u8
HubPremier4,https://hls-gateway.vpstv.net/streams/709520.m3u8
HubPremier5,https://hls-gateway.vpstv.net/streams/709521.m3u8
HubPremier6,https://hls-gateway.vpstv.net/streams/709522.m3u8
CelestialMovies,https://hls-gateway.vpstv.net/streams/709523.m3u8
TVBS ASIA,https://hls-gateway.vpstv.net/streams/709524.m3u8
TVB Jade,https://hls-gateway.vpstv.net/streams/709525.m3u8
TVB XingHe,https://hls-gateway.vpstv.net/streams/709526.m3u8
Dragon TV,https://hls-gateway.vpstv.net/streams/709528.m3u8
Hunan TV,https://hls-gateway.vpstv.net/streams/709529.m3u8
SUN TV,https://hls-gateway.vpstv.net/streams/709530.m3u8
Colors Tamil,https://hls-gateway.vpstv.net/streams/709531.m3u8
Sun Music,https://hls-gateway.vpstv.net/streams/709532.m3u8
Adithya TV,https://hls-gateway.vpstv.net/streams/709533.m3u8
Zee Tamil,https://hls-gateway.vpstv.net/streams/709534.m3u8
Vijay TV,https://hls-gateway.vpstv.net/streams/709535.m3u8
Wsport,https://hls-gateway.vpstv.net/streams/709051.m3u8
GMA 7,https://hls-gateway.vpstv.net/streams/709537.m3u8
TFC,https://hls-gateway.vpstv.net/streams/709538.m3u8
Cartoon network,https://hls-gateway.vpstv.net/streams/709541.m3u8
NowJelli,https://hls-gateway.vpstv.net/streams/709542.m3u8
CTI Asia,https://hls-gateway.vpstv.net/streams/709543.m3u8
CBeebies,https://hls-gateway.vpstv.net/streams/709544.m3u8
Nick Jr,https://hls-gateway.vpstv.net/streams/605088.m3u8
Nickelodeon Asia,https://hls-gateway.vpstv.net/streams/709545.m3u8
HGTV,https://hls-gateway.vpstv.net/streams/709546.m3u8
ABC Australia,https://hls-gateway.vpstv.net/streams/709547.m3u8
Food Network,https://hls-gateway.vpstv.net/streams/709548.m3u8
TLC,https://hls-gateway.vpstv.net/streams/709549.m3u8
BBC Lifestyle,https://hls-gateway.vpstv.net/streams/605073.m3u8
AFN,https://hls-gateway.vpstv.net/streams/709550.m3u8
MTV LIVE,https://hls-gateway.vpstv.net/streams/709109.m3u8
ROCK Action,https://hls-gateway.vpstv.net/streams/709551.m3u8
HBO,https://hls-gateway.vpstv.net/streams/476974.m3u8
HBO Signature,https://hls-gateway.vpstv.net/streams/477731.m3u8
HBO Family,https://hls-gateway.vpstv.net/streams/477727.m3u8
HBO Hits,https://hls-gateway.vpstv.net/streams/709552.m3u8
CINEMAX,https://hls-gateway.vpstv.net/streams/709553.m3u8
China Movie Channel,https://hls-gateway.vpstv.net/streams/709554.m3u8
CCM,https://hls-gateway.vpstv.net/streams/709555.m3u8
Celestial Movies,https://hls-gateway.vpstv.net/streams/709556.m3u8
Cinema One Global,https://hls-gateway.vpstv.net/streams/709557.m3u8
Sky News,https://hls-gateway.vpstv.net/streams/709558.m3u8
BBC-News,https://hls-gateway.vpstv.net/streams/709559.m3u8
CNN,https://hls-gateway.vpstv.net/streams/709560.m3u8
Bloomberg,https://hls-gateway.vpstv.net/streams/476638.m3u8
CNBC,https://hls-gateway.vpstv.net/streams/709561.m3u8
TVBS News,https://hls-gateway.vpstv.net/streams/709562.m3u8
Phoenix InfoNews,https://hls-gateway.vpstv.net/streams/709563.m3u8
Fight Sports,https://hls-gateway.vpstv.net/streams/709566.m3u8
EUROSPORT,https://hls-gateway.vpstv.net/streams/709567.m3u8
Premier Sports,https://hls-gateway.vpstv.net/streams/709568.m3u8
Cricket,https://hls-gateway.vpstv.net/streams/709569.m3u8
TV1,https://hls-gateway.vpstv.net/streams/476317.m3u8
TV2,https://hls-gateway.vpstv.net/streams/709021.m3u8
TV3,https://hls-gateway.vpstv.net/streams/476324.m3u8
Astro RIA,https://hls-gateway.vpstv.net/streams/605063.m3u8
Astro PRIMA,https://hls-gateway.vpstv.net/streams/605095.m3u8
Astro OASIS,https://hls-gateway.vpstv.net/streams/708963.m3u8
DIDIK TV,https://hls-gateway.vpstv.net/streams/605096.m3u8
Astro CITRA,https://hls-gateway.vpstv.net/streams/605064.m3u8
BERITA rtm,https://hls-gateway.vpstv.net/streams/709002.m3u8
SukeTV,https://hls-gateway.vpstv.net/streams/709004.m3u8
Sukan RTM,https://hls-gateway.vpstv.net/streams/709003.m3u8
Astro RANIA,https://hls-gateway.vpstv.net/streams/708964.m3u8
Astro AURA,https://hls-gateway.vpstv.net/streams/605044.m3u8
ALHIJRAH,https://hls-gateway.vpstv.net/streams/605046.m3u8
COLORS,https://hls-gateway.vpstv.net/streams/708700.m3u8
TVAH,https://hls-gateway.vpstv.net/streams/709005.m3u8
Awesome tv,https://hls-gateway.vpstv.net/streams/709000.m3u8
HBO HD(my),https://hls-gateway.vpstv.net/streams/709078.m3u8
HBO Family(my),https://hls-gateway.vpstv.net/streams/709079.m3u8
HBO Hits(my),https://hls-gateway.vpstv.net/streams/709080.m3u8
CNA,https://hls-gateway.vpstv.net/streams/476307.m3u8
TVOkey,https://hls-gateway.vpstv.net/streams/486107.m3u8
NTV7,https://hls-gateway.vpstv.net/streams/476323.m3u8
8TV,https://hls-gateway.vpstv.net/streams/476322.m3u8
TV9,https://hls-gateway.vpstv.net/streams/476321.m3u8
Astro Showcase,https://hls-gateway.vpstv.net/streams/605082.m3u8
W-Sport,https://hls-gateway.vpstv.net/streams/649333.m3u8
Astro TVS,https://hls-gateway.vpstv.net/streams/709033.m3u8
Astro VAANAVIL,https://hls-gateway.vpstv.net/streams/708965.m3u8
Vinmeen,https://hls-gateway.vpstv.net/streams/708966.m3u8
BBC EARTH(my),https://hls-gateway.vpstv.net/streams/605099.m3u8
AFN,https://hls-gateway.vpstv.net/streams/477787.m3u8
AFNHD(my),https://hls-gateway.vpstv.net/streams/709072.m3u8
SUN MUSIC,https://hls-gateway.vpstv.net/streams/605069.m3u8
SunAdithya,https://hls-gateway.vpstv.net/streams/709053.m3u8
ZEE TAMIL,https://hls-gateway.vpstv.net/streams/708995.m3u8
ZeeCinema,https://hls-gateway.vpstv.net/streams/709060.m3u8
STAR VIJAY（MY）,https://hls-gateway.vpstv.net/streams/708993.m3u8
SUN TV,https://hls-gateway.vpstv.net/streams/709050.m3u8
HBO family,https://hls-gateway.vpstv.net/streams/476622.m3u8
COLORS TAMIL,https://hls-gateway.vpstv.net/streams/708994.m3u8
HBO,https://hls-gateway.vpstv.net/streams/709103.m3u8
HBOSignature,https://hls-gateway.vpstv.net/streams/709104.m3u8
iQIYI,https://hls-gateway.vpstv.net/streams/477808.m3u8
TVB CLASSIC经典,https://hls-gateway.vpstv.net/streams/476210.m3u8
Astro AEC,https://hls-gateway.vpstv.net/streams/709009.m3u8
Astro QJ 全佳,https://hls-gateway.vpstv.net/streams/708989.m3u8
CELESTIAL,https://hls-gateway.vpstv.net/streams/709496.m3u8
WAH LAI TOI华丽,https://hls-gateway.vpstv.net/streams/477797.m3u8
AOD,https://hls-gateway.vpstv.net/streams/649279.m3u8
TVB XING HE星河,https://hls-gateway.vpstv.net/streams/476993.m3u8
TVBS ASIA,https://hls-gateway.vpstv.net/streams/709111.m3u8
TVB News,https://hls-gateway.vpstv.net/streams/709112.m3u8
TVB ENEWS,https://hls-gateway.vpstv.net/streams/709113.m3u8
TVBSNEWS,https://hls-gateway.vpstv.net/streams/708927.m3u8
HUA HEE DAI欢喜,https://hls-gateway.vpstv.net/streams/477796.m3u8
TV5,https://hls-gateway.vpstv.net/streams/709595.m3u8
BBC Earth,https://hls-gateway.vpstv.net/streams/709099.m3u8
BBC Lifestyle,https://hls-gateway.vpstv.net/streams/709100.m3u8
SPOTV,https://hls-gateway.vpstv.net/streams/482155.m3u8
SPOTV2,https://hls-gateway.vpstv.net/streams/709057.m3u8
KBS WORLD,https://hls-gateway.vpstv.net/streams/605077.m3u8
ONESPORTS,https://hls-gateway.vpstv.net/streams/477802.m3u8
tvN,https://hls-gateway.vpstv.net/streams/477799.m3u8
k-plus,https://hls-gateway.vpstv.net/streams/605079.m3u8
astro BOO,https://hls-gateway.vpstv.net/streams/708968.m3u8
CINEMAX,https://hls-gateway.vpstv.net/streams/477811.m3u8
tvN MOVIES,https://hls-gateway.vpstv.net/streams/605080.m3u8
Astro AWANI,https://hls-gateway.vpstv.net/streams/708972.m3u8
astro BERNAMA,https://hls-gateway.vpstv.net/streams/708973.m3u8
CNN,https://hls-gateway.vpstv.net/streams/709107.m3u8
BBC WORLD NEWS,https://hls-gateway.vpstv.net/streams/709032.m3u8
Al Jazeera,https://hls-gateway.vpstv.net/streams/709095.m3u8
SKY NEWS,https://hls-gateway.vpstv.net/streams/709106.m3u8
CNBC,https://hls-gateway.vpstv.net/streams/477644.m3u8
BLOOMBERG TV,https://hls-gateway.vpstv.net/streams/477810.m3u8
ABC AUSTRALIA,https://hls-gateway.vpstv.net/streams/709090.m3u8
HBOHits,https://hls-gateway.vpstv.net/streams/709105.m3u8
DISCOVERY HD(my),https://hls-gateway.vpstv.net/streams/709074.m3u8
Discovery asia,https://hls-gateway.vpstv.net/streams/605084.m3u8
DISCOVERY ASIA(my),https://hls-gateway.vpstv.net/streams/709075.m3u8
Discovery channel(my),https://hls-gateway.vpstv.net/streams/605100.m3u8
HISTORY,https://hls-gateway.vpstv.net/streams/477648.m3u8
ANIMAL PLANETHD(my),https://hls-gateway.vpstv.net/streams/709073.m3u8
TVB Jade翡翠,https://hls-gateway.vpstv.net/streams/709380.m3u8
Astro CERIA,https://hls-gateway.vpstv.net/streams/708984.m3u8
SunNews,https://hls-gateway.vpstv.net/streams/709059.m3u8
BBC Cbeebies,https://hls-gateway.vpstv.net/streams/709102.m3u8
Cartoon network,https://hls-gateway.vpstv.net/streams/605053.m3u8
nickelodeon,https://hls-gateway.vpstv.net/streams/605054.m3u8
nick jr,https://hls-gateway.vpstv.net/streams/605086.m3u8
美食星球,https://hls-gateway.vpstv.net/streams/709110.m3u8
AXN,https://hls-gateway.vpstv.net/streams/476871.m3u8
Lifetime,https://hls-gateway.vpstv.net/streams/709621.m3u8
TLC HD(my),https://hls-gateway.vpstv.net/streams/709082.m3u8
FOOD NTWK HD(my),https://hls-gateway.vpstv.net/streams/709077.m3u8
FOOD network,https://hls-gateway.vpstv.net/streams/709108.m3u8
WARNER TV,https://hls-gateway.vpstv.net/streams/708986.m3u8
HGTV HD(my),https://hls-gateway.vpstv.net/streams/709081.m3u8
DMAX,https://hls-gateway.vpstv.net/streams/605072.m3u8
DMAX HD(my),https://hls-gateway.vpstv.net/streams/709076.m3u8
MTV,https://hls-gateway.vpstv.net/streams/605074.m3u8
Astro ARENA,https://hls-gateway.vpstv.net/streams/649334.m3u8
Astro ARENA2,https://hls-gateway.vpstv.net/streams/489223.m3u8
Astro ARENA BOLA,https://hls-gateway.vpstv.net/streams/489851.m3u8
Astro ARENA BOLA2,https://hls-gateway.vpstv.net/streams/489808.m3u8
AstroPremierLeague,https://hls-gateway.vpstv.net/streams/709046.m3u8
Astro premier League2,https://hls-gateway.vpstv.net/streams/477792.m3u8
Astro GrandStand,https://hls-gateway.vpstv.net/streams/605093.m3u8
Astro Football,https://hls-gateway.vpstv.net/streams/708998.m3u8
Astro Badminton LIVE,https://hls-gateway.vpstv.net/streams/477793.m3u8
SunLife,https://hls-gateway.vpstv.net/streams/709058.m3u8
AstroSportsPlus,https://hls-gateway.vpstv.net/streams/477795.m3u8
beIN SPORTS,https://hls-gateway.vpstv.net/streams/709096.m3u8
beIN MAX,https://hls-gateway.vpstv.net/streams/709097.m3u8
EUROSPORT,https://hls-gateway.vpstv.net/streams/709098.m3u8
beIN SPORTS 2,https://hls-gateway.vpstv.net/streams/709101.m3u8
GOLF channel,https://hls-gateway.vpstv.net/streams/487046.m3u8
astro PremierSports,https://hls-gateway.vpstv.net/streams/605057.m3u8
Astro CRICKET,https://hls-gateway.vpstv.net/streams/476314.m3u8
TV6,https://hls-gateway.vpstv.net/streams/709063.m3u8
ABC NENS LIVE,https://hls-gateway.vpstv.net/streams/476618.m3u8
NHK WORLD,https://hls-gateway.vpstv.net/streams/605076.m3u8
mytvsuper亚洲,https://hls-gateway.vpstv.net/streams/708891.m3u8
TVB华语,https://hls-gateway.vpstv.net/streams/708892.m3u8
MoonbugKids,https://hls-gateway.vpstv.net/streams/605087.m3u8
cp24,https://hls-gateway.vpstv.net/streams/709388.m3u8
FOOD Network,https://hls-gateway.vpstv.net/streams/476646.m3u8
Hgtv,https://hls-gateway.vpstv.net/streams/476654.m3u8
CNN,https://hls-gateway.vpstv.net/streams/709575.m3u8
BBC Earth,https://hls-gateway.vpstv.net/streams/709576.m3u8
BBC Lifestyle,https://hls-gateway.vpstv.net/streams/709577.m3u8
BBC WORLD NEWS,https://hls-gateway.vpstv.net/streams/708713.m3u8
新时代1,https://hls-gateway.vpstv.net/streams/709574.m3u8
新时代2,https://hls-gateway.vpstv.net/streams/476215.m3u8
新时代东部,https://hls-gateway.vpstv.net/streams/709016.m3u8
BBC Cbeebies,https://hls-gateway.vpstv.net/streams/709578.m3u8
Al Jazeera,https://hls-gateway.vpstv.net/streams/709579.m3u8
beIN SPORTS1,https://hls-gateway.vpstv.net/streams/709580.m3u8
beIN SPORTS 2,https://hls-gateway.vpstv.net/streams/709581.m3u8
beIN SPORTS 3,https://hls-gateway.vpstv.net/streams/709582.m3u8
HBO,https://hls-gateway.vpstv.net/streams/709583.m3u8
HBOSignature,https://hls-gateway.vpstv.net/streams/709584.m3u8
HBO Hits,https://hls-gateway.vpstv.net/streams/709585.m3u8
HBO family,https://hls-gateway.vpstv.net/streams/709586.m3u8
GOLF CHANNEL,https://hls-gateway.vpstv.net/streams/499263.m3u8
CINEMAX,https://hls-gateway.vpstv.net/streams/709596.m3u8
Lifetime,https://hls-gateway.vpstv.net/streams/709597.m3u8
Business Network News,https://hls-gateway.vpstv.net/streams/708712.m3u8
城市电视,https://hls-gateway.vpstv.net/streams/588666.m3u8
TSN 1,https://hls-gateway.vpstv.net/streams/709602.m3u8
TSN 2,https://hls-gateway.vpstv.net/streams/709603.m3u8
TSN 3,https://hls-gateway.vpstv.net/streams/709604.m3u8
TSN 4,https://hls-gateway.vpstv.net/streams/709605.m3u8
TSN 5,https://hls-gateway.vpstv.net/streams/709606.m3u8
TVBE,https://hls-gateway.vpstv.net/streams/709590.m3u8
TVB J1,https://hls-gateway.vpstv.net/streams/709591.m3u8
TVB PEARLDRAMA,https://hls-gateway.vpstv.net/streams/709592.m3u8
TVB NEWS,https://hls-gateway.vpstv.net/streams/709594.m3u8
TVB1,https://hls-gateway.vpstv.net/streams/709593.m3u8
TVB Jade,https://hls-gateway.vpstv.net/streams/709022.m3u8
Cartoon network,https://hls-gateway.vpstv.net/streams/709598.m3u8
History,https://hls-gateway.vpstv.net/streams/709599.m3u8
EUROSPORT,https://hls-gateway.vpstv.net/streams/709600.m3u8
TLC,https://hls-gateway.vpstv.net/streams/709601.m3u8
CBC,https://hls-gateway.vpstv.net/streams/476674.m3u8
City,https://hls-gateway.vpstv.net/streams/476677.m3u8
OMNI 1,https://hls-gateway.vpstv.net/streams/709607.m3u8
OMNI 2,https://hls-gateway.vpstv.net/streams/709608.m3u8
SportsNet 360,https://hls-gateway.vpstv.net/streams/709609.m3u8
SPORTSNET ONTARIO,https://hls-gateway.vpstv.net/streams/709610.m3u8
SPORTSNET ONE,https://hls-gateway.vpstv.net/streams/709611.m3u8
SPORTSNET WORLD,https://hls-gateway.vpstv.net/streams/709612.m3u8
SPORTSNET PACIFIC,https://hls-gateway.vpstv.net/streams/709613.m3u8
Crave 1,https://hls-gateway.vpstv.net/streams/709615.m3u8
Crave 2,https://hls-gateway.vpstv.net/streams/709616.m3u8
Crave 3,https://hls-gateway.vpstv.net/streams/709617.m3u8
Crave 4,https://hls-gateway.vpstv.net/streams/709618.m3u8
CHCH,https://hls-gateway.vpstv.net/streams/709619.m3u8
CTV Canada,https://hls-gateway.vpstv.net/streams/709337.m3u8
CTV 2,https://hls-gateway.vpstv.net/streams/476675.m3u8
CTV Comedy,https://hls-gateway.vpstv.net/streams/476679.m3u8
CTV News,https://hls-gateway.vpstv.net/streams/476684.m3u8
CTV Sci-Fi,https://hls-gateway.vpstv.net/streams/709620.m3u8
NBA CA,https://hls-gateway.vpstv.net/streams/709614.m3u8
Global,https://hls-gateway.vpstv.net/streams/476680.m3u8
LOVE NATURE,https://hls-gateway.vpstv.net/streams/709639.m3u8
TELETOON,https://hls-gateway.vpstv.net/streams/709640.m3u8
WEATHER NETWORK,https://hls-gateway.vpstv.net/streams/709641.m3u8
TREEHOUSE,https://hls-gateway.vpstv.net/streams/709642.m3u8
YTV,https://hls-gateway.vpstv.net/streams/709643.m3u8
TVO,https://hls-gateway.vpstv.net/streams/709644.m3u8
CBC NEWS,https://hls-gateway.vpstv.net/streams/476678.m3u8
CBS,https://hls-gateway.vpstv.net/streams/709277.m3u8
Fox News,https://hls-gateway.vpstv.net/streams/709279.m3u8
MSNBC,https://hls-gateway.vpstv.net/streams/709281.m3u8
ESPN,https://hls-gateway.vpstv.net/streams/709282.m3u8
CNBC,https://hls-gateway.vpstv.net/streams/709287.m3u8
USA Network,https://hls-gateway.vpstv.net/streams/709289.m3u8
ESPN2,https://hls-gateway.vpstv.net/streams/709291.m3u8
CW,https://hls-gateway.vpstv.net/streams/709294.m3u8
Syfy,https://hls-gateway.vpstv.net/streams/709296.m3u8
FX,https://hls-gateway.vpstv.net/streams/709298.m3u8
Discovery Channel,https://hls-gateway.vpstv.net/streams/709300.m3u8
OUTDOOR CHANNEL,https://hls-gateway.vpstv.net/streams/709320.m3u8
FOX WSVN MIAMI,https://hls-gateway.vpstv.net/streams/709328.m3u8
GSN,https://hls-gateway.vpstv.net/streams/709332.m3u8
WGN,https://hls-gateway.vpstv.net/streams/709338.m3u8
PBS Kids,https://hls-gateway.vpstv.net/streams/709353.m3u8
TNTSport1,https://hls-gateway.vpstv.net/streams/709389.m3u8
TNTSport2,https://hls-gateway.vpstv.net/streams/709390.m3u8
TNTSport3,https://hls-gateway.vpstv.net/streams/709391.m3u8
TNTSport4,https://hls-gateway.vpstv.net/streams/709392.m3u8
ABC News Live,https://hls-gateway.vpstv.net/streams/709393.m3u8
Euronews,https://hls-gateway.vpstv.net/streams/476329.m3u8
ESPN U,https://hls-gateway.vpstv.net/streams/709400.m3u8
ESPN News,https://hls-gateway.vpstv.net/streams/709401.m3u8
Disney Channel,https://hls-gateway.vpstv.net/streams/477729.m3u8
FOX Sports 1,https://hls-gateway.vpstv.net/streams/477698.m3u8
TVB DRAMA,https://hls-gateway.vpstv.net/streams/709427.m3u8
Golf Channel,https://hls-gateway.vpstv.net/streams/709431.m3u8
Tennis Channel,https://hls-gateway.vpstv.net/streams/709442.m3u8
TVB SUPERFREE,https://hls-gateway.vpstv.net/streams/709446.m3u8
龙翔时代,https://hls-gateway.vpstv.net/streams/709448.m3u8
SEC Network,https://hls-gateway.vpstv.net/streams/709470.m3u8
FXM,https://hls-gateway.vpstv.net/streams/709475.m3u8
Disney XD,https://hls-gateway.vpstv.net/streams/709479.m3u8
Nickelodeon,https://hls-gateway.vpstv.net/streams/477714.m3u8
Nick Jr,https://hls-gateway.vpstv.net/streams/709480.m3u8
FOX SPORTS2,https://hls-gateway.vpstv.net/streams/477700.m3u8
NBA TV,https://hls-gateway.vpstv.net/streams/476673.m3u8
NHL Network,https://hls-gateway.vpstv.net/streams/476651.m3u8
E!,https://hls-gateway.vpstv.net/streams/477697.m3u8
LAW \u0026 CRIME,https://hls-gateway.vpstv.net/streams/476656.m3u8
MLB Network,https://hls-gateway.vpstv.net/streams/499553.m3u8
COOKING CHANNEL,https://hls-gateway.vpstv.net/streams/476637.m3u8
MAGNOLIA,https://hls-gateway.vpstv.net/streams/709622.m3u8
FOX BUSINESS NETWORK,https://hls-gateway.vpstv.net/streams/476621.m3u8
HBO2,https://hls-gateway.vpstv.net/streams/477732.m3u8
HBO COMEDY,https://hls-gateway.vpstv.net/streams/477733.m3u8
IFC,https://hls-gateway.vpstv.net/streams/709623.m3u8
Natgeo Wild,https://hls-gateway.vpstv.net/streams/476874.m3u8
NBC KpnxPHX,https://hls-gateway.vpstv.net/streams/476619.m3u8
VH1,https://hls-gateway.vpstv.net/streams/476650.m3u8
WE TV,https://hls-gateway.vpstv.net/streams/709624.m3u8
RIGHT NOW,https://hls-gateway.vpstv.net/streams/709625.m3u8
PANAMA CITY WJHG,https://hls-gateway.vpstv.net/streams/709626.m3u8
PAWLEYS ISLAND,https://hls-gateway.vpstv.net/streams/709627.m3u8
GOL TV,https://hls-gateway.vpstv.net/streams/709628.m3u8
A\u0026E,https://hls-gateway.vpstv.net/streams/476662.m3u8
Fuse,https://hls-gateway.vpstv.net/streams/709629.m3u8
KTSF26,https://hls-gateway.vpstv.net/streams/709630.m3u8
FIGHT NETWORK,https://hls-gateway.vpstv.net/streams/709631.m3u8
UFC Fight Pass,https://hls-gateway.vpstv.net/streams/709632.m3u8
BABY TV,https://hls-gateway.vpstv.net/streams/709633.m3u8
FYI,https://hls-gateway.vpstv.net/streams/709634.m3u8
BTN,https://hls-gateway.vpstv.net/streams/709635.m3u8
KBSW,https://hls-gateway.vpstv.net/streams/709636.m3u8
BIG 10,https://hls-gateway.vpstv.net/streams/709637.m3u8
cp24,https://hls-gateway.vpstv.net/streams/709638.m3u8
ABC AUSTRALIA,https://hls-gateway.vpstv.net/streams/709646.m3u8
Sky News,https://hls-gateway.vpstv.net/streams/709647.m3u8
000,https://hls-gateway.vpstv.net/streams/709649.m3u8
KBS1,https://hls-gateway.vpstv.net/streams/709115.m3u8
KBS2,https://hls-gateway.vpstv.net/streams/709116.m3u8
TVN,https://hls-gateway.vpstv.net/streams/709117.m3u8
채널A,https://hls-gateway.vpstv.net/streams/709118.m3u8
JTBC,https://hls-gateway.vpstv.net/streams/709119.m3u8
JTBC2,https://hls-gateway.vpstv.net/streams/709120.m3u8
JTBC4,https://hls-gateway.vpstv.net/streams/709121.m3u8
EBS1,https://hls-gateway.vpstv.net/streams/709122.m3u8
EBS2,https://hls-gateway.vpstv.net/streams/709123.m3u8
SBS,https://hls-gateway.vpstv.net/streams/709124.m3u8
MBC,https://hls-gateway.vpstv.net/streams/709125.m3u8
TV조선,https://hls-gateway.vpstv.net/streams/709126.m3u8
TV조선2,https://hls-gateway.vpstv.net/streams/709127.m3u8
연합뉴스TV,https://hls-gateway.vpstv.net/streams/709128.m3u8
YTN,https://hls-gateway.vpstv.net/streams/709129.m3u8
MBN,https://hls-gateway.vpstv.net/streams/709130.m3u8
아이넷TV,https://hls-gateway.vpstv.net/streams/709131.m3u8
Mnet,https://hls-gateway.vpstv.net/streams/709132.m3u8
KBS Joy,https://hls-gateway.vpstv.net/streams/709133.m3u8
TVN STORY,https://hls-gateway.vpstv.net/streams/709134.m3u8
OCN,https://hls-gateway.vpstv.net/streams/709135.m3u8
OCN movie,https://hls-gateway.vpstv.net/streams/709136.m3u8
스크린,https://hls-gateway.vpstv.net/streams/709137.m3u8
CNTV,https://hls-gateway.vpstv.net/streams/709138.m3u8
SPOTV,https://hls-gateway.vpstv.net/streams/709139.m3u8
SPOTV2,https://hls-gateway.vpstv.net/streams/709140.m3u8
SPOTV PRIME1,https://hls-gateway.vpstv.net/streams/709141.m3u8
SPOTV PRIME2,https://hls-gateway.vpstv.net/streams/709142.m3u8
SPOTV PRIME+,https://hls-gateway.vpstv.net/streams/709143.m3u8
KBSN SPORTS,https://hls-gateway.vpstv.net/streams/709144.m3u8
MBC SPORTS,https://hls-gateway.vpstv.net/streams/709145.m3u8
SBS SPORTS,https://hls-gateway.vpstv.net/streams/709146.m3u8
TVN SPORTS,https://hls-gateway.vpstv.net/streams/709147.m3u8
SKY SPORTS,https://hls-gateway.vpstv.net/streams/709148.m3u8
IB 스포츠,https://hls-gateway.vpstv.net/streams/709149.m3u8
SPOTV Golf\u0026health,https://hls-gateway.vpstv.net/streams/709150.m3u8
JTBCgolf\u0026sports,https://hls-gateway.vpstv.net/streams/709151.m3u8
PBA\u0026GOLF,https://hls-gateway.vpstv.net/streams/709152.m3u8
브레인TV,https://hls-gateway.vpstv.net/streams/709153.m3u8
FTV,https://hls-gateway.vpstv.net/streams/709154.m3u8
바둑TV,https://hls-gateway.vpstv.net/streams/709155.m3u8
빌리어즈TV,https://hls-gateway.vpstv.net/streams/709156.m3u8
히스토리,https://hls-gateway.vpstv.net/streams/709157.m3u8
디스커버리,https://hls-gateway.vpstv.net/streams/709158.m3u8
뽀요TV,https://hls-gateway.vpstv.net/streams/709159.m3u8
부메랑TV,https://hls-gateway.vpstv.net/streams/709160.m3u8
KBS키즈,https://hls-gateway.vpstv.net/streams/709161.m3u8
투니버즈,https://hls-gateway.vpstv.net/streams/709162.m3u8
CBS,https://hls-gateway.vpstv.net/streams/709163.m3u8
CTS,https://hls-gateway.vpstv.net/streams/709164.m3u8
CGNTV,https://hls-gateway.vpstv.net/streams/709165.m3u8
CPBC평화방송,https://hls-gateway.vpstv.net/streams/709166.m3u8
BTN,https://hls-gateway.vpstv.net/streams/709167.m3u8
KBS드라마,https://hls-gateway.vpstv.net/streams/709169.m3u8
KBSN Life,https://hls-gateway.vpstv.net/streams/709170.m3u8
KBS World,https://hls-gateway.vpstv.net/streams/709171.m3u8
MBC드라마,https://hls-gateway.vpstv.net/streams/709172.m3u8
SBS plus,https://hls-gateway.vpstv.net/streams/709173.m3u8
전원일기,https://hls-gateway.vpstv.net/streams/709175.m3u8
더 무비,https://hls-gateway.vpstv.net/streams/709176.m3u8
SBS Golf2,https://hls-gateway.vpstv.net/streams/709178.m3u8
SBSgolf,https://hls-gateway.vpstv.net/streams/709177.m3u8
JTBCgolf sports2,https://hls-gateway.vpstv.net/streams/709179.m3u8
KBSN스토리,https://hls-gateway.vpstv.net/streams/709180.m3u8
ENA,https://hls-gateway.vpstv.net/streams/709424.m3u8
BBC Earth,https://hls-gateway.vpstv.net/streams/476670.m3u8
ANTV,https://hls-gateway.vpstv.net/streams/476859.m3u8
Cartoon Network,https://hls-gateway.vpstv.net/streams/709450.m3u8
CELESTIAL MOVIES,https://hls-gateway.vpstv.net/streams/476869.m3u8
CNN Indonesia,https://hls-gateway.vpstv.net/streams/476863.m3u8
Fight Sports,https://hls-gateway.vpstv.net/streams/476875.m3u8
HITS,https://hls-gateway.vpstv.net/streams/476872.m3u8
INDOSIAR,https://hls-gateway.vpstv.net/streams/476858.m3u8
Kompas Tv,https://hls-gateway.vpstv.net/streams/476862.m3u8
METRO TV,https://hls-gateway.vpstv.net/streams/476861.m3u8
TRANSTV,https://hls-gateway.vpstv.net/streams/476857.m3u8
Tv One,https://hls-gateway.vpstv.net/streams/476860.m3u8
SCTV,https://hls-gateway.vpstv.net/streams/476855.m3u8
TV9 NUSANTARA,https://hls-gateway.vpstv.net/streams/709416.m3u8
Warner TV,https://hls-gateway.vpstv.net/streams/602243.m3u8
MCNmycinema,https://hls-gateway.vpstv.net/streams/602242.m3u8
DREAMWORKS,https://hls-gateway.vpstv.net/streams/602239.m3u8
TVNMOVIES,https://hls-gateway.vpstv.net/streams/602232.m3u8
SPOTV1,https://hls-gateway.vpstv.net/streams/602227.m3u8
SPOTV2,https://hls-gateway.vpstv.net/streams/602231.m3u8
ROCKENT,https://hls-gateway.vpstv.net/streams/602223.m3u8
ROCK ACTION,https://hls-gateway.vpstv.net/streams/602219.m3u8
nickelodeon,https://hls-gateway.vpstv.net/streams/602218.m3u8
AFN,https://hls-gateway.vpstv.net/streams/602212.m3u8
history,https://hls-gateway.vpstv.net/streams/602207.m3u8
HBO HITS,https://hls-gateway.vpstv.net/streams/602206.m3u8
HBO,https://hls-gateway.vpstv.net/streams/602196.m3u8
BBCcbeebies,https://hls-gateway.vpstv.net/streams/602194.m3u8
ANIMAX,https://hls-gateway.vpstv.net/streams/602191.m3u8
RTV,https://hls-gateway.vpstv.net/streams/602188.m3u8
AXN,https://hls-gateway.vpstv.net/streams/602163.m3u8
NET,https://hls-gateway.vpstv.net/streams/709410.m3u8
TRANS7,https://hls-gateway.vpstv.net/streams/709411.m3u8
MAGNA CHANEL,https://hls-gateway.vpstv.net/streams/709412.m3u8
ELSHINTA,https://hls-gateway.vpstv.net/streams/709413.m3u8
DENS Life \u0026 Style,https://hls-gateway.vpstv.net/streams/709414.m3u8
BTV,https://hls-gateway.vpstv.net/streams/709415.m3u8
DENS Knowledge,https://hls-gateway.vpstv.net/streams/709417.m3u8
DENS Showbiz,https://hls-gateway.vpstv.net/streams/709418.m3u8
DENS Food Chanel,https://hls-gateway.vpstv.net/streams/709419.m3u8
My Cinema,https://hls-gateway.vpstv.net/streams/709420.m3u8
Cinema World,https://hls-gateway.vpstv.net/streams/709421.m3u8
Stingray Classica,https://hls-gateway.vpstv.net/streams/709422.m3u8
Wsport,https://hls-gateway.vpstv.net/streams/709423.m3u8
NHK総合・东京,https://hls-gateway.vpstv.net/streams/709216.m3u8
NHKEテレ・东京,https://hls-gateway.vpstv.net/streams/709217.m3u8
日テレ,https://hls-gateway.vpstv.net/streams/709218.m3u8
TBS,https://hls-gateway.vpstv.net/streams/709219.m3u8
フジテレビ Fuji TV,https://hls-gateway.vpstv.net/streams/709220.m3u8
テレビ东京,https://hls-gateway.vpstv.net/streams/709222.m3u8
NHK BS,https://hls-gateway.vpstv.net/streams/709223.m3u8
NHK BSP4K,https://hls-gateway.vpstv.net/streams/709224.m3u8
MBS毎日放送,https://hls-gateway.vpstv.net/streams/709225.m3u8
KBS京都,https://hls-gateway.vpstv.net/streams/709226.m3u8
関西テレビ,https://hls-gateway.vpstv.net/streams/709227.m3u8
テレビ大阪,https://hls-gateway.vpstv.net/streams/709228.m3u8
BS朝日,https://hls-gateway.vpstv.net/streams/709229.m3u8
BS-TBS,https://hls-gateway.vpstv.net/streams/709230.m3u8
NHK 综合,https://hls-gateway.vpstv.net/streams/476573.m3u8
TOKYO MX1,https://hls-gateway.vpstv.net/streams/709231.m3u8
映画・チャンネル,https://hls-gateway.vpstv.net/streams/709234.m3u8
时代剧専门チャンネル,https://hls-gateway.vpstv.net/streams/709235.m3u8
TOKYO MX 2,https://hls-gateway.vpstv.net/streams/709236.m3u8
ファミリー剧场,https://hls-gateway.vpstv.net/streams/709237.m3u8
卫星剧场,https://hls-gateway.vpstv.net/streams/709238.m3u8
BS日本映画専门チャンネル,https://hls-gateway.vpstv.net/streams/709239.m3u8
BS钓りビジョン,https://hls-gateway.vpstv.net/streams/709240.m3u8
チャンネル银河,https://hls-gateway.vpstv.net/streams/709241.m3u8
卫星剧场,https://hls-gateway.vpstv.net/streams/709242.m3u8
MTV,https://hls-gateway.vpstv.net/streams/709243.m3u8
MUSIC ON! TV,https://hls-gateway.vpstv.net/streams/709244.m3u8
ホームドラマチャンネル,https://hls-gateway.vpstv.net/streams/709245.m3u8
J SPORTS 1,https://hls-gateway.vpstv.net/streams/709246.m3u8
J SPORTS 2,https://hls-gateway.vpstv.net/streams/709247.m3u8
J SPORTS 3,https://hls-gateway.vpstv.net/streams/709248.m3u8
J SPORTS 4,https://hls-gateway.vpstv.net/streams/709249.m3u8
WOWOWプライム,https://hls-gateway.vpstv.net/streams/709250.m3u8
WOWOWライブ,https://hls-gateway.vpstv.net/streams/709251.m3u8
WOWOWシネマ,https://hls-gateway.vpstv.net/streams/709252.m3u8
WOWOWプラス,https://hls-gateway.vpstv.net/streams/709253.m3u8
旅チャンネル,https://hls-gateway.vpstv.net/streams/709254.m3u8
ＡＸＮ 海外ドラマ,https://hls-gateway.vpstv.net/streams/709255.m3u8
FOX,https://hls-gateway.vpstv.net/streams/709256.m3u8
スター・チャンネル1,https://hls-gateway.vpstv.net/streams/709257.m3u8
スター・チャンネル2,https://hls-gateway.vpstv.net/streams/709258.m3u8
歌谣ポップスチャンネル,https://hls-gateway.vpstv.net/streams/709259.m3u8
BSアニマックス Animax,https://hls-gateway.vpstv.net/streams/709260.m3u8
女性チャンネル♪LaLa TV,https://hls-gateway.vpstv.net/streams/709261.m3u8
CSスポーツチャンネルGAORA,https://hls-gateway.vpstv.net/streams/709262.m3u8
ムービープラス,https://hls-gateway.vpstv.net/streams/709263.m3u8
NHK Eテレ・东京,https://hls-gateway.vpstv.net/streams/709182.m3u8
アニメシアタ-X(AT-X),https://hls-gateway.vpstv.net/streams/709514.m3u8
BS11デジタ儿,https://hls-gateway.vpstv.net/streams/709515.m3u8
キッズステ-ション,https://hls-gateway.vpstv.net/streams/709516.m3u8
Animal Planet,https://hls-gateway.vpstv.net/streams/476589.m3u8
Colors,https://hls-gateway.vpstv.net/streams/476582.m3u8
Colors Tamil,https://hls-gateway.vpstv.net/streams/476584.m3u8
STAR VIJAY,https://hls-gateway.vpstv.net/streams/477814.m3u8
SUN Life,https://hls-gateway.vpstv.net/streams/476608.m3u8
SUN News,https://hls-gateway.vpstv.net/streams/476606.m3u8
ZEE Tamil,https://hls-gateway.vpstv.net/streams/476586.m3u8
SUN TV,https://hls-gateway.vpstv.net/streams/481755.m3u8
MTV,https://hls-gateway.vpstv.net/streams/709451.m3u8
Zee cinema,https://hls-gateway.vpstv.net/streams/708704.m3u8
SunAdithya,https://hls-gateway.vpstv.net/streams/708992.m3u8
Gma 7,https://hls-gateway.vpstv.net/streams/476724.m3u8
ONEMEDIANETWORK,https://hls-gateway.vpstv.net/streams/709206.m3u8
PBO,https://hls-gateway.vpstv.net/streams/476726.m3u8
A2Z,https://hls-gateway.vpstv.net/streams/709204.m3u8
ONENEWS,https://hls-gateway.vpstv.net/streams/709207.m3u8
ONESPORTS,https://hls-gateway.vpstv.net/streams/709208.m3u8
RPTV,https://hls-gateway.vpstv.net/streams/709211.m3u8
Cinema One,https://hls-gateway.vpstv.net/streams/476720.m3u8
PREMIERSPORTS,https://hls-gateway.vpstv.net/streams/708699.m3u8
PREMIERSPORTS2,https://hls-gateway.vpstv.net/streams/709209.m3u8
SARISARICHANNEL,https://hls-gateway.vpstv.net/streams/709212.m3u8
TAP,https://hls-gateway.vpstv.net/streams/709213.m3u8
TMC,https://hls-gateway.vpstv.net/streams/709214.m3u8
TV5,https://hls-gateway.vpstv.net/streams/709215.m3u8
ONESPORTSPLUS,https://hls-gateway.vpstv.net/streams/709266.m3u8
Buko,https://hls-gateway.vpstv.net/streams/709322.m3u8
TAPACTIONFLIX,https://hls-gateway.vpstv.net/streams/709382.m3u8
PBARUSH,https://hls-gateway.vpstv.net/streams/709383.m3u8
TAPMOVIES,https://hls-gateway.vpstv.net/streams/709384.m3u8
TAPSPORTS,https://hls-gateway.vpstv.net/streams/709385.m3u8
TFC,https://hls-gateway.vpstv.net/streams/709386.m3u8
RTP ASIA,https://hls-gateway.vpstv.net/streams/709055.m3u8
CVI,https://hls-gateway.vpstv.net/streams/709054.m3u8
美亚电影,https://hls-gateway.vpstv.net/streams/709286.m3u8
三立戏剧,https://hls-gateway.vpstv.net/streams/476288.m3u8
龙华电影,https://hls-gateway.vpstv.net/streams/476300.m3u8
龙华戏剧,https://hls-gateway.vpstv.net/streams/476293.m3u8
AXN,https://hls-gateway.vpstv.net/streams/477730.m3u8
公视戏剧,https://hls-gateway.vpstv.net/streams/476298.m3u8
NOW Chinese Theatre Stage,https://hls-gateway.vpstv.net/streams/708926.m3u8
NOW Popcorn Star Shadow,https://hls-gateway.vpstv.net/streams/708924.m3u8
NOW Popcorn Terrace,https://hls-gateway.vpstv.net/streams/708923.m3u8
黄金华剧,https://hls-gateway.vpstv.net/streams/709008.m3u8
美亚电影,https://hls-gateway.vpstv.net/streams/708901.m3u8
Fight,https://hls-gateway.vpstv.net/streams/709264.m3u8
Now Sports 1,https://hls-gateway.vpstv.net/streams/708929.m3u8
J SPORT 1,https://hls-gateway.vpstv.net/streams/709185.m3u8
J SPORT 2,https://hls-gateway.vpstv.net/streams/709186.m3u8
J SPORT 3,https://hls-gateway.vpstv.net/streams/709187.m3u8
J SPORT 4,https://hls-gateway.vpstv.net/streams/709189.m3u8
Red Bull TV,https://hls-gateway.vpstv.net/streams/482185.m3u8
王者荣耀,https://hls-gateway.vpstv.net/streams/483400.m3u8
英雄联盟,https://hls-gateway.vpstv.net/streams/646356.m3u8
动物星球,https://hls-gateway.vpstv.net/streams/477088.m3u8
八大精彩,https://hls-gateway.vpstv.net/streams/477035.m3u8
美食星球,https://hls-gateway.vpstv.net/streams/476263.m3u8
民视旅游,https://hls-gateway.vpstv.net/streams/476240.m3u8
BBC America,https://hls-gateway.vpstv.net/streams/709293.m3u8
BBC,https://hls-gateway.vpstv.net/streams/709168.m3u8
Discovery,https://hls-gateway.vpstv.net/streams/477746.m3u8
TLC DISCOVERY,https://hls-gateway.vpstv.net/streams/477726.m3u8
CNN,https://hls-gateway.vpstv.net/streams/488932.m3u8
中天新闻,https://hls-gateway.vpstv.net/streams/477695.m3u8
非凡新闻,https://hls-gateway.vpstv.net/streams/477083.m3u8
寰宇新闻,https://hls-gateway.vpstv.net/streams/476270.m3u8
NOW新闻,https://hls-gateway.vpstv.net/streams/477070.m3u8
NOW财经,https://hls-gateway.vpstv.net/streams/477534.m3u8
DISNEY JUNIOR,https://hls-gateway.vpstv.net/streams/477719.m3u8
88 Stereo,http://k3.usastreams.com/CableLatino/88stereo/playlist.m3u8
HAPPY,https://hls-gateway.vpstv.net/streams/709091.m3u8
极限,https://hls-gateway.vpstv.net/streams/709086.m3u8
彩虹K,https://hls-gateway.vpstv.net/streams/709040.m3u8
潘朵拉,https://hls-gateway.vpstv.net/streams/709042.m3u8
松视1台,https://hls-gateway.vpstv.net/streams/709043.m3u8
松视2,https://hls-gateway.vpstv.net/streams/709044.m3u8
彩虹e台,https://hls-gateway.vpstv.net/streams/709039.m3u8
彩虹电影,https://hls-gateway.vpstv.net/streams/709038.m3u8
松视3,https://hls-gateway.vpstv.net/streams/709084.m3u8
惊艳,https://hls-gateway.vpstv.net/streams/709041.m3u8
完美台,https://hls-gateway.vpstv.net/streams/476375.m3u8
Playboy,https://hls-gateway.vpstv.net/streams/476376.m3u8
Dorcel,https://hls-gateway.vpstv.net/streams/476377.m3u8
HAPPY CHANNEL,https://hls-gateway.vpstv.net/streams/709085.m3u8
erox,https://hls-gateway.vpstv.net/streams/644724.m3u8
eroxxx,https://hls-gateway.vpstv.net/streams/644725.m3u8
brazzers,https://hls-gateway.vpstv.net/streams/644730.m3u8
TVB无线功夫,http://v2h.jdshipin.com/asia_action1/1asia_action.stream/chunklist_w101.m3u8
TVB星河,http://php.jdshipin.com:8880/TVOD/iptv.php?id=xinghe
TVB Plus,http://php.jdshipin.com/TVOD/iptv.php?id=j2
TVB Plus,http://50.7.234.10:8278/j2_twn/playlist.m3u8?tid=MFCF3274854132748541&ct=19254&tsum=699466c18aac56202ad1d2843fd21032
面包台,https://video.bread-tv.com:8091/hls-live24/online/index.m3u8
RTHK-33,https://rthktv33-live.akamaized.net/hls/live/2101641/RTHKTV33/stream04/streamPlaylist.m3u8
RTHK-35,https://rthktv35-live.akamaized.net/hls/live/2101643/RTHKTV35/stream02/streamPlaylist.m3u8
熊猫3,http://101.43.145.141:12002/migu/608934619.m3u8?migutoken=d6ea1671a6e108d457330b3fcad672caacd3c0d0860a69d3979e13a0de70eef30b15cac40c3d1b42e7f8cafb327a1c02f424b18218f36264042281f77f9cf567f3a93edd4ebfd53fbf24114b
熊猫9,http://101.43.145.141:12002/migu/609169226.m3u8?migutoken=779586932006e14b2ba4c6cbd4ee3b587e04d50c5dc8952c5f06e24fd759766c226e4f2fe93fed5891c14fa1fcd1ee8609c14da202c31aa5cb488a7215e81947cd2918c2c99cdd03b7b1611a
华语乐坛最强音,http://101.43.145.141:12002/migu/707671890.m3u8?migutoken=48c89dfb0fbe21c8153f946f74986f49c5f9823e52790a98ccb66f88ba99190036b1a0448efea8a6ed242dc417c84eb1f0dbaac9e3376b8d2e1c83a77b4e728edcf9b2392bc569ba93e061b4
五大联赛经典,http://101.43.145.141:12002/migu/780288994.m3u8?migutoken=fa63e7ad81d41f03de97c064185e027adbcd25dd6eb7deae42a07d53c0e09208f6e3d0dce00f4c4050c8f0d6118ed26f726f2454c03bd9af692c03a7db9c0070b9ba1948b57e8321aaf6b9cc
全民热练,http://101.43.145.141:12002/itv/3000000020000031315.m3u8?cdn=FifastbLive
视频,http://101.43.145.141:12001/3000000020000011528/FifastbLive/index.m3u8
视频,http://101.43.145.141:12001/3000000020000011529/FifastbLive/index.m3u8
视频,http://101.43.145.141:12001/3000000020000011530/FifastbLive/index.m3u8
视频,http://101.43.145.141:12001/3000000020000011531/FifastbLive/index.m3u8
视频,http://101.43.145.141:12001/3000000010000000097/FifastbLive/index.m3u8
视频,http://101.43.145.141:12001/3000000010000002019/FifastbLive/index.m3u8
视频,http://101.43.145.141:12001/3000000010000002809/FifastbLive/index.m3u8
视频,http://101.43.145.141:12001/3000000010000003915/FifastbLive/index.m3u8
视频,http://101.43.145.141:12001/3000000010000004193/FifastbLive/index.m3u8
视频,http://101.43.145.141:12001/3000000010000006077/FifastbLive/index.m3u8
视频,http://101.43.145.141:12001/3000000010000006658/FifastbLive/index.m3u8
视频,http://101.43.145.141:12001/3000000010000009788/FifastbLive/index.m3u8
视频,http://101.43.145.141:12001/3000000010000010833/FifastbLive/index.m3u8
视频,http://101.43.145.141:12001/3000000010000011297/FifastbLive/index.m3u8
视频,http://101.43.145.141:12001/3000000010000011518/FifastbLive/index.m3u8
视频,http://101.43.145.141:12001/3000000010000012558/FifastbLive/index.m3u8
视频,http://101.43.145.141:12001/3000000010000012616/FifastbLive/index.m3u8
视频,http://101.43.145.141:12001/3000000010000015470/FifastbLive/index.m3u8
视频,http://101.43.145.141:12001/3000000010000015560/FifastbLive/index.m3u8
视频,http://101.43.145.141:12001/3000000010000017678/FifastbLive/index.m3u8
视频,http://101.43.145.141:12001/3000000010000019839/FifastbLive/index.m3u8
视频,http://101.43.145.141:12001/3000000010000021904/FifastbLive/index.m3u8
视频,http://101.43.145.141:12001/3000000010000023434/FifastbLive/index.m3u8
视频,http://101.43.145.141:12001/3000000010000025380/FifastbLive/index.m3u8
视频,http://101.43.145.141:12001/3000000010000027691/FifastbLive/index.m3u8
视频,http://101.43.145.141:12001/3000000010000031669/FifastbLive/index.m3u8
重温经典,https://gdcucc.v1.mk/gdcucc/cwjd.m3u8
cctv8k_36m,http://101.43.145.141:12002/gaoma/cctv8k_36m.m3u8
北京纪实科教,http://101.43.145.141:12002/itv/1000000001000001910.m3u8?cdn=ystenlive
湖南快乐垂钓,http://101.43.145.141:12002/itv/5000000011000031206.m3u8?cdn=bestzb
上海东方财经,http://101.43.145.141:12002/itv/5000000007000010003.m3u8?cdn=bestzb
上海东方影视,http://101.43.145.141:12002/itv/5000000010000032212.m3u8?cdn=bestzb
上海法治天地,http://101.43.145.141:12002/itv/2000000002000000014.m3u8?cdn=hnbblive
上海五星体育,http://101.43.145.141:12002/itv/5000000010000017540.m3u8?cdn=bestzb
SiTV-生活时尚,http://101.43.145.141:12002/itv/5000000002000019634.m3u8?cdn=bestzb
视频_8M1080_湖南bblive-1,http://101.43.145.141:12002/itv/2000000003000000060.m3u8?cdn=hnbblive
视频_8M1080_湖南bblive-2,http://101.43.145.141:12002/itv/2000000003000000061.m3u8?cdn=hnbblive
视频_8M1080_湖南bblive-3,http://101.43.145.141:12002/itv/2000000003000000062.m3u8?cdn=hnbblive
视频_8M1080_湖南bblive-5,http://101.43.145.141:12002/itv/2000000003000000064.m3u8?cdn=hnbblive
视频_8M1080_湖南bblive-6,http://101.43.145.141:12002/itv/2000000003000000065.m3u8?cdn=hnbblive
视频_8M1080_易视腾-1,http://101.43.145.141:12002/itv/1000000006000270001.m3u8?cdn=ystenlive
视频_8M1080_易视腾-3,http://101.43.145.141:12002/itv/1000000006000270003.m3u8?cdn=ystenlive
视频_8M1080_易视腾-6,http://101.43.145.141:12002/itv/1000000006000270006.m3u8?cdn=ystenlive
cgtnar,http://101.43.145.141:12002/gaoma/cgtnar.m3u8
cgtndoc,http://101.43.145.141:12002/gaoma/cgtndoc.m3u8
cgtnen,http://101.43.145.141:12002/gaoma/cgtnen.m3u8
cgtnfr,http://101.43.145.141:12002/gaoma/cgtnfr.m3u8
cgtnru,http://101.43.145.141:12002/gaoma/cgtnru.m3u8
cgtns,http://101.43.145.141:12002/gaoma/cgtnsp.m3u8
东森美洲,https://stream1.freetv.fun/dong-sen-mei-zhou-xin-wen-1.m3u8
中视,rtmp://f13h.mine.nu/sat/tv091
纬来日本,rtmp://f13h.mine.nu/sat/tv771
华语电视3,http://38.64.72.148:80/hls/modn/list/4003/chunklist0.m3u8
大爱二,https://pulltv2.wanfudaluye.com/live/tv2.m3u8
靖洋戏剧,https://stream1.freetv.fun/jing-yang-xi-ju-1.ctv
大爱1,https://pulltv1.wanfudaluye.com/live/tv1.m3u8
大爱1,https://pulltv2.wanfudaluye.com/live/tv1.m3u8
大爱2,http://pulltv1.wanfudaluye.com/live/tv2.m3u8
大爱2,https://pulltv1.wanfudaluye.com/live/tv2.m3u8
大爱2,http://pulltv2.wanfudaluye.com/live/tv2.m3u8
未知,http://37.27.111.214:8080/live/35/hls.m3u8
哆啦A梦：大雄与天空的理想乡,https://hlsdofviewmgspvod.aikan.miguvideo.com/depository_cidcobs_wxlz03/asset/zhengshi/5105/223/257/5105223257/media/5105223257_5206936022_56.mp4
哆啦A梦：大雄与天空的理想乡（普通话）,https://hlsdofviewmgspvod.aikan.miguvideo.com/depository_cidcobs_wxlz03/asset/zhengshi/5105/223/351/5105223351/media/5105223351_5206941130_56.mp4
哪吒之决战龙神,https://hlsdofviewmgspvod.aikan.miguvideo.com/depository_yqv/asset/zhengshi/5105/004/353/5105004353/media/5105004353_5033311414_56.mp4
爱尔达体育2,http://50.7.234.10:8278/eltasport2_twn/playlist.m3u8?tid=MB2B3966739039667390&ct=19249&tsum=20bdbd3a22909e8d89aabe7a923c8c5b
skysports plus,https://stream1.freetv.fun/skysports-plus-1.ctv
NBA TV,http://170.yfvodcdn.com:19980/live/nbaTV2/hls.m3u8
swerve sports,https://stream1.freetv.fun/swerve-sports-1.m3u8
band sports,https://stream1.freetv.fun/band-sports-3.m3u8
JSPORTS1,https://stream01.willfonk.com/live_playlist.m3u8?cid=BS242&r=FHD&ccode=JP&m=d0:20:20:04:35:cc&t=0d6938cb3dcf4b79848bc1753a59daf1
JSPORTS2,https://stream01.willfonk.com/live_playlist.m3u8?cid=BS243&r=FHD&ccode=JP&m=d0:20:20:04:35:cc&t=0d6938cb3dcf4b79848bc1753a59daf1
JSPORTS3,https://stream01.willfonk.com/live_playlist.m3u8?cid=BS244&r=FHD&ccode=JP&m=d0:20:20:04:35:cc&t=0d6938cb3dcf4b79848bc1753a59daf1
JSPORTS4,https://stream01.willfonk.com/live_playlist.m3u8?cid=BS245&r=FHD&ccode=JP&m=d0:20:20:04:35:cc&t=0d6938cb3dcf4b79848bc1753a59daf1
韩国娱乐,https://stream1.freetv.fun/glo-bet-1.ctv
TVN,https://stream1.freetv.fun/tvn-3.m3u8
贝爷求生,http://zzy789.xyz/douyu1.php?id=454867
ABC News Australia,https://stream1.freetv.fun/abc-news-australia-2.ctv
BAND NEWS,https://stream1.freetv.fun/band-news-1.m3u8
东方影视,https://stream1.freetv.fun/dong-fang-ying-shi-12.m3u8
东方影视,https://stream1.freetv.fun/ipv6-dong-fang-ying-shi-8.m3u8
TVB星河,http://php.jdshipin.com/smt.php?id=Xinhe
航拍中国第二季,http://newcntv.qcloudcdn.com/asp/hls/4000/0303000a/3/default/2bdfdad540b342f592f9817cb7f3b79a/4000.m3u8
◆◆◆　https://raw.githubusercontent.com/lml1971/tv/refs/heads/main/tv.txt
CCTV-17农业农村,https://live.264788.xyz/channel/cctv17?streamid=f9c36f1e95b5b35eac89cc89583e7c0a&livekey=01WgOR41rriMmMkzNsd0UoaxJRwetZdxIvtVk
CGTN新闻,https://live.264788.xyz/channel/cgtn?streamid=b3bff97fe63b849ac854fbd02181ac36&livekey=01WgOR41rriMmMkzNsd0UoaxJRwetZdxIvtVk
CGTN新闻,https://live.264788.xyz/channel/cgtn?streamid=449ceee2276fb50f7fa3c15d86686ead&livekey=01WgOR41rriMmMkzNsd0UoaxJRwetZdxIvtVk
北京纪实科教,https://live.264788.xyz/channel/beijingjishikejiao?streamid=df464c64af62853da71f951b2ed3228f&livekey=01WgOR41rriMmMkzNsd0UoaxJRwetZdxIvtVk
CETV-1综合教育,https://live.264788.xyz/channel/cetv1?streamid=f1777f794d92011bba4f6796c0573287&livekey=01WgOR41rriMmMkzNsd0UoaxJRwetZdxIvtVk
CETV-1综合教育,https://live.264788.xyz/channel/cetv1?streamid=1f850088bff0214dd9589e27a3aa3223&livekey=01WgOR41rriMmMkzNsd0UoaxJRwetZdxIvtVk
CETV-1综合教育,https://live.264788.xyz/channel/cetv1?streamid=f4b36de9e0ed50412e1fe3fbed4262a8&livekey=01WgOR41rriMmMkzNsd0UoaxJRwetZdxIvtVk
CETV-1综合教育,https://live.264788.xyz/channel/cetv1?streamid=fef40e80f1c448ad9436af5c51205214&livekey=01WgOR41rriMmMkzNsd0UoaxJRwetZdxIvtVk
CETV-2教育教学,https://live.264788.xyz/channel/cetv2?streamid=54effc2c015b2dc5a4c21e27f9482b50&livekey=01WgOR41rriMmMkzNsd0UoaxJRwetZdxIvtVk
CETV-2教育教学,https://live.264788.xyz/channel/cetv2?streamid=7cbdbef730b7cea2dc987da3b582f87a&livekey=01WgOR41rriMmMkzNsd0UoaxJRwetZdxIvtVk
CETV-2教育教学,https://live.264788.xyz/channel/cetv2?streamid=156ca9117d83b0d5a87b70c68b170784&livekey=01WgOR41rriMmMkzNsd0UoaxJRwetZdxIvtVk
CETV-4职业教育,https://live.264788.xyz/channel/cetv4?streamid=37d60172a2bbb0d41f072d29213e6264&livekey=01WgOR41rriMmMkzNsd0UoaxJRwetZdxIvtVk
凤凰卫视资讯,https://live.264788.xyz/channel/fenghuangweishizixun?streamid=77bd953dbf073e11b80bba0a8aca92c5&livekey=01WgOR41rriMmMkzNsd0UoaxJRwetZdxIvtVk
凤凰卫视中文,https://live.264788.xyz/channel/fenghuangweishizhongwen?streamid=2f797f6963d4df5f391f48edfa50ff59&livekey=01WgOR41rriMmMkzNsd0UoaxJRwetZdxIvtVk
凤凰卫视中文,https://live.264788.xyz/channel/fenghuangweishizhongwen?streamid=3ed416f2709e7ecaf6dc1b9d9c66bb5e&livekey=01WgOR41rriMmMkzNsd0UoaxJRwetZdxIvtVk
央广购物,https://live.264788.xyz/channel/yangguanggouwu?streamid=aa4b073c8ac1af1c0eccf0eba8c10b48&livekey=01WgOR41rriMmMkzNsd0UoaxJRwetZdxIvtVk
高尔夫·网球,https://live.264788.xyz/channel/gaoerfuwangqiu?streamid=451d321c7d5df14c154d41bfc36818ba&livekey=01WgOR41rriMmMkzNsd0UoaxJRwetZdxIvtVk
中华特产,https://live.264788.xyz/channel/zhonghuatechan?streamid=b469f191f722702a0120a523eca2eb11&livekey=01WgOR41rriMmMkzNsd0UoaxJRwetZdxIvtVk
中央新影-发现之旅,http://204.12.221.218:8181/3m1080p/fxzl.m3u8
中央新影-老故事,http://204.12.221.218:8181/3m1080p/lgs.m3u8
农林卫视,http://204.12.221.218:8181/3m1080p/snnl.m3u8
CETV-中国教育2,http://107.150.60.122/live/cetv2.m3u8
CETV-中国教育3,http://107.150.60.122/live/cetv3.m3u8
CGTN-新闻,https://english-livetx.cgtn.com/hls/yypdyyctzb_hd.m3u8
CGTN-新闻,https://english-livebkali.cgtn.com/live/encgtn_0.m3u8
CGTN-外语纪录,https://english-livebkali.cgtn.com/live/doccgtn_0.m3u8
农林卫视,http://124.116.183.146:9901/tsfile/live/1004_1.m3u8
韶关综合,https://www.sgmsw.cn/videos/tv/201805/1308/SB05RIYZOU8JR418AUQOF62CAJQ08D0E/hls/live.m3u8
东莞综合,https://stream.sun0769.com/dgrtv1/mp4tv1_1500/index.m3u8
遂昌电视,http://l.cztvcloud.com/channels/lantian/SXsuichang1/720p.m3u8?%E5%85%B3%E6%B3%A8%E5%BE%AE%E4%BF%A1%E5%85%AC%E4%BC%97%E5%8F%B7[%E6%99%B4%E5%9B%AD]
兰溪新闻综合,http://l.cztvcloud.com/channels/lantian/SXlanxi1/720p.m3u8?zzhed
文成新闻,http://l.cztvcloud.com/channels/lantian/SXwencheng1/720p.m3u8?fbl=
永嘉新闻综合,http://l.cztvcloud.com/channels/lantian/SXyongjia1/720p.m3u8
苍南新闻综合,https://l.cztvcloud.com/channels/lantian/SXcangnan1/720p.m3u8
苍南新闻综合,http://l.cztvcloud.com/channels/lantian/SXcangnan1/720p.m3u8?zzhed
余姚综合,http://l.cztvcloud.com/channels/lantian/SXyuyao1/720p.m3u8?
萧山生活,http://l.cztvcloud.com/channels/lantian/SXxiaoshan2/720p.m3u8?zzhed
北京文艺,http://114.242.62.109:888/hls/18/index.m3u8
大丰电视,http://dafeng-tv-hls.cm.jstv.com/dafeng-tv/dafenget.m3u8?zjiangsd
苏州电影娱乐信息,https://live-auth.51kandianshi.com/szgd/csztv4.m3u8
南宁文旅,http://hls.nntv.cn/nnlive/WLSH_24.m3u8
名山电视,rtmp://tv.yunxya.com:1937/channellive/mingshan
荥经电视,rtmp://tv.yunxya.com:1937/channellive/yingjing
荥经电视,https://m3u8channel-yj.yunxya.com/nmip-media/channellive/channel101140/playlist.m3u8
宝兴电视,rtmp://tv.yunxya.com:1937/channellive/baoxing
石河子新闻综合,rtmp://124.88.144.73:1935/live/xwzh
固镇新闻,http://www.guzhenm.com:7001/hls/hd-live.m3u8
祁门电视,rtmp://tv.qmxrmt.com/chan/ch1
祁门电视,rtmp://tv.qmxrmt.com/chan/ch1?zanhd
华丽翡翠,https://o11.163189.xyz/stream/live/hlt/
天映,https://o11.163189.xyz/stream/live/typd/
Astro AEC,https://o11.163189.xyz/stream/live/aec/
TVBlus,http://o11.163189.xyz/stream/tvb/tvbp/
台视,rtmp://f13h.mine.nu/sat/tv071
宇宙视界,http://live.nctv.top/douyu1.php?id=9498354
宇宙探索飞船,http://live.nctv.top/douyu1.php?id=9456028
世界未解之谜,http://live.nctv.top/douyu1.php?id=9369468
相声小品,http://live.nctv.top/douyu1.php?id=9286868
周润发,https://live.ottiptv.cc/huya/11342387
王Li差点红,http://live.nctv.top/douyu1.php?id=9348469
纳豆奶奶,http://live.nctv.top/douyu1.php?id=8745628
邵氏喜剧,http://38.75.136.137:98/gslb/dsdqpub/lbssxj.m3u8?auth=testpub
◆◆◆　https://live.izbds.com/tv/iptv4.txt
◆◆◆　https://raw.githubusercontent.com/suxuang/myIPTV/refs/heads/main/ipv4.m3u
江苏卫视4K,http://8.138.7.223/tv/jsws4k.php
河北4K,https://event.pull.hebtv.com:443/live/live101.m3u8
CCTV4K真4K,http://vip1.xinketongxun.fun:8082/tsfile/live/1026_1.m3u8
CETV-1 综合教育,http://www.lizhinas.top:1009/rtp/239.252.220.198:5140
CETV-2 空中课堂,http://www.lizhinas.top:1009/rtp/239.252.219.73:5140
海峡卫视,http://t.061899.xyz/tl/tl.php?id=hxws
四海钓鱼,http://t.061899.xyz/tl/tl.php?id=shdy
上视纪实人文,http://t.061899.xyz/tl/tl.php?id=shjsrw
苏州4K,https://tylive.kan0512.com/norecord/csztv4k_4k.m3u8
农林卫视,http://120.76.248.139/live/bfgd/4200000122.m3u8
海峡卫视,http://8.138.7.223/tv/hxws.m3u8
上海卫视,http://112.27.235.94:8000/hls/28/index.m3u8
重温经典,http://112.27.235.94:8000/hls/50/index.m3u8
CETV-01,https://zby.130519.xyz/PLTV/11/224/3221225775/index.m3u8
CETV-04,https://zby.130519.xyz/PLTV/11/224/3221226153/index.m3u8
黑龙江视,https://zby.130519.xyz/PLTV/11/224/3221225722/index.m3u8
东方影视,https://zby.130519.xyz/PLTV/11/224/3221225744/index.m3u8
东方财经,https://zby.130519.xyz/PLTV/11/224/3221226134/index.m3u8
睛彩广场,https://zby.130519.xyz/PLTV/11/224/3221226139/index.m3u8
纪实科教8K,https://gdcucc.v1.mk/gdcucc/brtv8k.m3u8
搜狐剧场,https://hdl-vip-ws.qf.56.com/live/lc_11730.flv
1905电影网,http://8.138.7.223/tv/1905.php?id=LIVE8J4LTCXPI7QJ5
1905电影网（国内）,http://8.138.7.223/tv/1905.php?id=LIVEOYY31H24H48NE
漫威电影,http://1.94.31.214:35455/douyu/6140589
精彩影视,http://111.22.153.159:35455/itv/6000000006000320630.m3u8?cdn=wasusyt
重温经典,http://101.35.240.114:88/live.php?id=重温经典
台湾+,https://bcovlive-a.akamaihd.net/rce33d845cb9e42dfa302c7ac345f7858/ap-northeast-1/6282251407001/playlist.m3u8
TVB星河,http://r.jdshipin.com/sXuuD
TVB星河,http://r.jdshipin.com/Voac4
海峡卫视,http://r.jdshipin.com/WtYt3
珠江卫视,http://iptv.4666888.xyz/iptv2A.php?id=19
凤凰电影,http://iot-mqqt.111yao.cn:8080/live/diyp_fhdy.m3u8
星空国际,http://iot-mqqt.111yao.cn:8080/live/diyp_starmovies.m3u8
澳视澳门,http://php.jdshipin.com:8880/TVOD/iptv.php?id=asam
澳亚卫视,http://cdn9.163189.xyz/live/as/stream.m3u8
TVB无线新闻（备用）,http://erp.giihgtidg.com:8080/live/wxxw01.m3u8
TVB无线星河,http://php.jdshipin.com:8880/smt.php?id=Xinhe
TVB翡翠台（备用）,http://erp.giihgtidg.com:8080/live/jade01.m3u8
TVB翡翠台 1080P,http://php.jdshipin.com:8880/TVOD/iptv.php?id=fct3
华丽翡翠,http://cdn9.163189.xyz/smt1.1.php?id=Tvbjade
TVB明珠,http://cdn9.163189.xyz/smt1.1.php?id=pearl_twn
TVB Plus,http://bxtv.3a.ink/api.php?id=tvbp
千禧经典,http://cdn9.163189.xyz/smt3.1.1.php?id=Tvbclassic
星光影视,http://ali.hlspull.yximgs.com/live/zxcvbnm9852.flv
耀才财经,https://v3.mediacast.hk/webcast/bshdlive-pc/chunklist_w99771165.m3u8
台视新闻,http://38.64.72.148/hls/modn/list/4013/chunklist1.m3u8
三立戏剧,http://61.221.215.25:8800/hls/41/index.m3u8
年代新闻,http://198.16.100.186:8278/niandainews_twn/playlist.m3u8?tid=MBCB9184423891844238&ct=19249&tsum=ac0331d98099429b19c53fe6d20972ec
东森财经,http://live4play.uk/livehttpplay?channel_id=20078
MOMO TV,rtmp://f13h.mine.nu/sat/tv761
TVBS新闻,http://61.221.215.25:8800/hls/9/index.m3u8
番薯台,http://61.216.67.119:1935/TWHG/E1/chunklist_w705811302.m3u8
八大戏剧,http://61.221.215.25:8800/hls/39/index.m3u8
CAT电影,http://litv.zapi.us.kg/?id=4gtv-4gtv076
龙华电影,https://cdn8.163189.xyz/live/lhdy/stream.m3u8
龙华戏剧,https://cdn8.163189.xyz/live/lhxj/stream.m3u8
ASTRO AOD,http://cdn9.163189.xyz/smt1.1.php?id=Aodhd
ELEVEN体育1,https://stream1.freetv.fun/eltaai-er-da-ti-yu--1--wj-1.ctv
ELEVEN体育2,https://stream1.freetv.fun/eltaai-er-da-ti-yu--2--wj-1.ctv
韩国电影2,https://stream.ads.ottera.tv/playlist.m3u8?network_id=743
翡翠台北美版,http://php.jdshipin.com:8880/TVOD/iptv.php?id=j1
HOY TV,http://php.jdshipin.com/TVOD/iptv.php?id=hoytv
千禧经典,http://php.jdshipin.com:8880/smt.php?id=Tvbclassic
天映,http://php.jdshipin.com:8880/smt.php?id=Celestial
Astro AOD,http://php.jdshipin.com/TVOD/iptv.php?id=aod
Astro AEC,http://php.jdshipin.com/smt.php?id=AEC
爱奇艺,http://php.jdshipin.com/smt.php?id=Qiyi
Astro QJ,http://php.jdshipin.com/smt.php?id=Quanjia
Astro欢喜,http://php.jdshipin.com/smt.php?id=Huahee
华丽翡翠,http://php.jdshipin.com/TVOD/iptv.php?id=huali2
亚洲武侠,http://php.jdshipin.com/TVOD/iptv.php?id=yzwx
TVB生活,http://php.jdshipin.com/TVOD/iptv.php?id=tvbsh
TVB娱乐新闻,http://php.jdshipin.com/TVOD/iptv.php?id=tvbylxw
TVB星河,http://php.jdshipin.com/TVOD/iptv.php?id=xinghe
iHOT 爱喜剧,http://111.22.153.159:35455/itv/2000000004000000032.m3u8?cdn=hnbblive
iHOT 爱科幻,http://111.22.153.159:35455/itv/2000000004000000033.m3u8?cdn=hnbblive
iHOT 爱院线,http://111.22.153.159:35455/itv/2000000004000000034.m3u8?cdn=hnbblive
iHOT 爱浪漫,http://111.22.153.159:35455/itv/2000000004000000035.m3u8?cdn=hnbblive
iHOT 爱悬疑,http://111.22.153.159:35455/itv/2000000004000000036.m3u8?cdn=hnbblive
iHOT 爱谍战,http://111.22.153.159:35455/itv/2000000004000000038.m3u8?cdn=hnbblive
iHOY 爱历史,http://111.22.153.159:35455/itv/2000000004000000046.m3u8?cdn=hnbblive
iHOT 爱科学,http://111.22.153.159:35455/itv/2000000004000000047.m3u8?cdn=hnbblive
iHOT 爱玩具,http://111.22.153.159:35455/itv/2000000004000000053.m3u8?cdn=hnbblive
iHOT 爱赛车,http://111.22.153.159:35455/itv/2000000004000000055.m3u8?cdn=hnbblive
iHOT 爱旅行,http://111.22.153.159:35455/itv/2000000004000000056.m3u8?cdn=hnbblive
iHOT 爱奇谈,http://111.22.153.159:35455/itv/2000000004000000058.m3u8?cdn=hnbblive
NewTV 超级电视剧,http://111.22.153.159:35455/itv/1000000004000024993.m3u8?cdn=ystenlive
NewTV 超级综艺,http://[2409:8087:5e00:24::2d]:6610/000000001000/1/1000000004000023658/index.m3u8?channel-id=ystenlive&Contentid=1000000004000023658&livemode=1&stbId=YanG-1989
NewTV 东北热剧,http://39.134.65.175/PLTV/88888888/224/3221225679/1.m3u8
NewTV 欢乐剧场,http://39.134.65.175/PLTV/88888888/224/3221225682/1.m3u8
NewTV 潮妈辣婆,http://[2409:8087:5e00:24::2d]:6610/000000001000/1/2000000003000000018/index.m3u8?channel-id=hnbblive&Contentid=2000000003000000018&livemode=1&stbId=YanG-1989
NewTV 炫舞未来,http://[2409:8087:5e00:24::2d]:6610/000000001000/1/1000000001000000515/index.m3u8?channel-id=ystenlive&Contentid=1000000001000000515&livemode=1&stbId=YanG-1989
NewTV 精品萌宠,http://[2409:8087:5e00:24::2d]:6610/000000001000/1/1000000006000032328/index.m3u8?channel-id=ystenlive&Contentid=1000000006000032328&livemode=1&stbId=YanG-1989
NewTV 精品记录,http://[2409:8087:5e00:24::2d]:6610/000000001000/1/1000000004000013730/index.m3u8?channel-id=ystenlive&Contentid=1000000004000013730&livemode=1&stbId=YanG-1989
赛事睛彩竞技,http://vip.lqcc.xyz:35455/itv/3000000020000011528.m3u8?cdn=FifastbLive
赛事睛彩篮球,http://vip.lqcc.xyz:35455/itv/3000000020000011529.m3u8?cdn=FifastbLive
赛事睛彩竞技,http://vip.lqcc.xyz:35455/itv/3000000020000011530.m3u8?cdn=FifastbLive
赛事睛彩篮球,http://vip.lqcc.xyz:35455/itv/3000000020000011531.m3u8?cdn=FifastbLive
赛事4k-1,http://vip.lqcc.xyz:35455/itv/3000000010000005180.m3u8?cdn=FifastbLive
赛事4k-2,http://vip.lqcc.xyz:35455/itv/3000000010000015686.m3u8?cdn=FifastbLive
赛事播01,http://vip.lqcc.xyz:35455/itv/3000000001000005308.m3u8?cdn=FifastbLive
赛事播02,http://vip.lqcc.xyz:35455/itv/3000000001000005969.m3u8?cdn=FifastbLive
赛事播03,http://vip.lqcc.xyz:35455/itv/3000000001000007218.m3u8?cdn=FifastbLive
赛事播04,http://vip.lqcc.xyz:35455/itv/3000000001000008001.m3u8?cdn=FifastbLive
赛事播05,http://vip.lqcc.xyz:35455/itv/3000000001000008176.m3u8?cdn=FifastbLive
赛事播06,http://vip.lqcc.xyz:35455/itv/3000000001000008379.m3u8?cdn=FifastbLive
赛事播07,http://vip.lqcc.xyz:35455/itv/3000000001000010129.m3u8?cdn=FifastbLive
赛事播08,http://vip.lqcc.xyz:35455/itv/3000000001000010948.m3u8?cdn=FifastbLive
赛事播09,http://vip.lqcc.xyz:35455/itv/3000000001000026778.m3u8?cdn=FifastbLive
赛事播10,http://vip.lqcc.xyz:35455/itv/3000000001000028638.m3u8?cdn=FifastbLive
赛事播11,http://vip.lqcc.xyz:35455/itv/3000000001000031494.m3u8?cdn=FifastbLive
赛事播12,http://vip.lqcc.xyz:35455/itv/3000000010000000097.m3u8?cdn=FifastbLive
赛事播13,http://vip.lqcc.xyz:35455/itv/3000000010000002019.m3u8?cdn=FifastbLive
赛事播14,http://vip.lqcc.xyz:35455/itv/3000000010000002032.m3u8?cdn=FifastbLive
赛事播15,http://vip.lqcc.xyz:35455/itv/3000000010000002809.m3u8?cdn=FifastbLive
赛事播16,http://vip.lqcc.xyz:35455/itv/3000000010000003915.m3u8?cdn=FifastbLive
赛事播17,http://vip.lqcc.xyz:35455/itv/3000000010000004193.m3u8?cdn=FifastbLive
赛事播18,http://vip.lqcc.xyz:35455/itv/3000000010000004464.m3u8?cdn=FifastbLive
赛事播19,http://vip.lqcc.xyz:35455/itv/3000000010000005837.m3u8?cdn=FifastbLive
赛事播20,http://vip.lqcc.xyz:35455/itv/3000000010000006077.m3u8?cdn=FifastbLive
赛事播21,http://vip.lqcc.xyz:35455/itv/3000000010000006658.m3u8?cdn=FifastbLive
赛事播22,http://vip.lqcc.xyz:35455/itv/3000000010000006944.m3u8?cdn=FifastbLive
赛事播23,http://vip.lqcc.xyz:35455/itv/3000000010000007692.m3u8?cdn=FifastbLive
赛事播24,http://vip.lqcc.xyz:35455/itv/3000000010000009788.m3u8?cdn=FifastbLive
赛事播25,http://vip.lqcc.xyz:35455/itv/3000000010000010833.m3u8?cdn=FifastbLive
赛事播26,http://vip.lqcc.xyz:35455/itv/3000000010000011112.m3u8?cdn=FifastbLive
赛事播27,http://vip.lqcc.xyz:35455/itv/3000000010000011297.m3u8?cdn=FifastbLive
赛事播28,http://vip.lqcc.xyz:35455/itv/3000000010000011518.m3u8?cdn=FifastbLive
赛事播29,http://vip.lqcc.xyz:35455/itv/3000000010000011763.m3u8?cdn=FifastbLive
赛事播30,http://vip.lqcc.xyz:35455/itv/3000000010000011873.m3u8?cdn=FifastbLive
赛事播31,http://vip.lqcc.xyz:35455/itv/3000000010000012398.m3u8?cdn=FifastbLive
赛事播32,http://vip.lqcc.xyz:35455/itv/3000000010000012450.m3u8?cdn=FifastbLive
赛事播33,http://vip.lqcc.xyz:35455/itv/3000000010000012558.m3u8?cdn=FifastbLive
赛事播34,http://vip.lqcc.xyz:35455/itv/3000000010000012616.m3u8?cdn=FifastbLive
赛事播35,http://vip.lqcc.xyz:35455/itv/3000000010000015470.m3u8?cdn=FifastbLive
赛事播36,http://vip.lqcc.xyz:35455/itv/3000000010000015560.m3u8?cdn=FifastbLive
赛事播37,http://vip.lqcc.xyz:35455/itv/3000000010000017389.m3u8?cdn=FifastbLive
赛事播38,http://vip.lqcc.xyz:35455/itv/3000000010000017678.m3u8?cdn=FifastbLive
赛事播39,http://vip.lqcc.xyz:35455/itv/3000000010000017997.m3u8?cdn=FifastbLive
赛事播40,http://vip.lqcc.xyz:35455/itv/3000000010000019380.m3u8?cdn=FifastbLive
赛事播41,http://vip.lqcc.xyz:35455/itv/3000000010000019839.m3u8?cdn=FifastbLive
赛事播42,http://vip.lqcc.xyz:35455/itv/3000000010000020168.m3u8?cdn=FifastbLive
赛事播43,http://vip.lqcc.xyz:35455/itv/3000000010000021904.m3u8?cdn=FifastbLive
赛事播44,http://vip.lqcc.xyz:35455/itv/3000000010000023434.m3u8?cdn=FifastbLive
赛事播45,http://vip.lqcc.xyz:35455/itv/3000000010000024205.m3u8?cdn=FifastbLive
赛事播46,http://vip.lqcc.xyz:35455/itv/3000000010000024691.m3u8?cdn=FifastbLive
赛事播47,http://vip.lqcc.xyz:35455/itv/3000000010000025380.m3u8?cdn=FifastbLive
赛事播48,http://vip.lqcc.xyz:35455/itv/3000000010000025943.m3u8?cdn=FifastbLive
赛事播49,http://vip.lqcc.xyz:35455/itv/3000000010000027318.m3u8?cdn=FifastbLive
赛事播50,http://vip.lqcc.xyz:35455/itv/3000000010000027638.m3u8?cdn=FifastbLive
赛事播51,http://vip.lqcc.xyz:35455/itv/3000000010000027691.m3u8?cdn=FifastbLive
赛事播52,http://vip.lqcc.xyz:35455/itv/3000000010000031669.m3u8?cdn=FifastbLive
赛事播53,http://vip.lqcc.xyz:35455/itv/3000000010000032106.m3u8?cdn=FifastbLive
河北少儿,http://tv.pull.hebtv.com/jishi/shaoerkejiao.m3u8?t=2510710360&k=4ff4446adf3cce3de40dd013255b38b2
韩国EBS少儿,http://ebsonairios.ebs.co.kr/ebsutablet500k/tablet500k/playlist.m3u8
灌篮高手,https://live.ottiptv.cc/yy/1382735626
喜羊羊与灰太狼,https://live.ottiptv.cc/huya/23865080
名侦探柯南,https://live.ottiptv.cc/huya/30080236
林正英电影,http://cdn.jdshipin.com:8880/huya.php?id=11342421
刘德华电影,http://cdn.jdshipin.com:8880/huya.php?id=11342424
古天乐电影,http://cdn.jdshipin.com:8880/huya.php?id=29982675
成龙电影,http://cdn.jdshipin.com:8880/huya.php?id=11342386
李连杰电影,http://cdn.jdshipin.com:8880/huya.php?id=11342390
甄子丹电影,http://cdn.jdshipin.com:8880/huya.php?id=11352935
沈腾电影,http://cdn.jdshipin.com:8880/huya.php?id=11601968
黄渤电影,http://cdn.jdshipin.com:8880/huya.php?id=11352876
强森电影,http://cdn.jdshipin.com:8880/huya.php?id=21059581
王晶电影,http://cdn.jdshipin.com:8880/huya.php?id=11602058
金庸武侠,http://cdn.jdshipin.com:8880/huya.php?id=11342435
功夫电影,http://cdn.jdshipin.com:8880/huya.php?id=11352941
贺岁电影,http://cdn.jdshipin.com:8880/huya.php?id=11601986
怪兽电影,http://cdn.jdshipin.com:8880/huya.php?id=21059577
武侠电影,http://cdn.jdshipin.com:8880/huya.php?id=11342427
玄幻电影,http://cdn.jdshipin.com:8880/huya.php?id=11342414
罪犯电影,http://cdn.jdshipin.com:8880/huya.php?id=11352962
战争电影,http://cdn.jdshipin.com:8880/huya.php?id=21059574
谍战电影,http://cdn.jdshipin.com:8880/huya.php?id=21059585
狄仁杰电影,http://cdn.jdshipin.com:8880/huya.php?id=30080229
末日电影合集,https://live.ottiptv.cc/yy/1354889019
宇宙科幻合集,http://cdn.jdshipin.com:8880/huya.php?id=11342428
新三国,https://live.ottiptv.cc/huya/11352944
少年包青天第一部,https://live.ottiptv.cc/yy/1356043677
少年包青天第三部,https://live.ottiptv.cc/yy/1382736814
神雕侠侣,https://live.ottiptv.cc/huya/11352964
庆余年,https://live.ottiptv.cc/huya/11352960
鬼吹灯之精绝古城,https://live.ottiptv.cc/huya/11352871
伪装者,https://live.ottiptv.cc/yy/1354936244
西游记续集,http://www.goodiptv.club/douyu/3113309
我是特种兵之利刃出鞘,https://live.ottiptv.cc/yy/37999586
流水迢迢,https://live.ottiptv.cc/huya/23865036
父母爱情,https://live.ottiptv.cc/yy/1354926650
欢乐颂,https://live.ottiptv.cc/yy/1382735624
楚汉骄雄,http://cdn.jdshipin.com:8880/huya.php?id=29465854
西游记2,http://cdn.jdshipin.com:8880/huya.php?id=29465859
活佛济公3,http://cdn.jdshipin.com:8880/huya.php?id=23903123
无心法师,http://cdn.jdshipin.com:8880/huya.php?id=30080233
刑事侦缉档案,http://cdn.jdshipin.com:8880/huya.php?id=29465856
法政先锋,http://cdn.jdshipin.com:8880/huya.php?id=23863804
洗冤录,http://cdn.jdshipin.com:8880/huya.php?id=29465851
使徒行者,http://cdn.jdshipin.com:8880/huya.php?id=23734256
鉴证实录,http://cdn.jdshipin.com:8880/huya.php?id=23903183
金枝欲孽,http://cdn.jdshipin.com:8880/huya.php?id=29465847
扫黄先锋,http://cdn.jdshipin.com:8880/huya.php?id=29465855
创世纪,http://cdn.jdshipin.com:8880/huya.php?id=29465852
妙手仁心,http://cdn.jdshipin.com:8880/huya.php?id=29465853
野蛮亲家,http://cdn.jdshipin.com:8880/huya.php?id=23863796
笑看风云,http://cdn.jdshipin.com:8880/huya.php?id=29465858
倩女幽魂妖魔道,http://jsmov2.a.yximgs.com/bs3/video-hls/5232901391302199073_hlsb.m3u8
倩女幽魂人间道,http://jsmov2.a.yximgs.com/bs3/video-hls/5250634317044855747_hlsb.m3u8
倩女幽魂道道道,http://jsmov2.a.yximgs.com/bs3/video-hls/5216294367991385255_hlsb.m3u8
龙门飞甲,http://jsmov2.a.yximgs.com/bs3/video-hls/5203346449046555193_hlsb.m3u8
BRTV卡酷少儿,http://rrs01.hw.gmcc.net:8088/PLTV/81/224/3221226677/1.m3u8
BRTV影视,https://hsplay-360.v.btime.com/live_btime/btv_sn_20170706_s4/index.m3u8?time=1742954511&sign=5241ba5667bd08639fd195ea9db6da5a
BRTV文艺,https://hsplay-360.v.btime.com/live_btime/btv_sn_20170706_s2/index.m3u8?time=1742954441&sign=36eca1b00f7de9e79ecc4449bcaa35d5
BRTV体育休闲,http://smjdenny.eu.org:35455/bptv/10000100000000050000000003870779.m3u8
BRTV国际,http://[2409:8087:1:20:20::2a]/otttv.bj.chinamobile.com/PLTV/88888888/224/3221226510/1.m3u8?GuardEncType=2&accountinfo=%7E%7EV2.0%7EIfgL7tTUNqHAIdgvKuwj8A%7E_eNUbgU9sJGUcVVduOMKhafLvQUgE_zlz_7pvDimJNPr9j5nfyiWS_jEXD6m401A%2CEND
淘BABY,http://[2409:8087:1:20:20::2c]/otttv.bj.chinamobile.com/PLTV/88888888/224/3221226554/1.m3u8?GuardEncType=2&accountinfo=%7E%7EV2.0%7EN0sbBMpQv4sLsW5foy3YfA%7E_eNUbgU9sJGUcVVduOMKhafLvQUgE_zlz_7pvDimJNNg3bzRax0E9tLmO9xgXVx8%2CEND
萌宠TV,http://[2409:8087:1:20:20::26]/otttv.bj.chinamobile.com/PLTV/88888888/224/3221226555/1.m3u8?GuardEncType=2&accountinfo=%7E%7EV2.0%7E_PpxWPtvSZRFtu_Ged-vQ%7E_eNUbgU9sJGUcVVduOMKhafLvQUgE_zlz_7pvDimJNO0istnBuoA2R9ODSCqyIyS%2CEND
车迷,http://120.76.248.139/live/bfgd/4200000146.m3u8
上海新闻,http://bp-livetytv.bestv.cn/ch/bestvxwzh.m3u8
利州综合,http://tvfile.lzgbdst.com/nmip-media/channellive/channel106876/playlist.m3u8?zsicd
德阳公共,http://scdytv.cn:1935/live/m_ggpd_livevideo/playlist.m3u8?zsicd
青神综合,http://lmt.scqstv.com:80/live1/live1.m3u8
朝天综合,https://m3u8.channel.dzsm.com/nmip-media/channellive/channel104601/playlist.m3u8
辽宁青少,http://dassby.qqff.top:99/live/辽宁教育青少/index.m3u8
辽宁公共,http://120.76.248.139/live/bfgd/4200000077.m3u8
辽宁公共,http://120.76.248.139/live/bfgd/4200000481.m3u8
辽宁影视剧,http://120.76.248.139/live/bfgd/4200000070.m3u8
辽宁教育青少,http://120.76.248.139/live/bfgd/4200000075.m3u8
辽宁生活,http://120.76.248.139/live/bfgd/4200000073.m3u8
广东公共,http://218.13.14.6:60050/tsfile/live/1020_1.m3u8
江苏综艺,https://stream1.freetv.fun/f8ef469943662bed2abc6609d9ef1720b9e93a8a0bd6f5789133461e36763f37.m3u8
河南新闻,http://www.cdnstv.com:6398/hls/1114/index.m3u8
河南乡村,http://www.cdnstv.com:6398/hls/1116/index.m3u8
河南戏曲,http://www.cdnstv.com:6398/hls/1119/index.m3u8
河南法治,http://www.cdnstv.com:6398/hls/1112/index.m3u8
河南电视剧,http://www.cdnstv.com:6398/hls/1113/index.m3u8
收藏天下,http://www.cdnstv.com:6398/hls/1118/index.m3u8
河南电视剧,http://1.94.31.214/php/hntv.php?id=hndsj
河南法治,http://1.94.31.214/php/hntv.php?id=hmfz
河南新闻,http://1.94.31.214/php/hntv.php?id=hnxw
河南公共,http://1.94.31.214/php/hntv.php?id=hngg
河南国际,http://1.94.31.214/php/hntv.php?id=hngj
河南梨园,http://1.94.31.214/php/hntv.php?id=hnly
睛彩中原,http://1.94.31.214/php/hntv.php?id=jczy
移动戏曲,http://1.94.31.214/php/hntv.php?id=ydxj
象视界,http://1.94.31.214/php/hntv.php?id=xsj
河北经济,http://1.94.31.214/php/hebei.php?id=jjsh
河北影视,http://1.94.31.214/php/hebei.php?id=hbys
河北少儿,http://1.94.31.214/php/hebei.php?id=sekj
河北睛彩,http://vip.lqcc.xyz:15511/rtp/239.254.200.27:6000
河北杂技,http://vip.lqcc.xyz:15511/rtp/239.254.201.139:7203
石家庄城市服务,http://nn.7x9d.cn/石家庄.php?id=5
石家庄文化娱乐,http://nn.7x9d.cn/石家庄.php?id=6
鹿泉一套,https://jwcdnqx.hebyun.com.cn/live/luquanyi/1500k/tzwj_video.m3u8
鹿泉二套,https://jwcdnqx.hebyun.com.cn/live/luquaner/1500k/tzwj_video.m3u8
西部电影,http://112.46.105.20:8009/hls/62/index.m3u8
都市青春,http://112.46.105.20:8009/hls/19/index.m3u8
体育休闲,http://112.46.105.20:8009/hls/24/index.m3u8
乐家购物,http://112.46.105.20:8009/hls/23/index.m3u8
武汉电视剧,http://stream.appwuhan.com/2tzb/sd/live.m3u8
武汉科技生活,http://stream.appwuhan.com/3tzb/sd/live.m3u8
武汉经济,http://stream.appwuhan.com/4tzb/sd/live.m3u8
武汉外语,http://stream.appwuhan.com/6tzb/sd/live.m3u8
江夏新闻综合,http://59.175.226.142:280/gb28181/xwzh.m3u8?zhubd
十堰新闻,http://p8.vzan.com/slowlive/034028687228317362/live.m3u8
福建乡村振兴公共,http://8.138.7.223/tv/fjtv1.php?id=fjxc
福州新闻综合,http://8.138.7.223/tv/fjtv1.php?id=fz1
泉州新闻综合,http://8.138.7.223/tv/fjtv1.php?id=qz1
三明综合,http://8.138.7.223/tv/fjtv1.php?id=sm1
莆田综合,http://8.138.7.223/tv/fjtv1.php?id=pt1
南平综合,http://8.138.7.223/tv/fjtv1.php?id=np1
龙岩综合,http://8.138.7.223/tv/fjtv1.php?id=ly1
宁德新闻综合,http://8.138.7.223/tv/fjtv1.php?id=nd1
平潭综合,http://8.138.7.223/tv/fjtv1.php?id=pttv
黑龙江公共农村,http://ottrrs.hl.chinamobile.com/PLTV/88888888/224/3221225994/index.m3u8
呼市新闻综合,https://livestream-bt.nmtv.cn/nmtv/2331general.m3u8?txSecret=4d7342ca5cd74480526ab6d292247aff&txTime=771E8800
包头新闻综合,https://livestream-bt.nmtv.cn/nmtv/2358general.m3u8?txSecret=98390a77c143a68f0fd64bfe6e181dcb&txTime=771E8800
鄂尔多斯新闻,https://livestream-bt.nmtv.cn/nmtv/2349general.m3u8?txSecret=e44477052aba305cadeea45aaf1c674a&txTime=771E8800
巴彦淖尔新闻,https://livestream-bt.nmtv.cn/nmtv/2348general.m3u8?txSecret=6a4ddce077e41b976fe33619fbef2b30&txTime=771E8800
赤峰新闻综合,https://livestream-bt.nmtv.cn/nmtv/2351general.m3u8?txSecret=8857087aeec2cec44d178a18550fdb8a&txTime=771E8800
乌兰察布新闻,https://livestream-bt.nmtv.cn/nmtv/2354general.m3u8?txSecret=cf5f71d0000862b18f5813607b3dfd5b&txTime=771E8800
黄河电视,http://liveflash.sxrtv.com/live/huanghe.m3u8?sub_m3u8=true&edge_slice=true
山西经济与科技,http://liveflash.sxrtv.com/live/sxfinance.m3u8?sub_m3u8=true&edge_slice=true
甘肃公共应急,https://hls.gstv.com.cn/49048r/3t5xyc.m3u8
赣州新闻,https://pili-live-hls-sjxgz2024.sobeylive.com/jxgz2024/396_q_live172526329228525.m3u8
赣州公共,https://pili-live-hls-sjxgz2024.sobeylive.com/jxgz2024/396_q_live172526334096251.m3u8
1983年春晚,http://txmov2.a.kwimgs.com/bs3/video-hls/5207287136834522947_hlshd15.m3u8
1984年春晚,https://txmov2.a.kwimgs.com/bs3/video-hls/5229242184269609742_hlshd15.m3u8
1985年春晚,http://txmov2.a.kwimgs.com/bs3/video-hls/5227271857652377954_hlshd15.m3u8
1986年春晚,https://txmov2.a.kwimgs.com/bs3/video-hls/5231493982164619599_hlshd15.m3u8
1987年春晚,https://txmov2.a.kwimgs.com/bs3/video-hls/5195746663405928031_hlsb.m3u8
1988年春晚,https://txmov2.a.kwimgs.com/bs3/video-hls/5216575810935394655_hlsb.m3u8
1989年春晚,https://txmov2.a.kwimgs.com/bs3/video-hls/5194620763762726260_hlsb.m3u8
1992年春晚,https://txmov2.a.kwimgs.com/bs3/video-hls/5256826755663896297_hlshd15.m3u8
1997年春晚,https://txmov2.a.kwimgs.com/bs3/video-hls/5230649583590411879_hlshd15.m3u8
1998年春晚,https://txmov2.a.kwimgs.com/bs3/video-hls/5225864507896315430_hlshd15.m3u8
1999年春晚,https://txmov2.a.kwimgs.com/bs3/video-hls/5258234133675308186_hlshd15.m3u8
2008年春晚,https://txmov2.a.kwimgs.com/bs3/video-hls/5210946337266019890_hlshd15.m3u8
2011年春晚,https://txmov2.a.kwimgs.com/bs3/video-hls/5243597434070590481_hlshd15.m3u8
2012年春晚,https://txmov2.a.kwimgs.com/bs3/video-hls/5219953534755647343_hlshd15.m3u8
2015年春晚,https://txmov2.a.kwimgs.com/bs3/video-hls/5248101009010430183_hlshd15.m3u8
2016年春晚,https://txmov2.a.kwimgs.com/bs3/video-hls/5238530884094441260_hlshd15.m3u8
2017年春晚,https://txmov2.a.kwimgs.com/bs3/video-hls/5191524564569524830_hlshd15.m3u8
2020年春晚,https://txmov2.a.kwimgs.com/bs3/video-hls/5222205336887088723_hlshd15.m3u8
2022年春晚,https://txmov2.a.kwimgs.com/bs3/video-hls/5224457109297710655_hlshd15.m3u8
2023年春晚,https://txmov2.a.kwimgs.com/bs3/video-hls/5251197255879398624_hlshd15.m3u8
2025年春晚,https://svipsvip.ffzyread1.com/20250129/35458_c988286f/index.m3u8
2025年春晚 4K,https://svip.high24-playback.com/20250129/17159_7bca93c4/2000k/hls/mixed.m3u8
BBC,http://fl2.moveonjoy.com/BBC_WORLD_NEWS/index.m3u8
CNA,https://d2e1asnsl7br7b.cloudfront.net/7782e205e72f43aeb4a48ec97f66ebbe/index_5.m3u8
Fox LiveNow,https://jmp2.uk/sam-USBA300024TN.m3u8
NBC News Now,https://jmp2.uk/sam-GBBB1500004LG.m3u8
Sky News,https://i.mjh.nz/SamsungTVPlus/USBB52000022Q.m3u8
Al Jazeera,http://live-hls-web-aje.getaj.net/AJE/01.m3u8
Arirang,https://amdlive-ch01-ctnd-com.akamaized.net/arirang_1ch/smil:arirang_1ch.smil/chunklist_b3256000_sleng.m3u8
日本全天新闻,https://n24-cdn-live.ntv.co.jp/ch01/index_high.m3u8
TRT World,https://tv-trtworld.live.trt.com.tr/master_1080.m3u8
Bloomberg Asia,https://epg.pw/stream/d2edf469b9079064a283f4b0811cbf6f2597ebbb3d08dcf77036a4b5a791b7cf.m3u8
Bloomberg Originals,https://i.mjh.nz/SamsungTVPlus/GBBC900012J9.m3u8
Fashion TV,http://91.247.68.229:8000/play/Fashion/index.m3u8
SKY,http://streamsy.online:2999/coachj88/N93DPKS9pJ/330
FIFA+,https://i.mjh.nz/SamsungTVPlus/USBD12000255B.m3u8
Dubai One,http://dminnvll.cdn.mangomolo.com/dubaione/smil:dubaione.stream.smil/chunklist_b1800000.m3u8
CBN News,https://bcovlive-a.akamaihd.net/re8d9f611ee4a490a9bb59e52db91414d/us-east-1/734546207001/playlist.m3u8
GB News,https://i.mjh.nz/SamsungTVPlus/GBBB1600008R3.m3u8
TBS,http://143.244.60.30/TBS/index.m3u8
ION Plus,https://i.mjh.nz/SamsungTVPlus/USBD300003LK.m3u8
ION,https://i.mjh.nz/SamsungTVPlus/USBD300002TU.m3u8
Love Nature,https://d18dyiwu97wm6q.cloudfront.net/playlist2160p.m3u8
Disney International,http://sansat.net:88/HhPRf2nAlsVeRU9/AnzgPldGC8OHsyY/96284
Fight Network,https://d12a2vxqkkh1bo.cloudfront.net/hls/1080p/playlist.m3u8
&Flix,http://89.187.177.137:8081/&FLIX/index.m3u8
Wild Planet,https://i.mjh.nz/SamsungTVPlus/GBBB5000002PL.m3u8
Clarity 4K,https://i.mjh.nz/SamsungTVPlus/USBA3800005NI.m3u8
Stadium,https://i.mjh.nz/SamsungTVPlus/USAJ3504705A.m3u8
Pop,http://streamsy.online:2999/coachj88/N93DPKS9pJ/226
Tastemade,https://i.mjh.nz/SamsungTVPlus/CABD1200002T9.m3u8
MovieSphere,https://i.mjh.nz/SamsungTVPlus/USBD17000117B.m3u8
The Lego Channel,https://i.mjh.nz/SamsungTVPlus/GBBC4300005AL.m3u8
NextUp Live Comedy,https://i.mjh.nz/SamsungTVPlus/GBBD1100012JB.m3u8
◆◆◆　https://raw.githubusercontent.com/BurningC4/Chinese-IPTV/master/TV-IPV4.m3u
CETV-1,http://ottrrs.hl.chinamobile.com/PLTV/88888888/224/3221225652/index.m3u8
◆◆◆　https://raw.githubusercontent.com/fanmingming/live/refs/heads/main/tv/m3u/ipv6.m3u
CCTV-16奥林匹克,http://[2409:8087:8:21::18]:6610/otttv.bj.chinamobile.com/PLTV/88888888/224/3221227002/1.m3u8?
◆◆◆　https://tzdr.com/iptv.txt
1905极限反转,http://43.138.11.122:215/cctv.php?id=1905a
1905环球经典,http://43.138.11.122:215/cctv.php?id=1905b
cctv阿拉伯语,http://159.75.85.63:36666/migu/609154345.m3u8?migutoken=aceca31d6abd217be1a02187c0a20e96c4411e6e93727bb9638452babf83498b972c74168bcbdfbb4e54d90207a1464be39a6ab2ad9f7db52f2265fd5a13893836bafe2d97a7f9f9d66979bab6
cctv西班牙语,http://159.75.85.63:36666/migu/609006450.m3u8?migutoken=7d2101f3817f71d2073984ff4ce8832515039ca849bea2917f938a56a87d1c2351ff38e4310ac0d236c2e3fcff1470fd5638fab41bbb71f698a3af5967e86fbc4c3622ef9234d608542bb74c07
cctv法语,http://159.75.85.63:36666/migu/609006476.m3u8?migutoken=0e801e1d87a9fec14c69505c87a1e193ebfa6cd4ae82c1f0bf01a713ce5a9e51e6830253bcb861cdc2b86f06794cb3e47cc609dbfff33bb523c6ed5bc315e08ff488c9f3b8e4435854ab8b6695
cctv俄语,http://159.75.85.63:36666/migu/609006446.m3u8?migutoken=e36eae7b6bc043fcfa41956bc837c39d303a0ed7c38e487f979b14af2ff489644576c8f6e997b183a492faf696f99a9f004afb8c2b965cf75c604d0920638cc5e27d3e2761c3996b99c01fe1ef
cgtn,http://159.75.85.63:36666/migu/609017205.m3u8?migutoken=296930bbfcd367864835745b08aef6d5c1531fa51547e3b0b584e52aa42b4da6045fa3975d72b58d823b96201d97bdd60e915950751cec50e221624fe6f4cea38a64d8d069dd28633cc6c5347b
海峡卫视,http://159.75.85.63:36666/migu/849119120.m3u8?migutoken=c49368de563e80e8accb83b5a7d55813053cf7495b79c078daddb11f00b916847d540ec778266e716b43fb3a5072ae3b29c991b2a7adb689474c82762b945c9dff290823aa7990bb3ce754d815
上视东方影视,http://159.75.85.63:36666/migu/617290047.m3u8?migutoken=b8f97b440ceb86aad67aba65ca7bae25fa9c3d1b62ecf83bd5ae579323222b22765901a06491f135e6dd36523e05e587cadc03d319f11015eee2e5303fe81dbd157a774dc7ae2996cedfce2575
上视纪实人文,http://159.75.85.63:36666/migu/617289997.m3u8?migutoken=5416b1926fa206d2ad4a3586dce86d1f7c169259980294457af4dcb9c3898de402162cfb7eb006f7775de02ccf596f0268740c4d4f1621708860bccf5970401b7e7c1082bc61ec9dc90ef69e58
江苏国际,http://159.75.85.63:36666/migu/626064674.m3u8?migutoken=e5cdbc320181be4ffc1b1250a5756934063a7c12884680b1a3d2c45216d781a128fc9fc308d44aa5dc05a038e28b483dcb6e48403cb6fd3d715c314da05de3bb20ba3cda346d569e4d0765c199
江苏综艺,http://159.75.85.63:36666/migu/626065193.m3u8?migutoken=57a6600f561b12ce4315746648b6edc13d1a5ada2fa8d69191a04b023f75cd36e6096c53938b255454c9fcef2e120e171037e42aebf21e96e438af76164e98dd924557c0035d5de0e623d1ff28
公共新闻,http://159.75.85.63:36666/migu/626064693.m3u8?migutoken=fd16cefb60fe4f64a100345ab24c539d6449858357c41dec5b1a2ae71a7ced1b466941e25258632ea8c84657a68a0f0c21fb88db6cb5dce0689f0ce9ff2a0a7a41944017300e8643b8b0f89c1c
泰州新闻综合,http://159.75.85.63:36666/migu/639731818.m3u8?migutoken=6b622e44400bd6557c11cbe3d77d9b12c6fc75725590b03531b2548c63c336cb567b67bfd0f87d2de7f213ad97925fec354a3971b3d0ce163a20a1a6199c1c3c4fcb1f4b59665a6eed5d1e7311
体育休闲,http://159.75.85.63:36666/migu/626064707.m3u8?migutoken=550d47ddff744b99363256e1369196fceaeeb7e72b863723eb96d4c8cba459e2d7b983e80e1eec9770e9a4e15684f5e102ed3daa999f8afdcaebf44a97a7b8143e7b2c7332634165363a243218
宿迁新闻综合,http://159.75.85.63:36666/migu/639731832.m3u8?migutoken=dff3938f5c3d0f20afce69a352922916a0e4e10e42eaaca00a34488fe8fe75d30818e1067a966780d203d80d555478c4f1f07a2a1e246cd8ae75c231475a814ceed8fd61b63b648462d4cb9917
徐州新闻综合,http://159.75.85.63:36666/migu/639731747.m3u8?migutoken=90e76c7f5071b98c62583057eea444e1ee733e5a8b97f9ffbc2634603c2bdf0c306468e52ef830034b7d9d90241e1e6a70030376d3c2e0f1dc450f294abbfbec2841f19503bef948cf6be9dec2
临洮电视,http://159.75.85.63:36666/migu/668225749.m3u8?migutoken=31c6144d68aea4e449475278e7f2af581a8b6fdd74a4db278215c49b8e0ff674a7442d05e43910b9f9d069e2ce4542e281b3daea3ed9abb6628188f1c2b7445d58ced48a49a3598775da42cf63
大片,http://159.75.85.63:36666/migu/629943678.m3u8?migutoken=ef319d94f5d34d74ee46f7fb28107a6a86cc89a1f4986c913284241b4a4831bd4fa486f5bc7b91938d63150b038cd720d99d56f26a9794e590feeeb29fc46407ff9a5bf35b740dc0e6e938def
经典香港电影,http://159.75.85.63:36666/migu/625703337.m3u8?migutoken=62d3eb9956c492c2f120988df5f4a08d49efd939626d55fa5c1742b10fc1592fd1d25933e42a7abcd6fa5fb8db24bff14d74368e8f8e96c24d5663648a3fa72964f505fe76b77c62b1923a0c44
军事迷必看大片,http://159.75.85.63:36666/migu/617432318.m3u8?migutoken=993509e842ea8df4e78169fd11b3768d93d3b14cd66b0814eead9c10f75e18992ae0318553efc303a95a9bb9c905eda02e514467c2aa4d76fad622522ea483a690789011ee6f08261e411bfb6e
新片放映厅,http://159.75.85.63:36666/migu/619495952.m3u8?migutoken=272985870ed51a17dd42785b5ec8ac3a7de999b22533d1f61c414cfb9fbcf024f94661d1e0d07943e546e694b2d048ac2cfe1c07ce4138685876e7d957068fe3a5f42e0cbd49160a08dcbed7b6
南方影视,http://159.75.85.63:36666/migu/614961829.m3u8?migutoken=d12e31663cac0bca0d813e7e467cd308d6fc42ec1103bebd3a947bc658c070b437a7319d60748d991dc87c7a825d145552b8b8f0288d62d0d4fb57deb3c7560a4ef9f67e255c822a6d1bdf1781
红色轮播,http://159.75.85.63:36666/migu/713600957.m3u8?migutoken=9264288ab63d8533938d62f1f738c1c338be29fa02c50add403fac3e391c094af6d179e8ed00ae43e4c5a936875d2ad8edb4cbb6d057e586c98320dfa22a18b6326975c22e11cc91ad48d177e2
金色剧场,http://159.75.85.63:36666/migu/713591450.m3u8?migutoken=f8d604102da3e4a80845905452a3d21c6c891efe49940483b03f6ddf660aebf49f29959eef3e172497146ceca3eb5fc8b71f999bb6cbbd82bb1879862017b2a1c828bba8a71f19a3906d376e77
nba经典,http://159.75.85.63:36666/migu/788815380.m3u8?migutoken=6fbaa86d0b81f9189c0708fbcdfec826026d2893bb8ec4f1786706dfac1ceb9857c1fc41dc132c61afb59020a64d2b7683749b6b43a198dd30ad5b0f9c0f91c36899bf66ddd11d657f85f7ea31
五大联赛经典,http://159.75.85.63:36666/migu/780288994.m3u8?migutoken=7410c9b816ec8411cc533c7fa133be5d89c3f4cbce50a306156adcb3628fa61a5f110a096ee6f344f073be192685936ba8fd6184e3a6c09fee5716d1612108985f9c8d1d21bef90473cbcf1036
中国足球风云,http://159.75.85.63:36666/migu/788816794.m3u8?migutoken=e291ffe1f4bc1c3fa46a44963b2640d73d09556d48b9870f2aa5fcc1c1856cd3bed8205a9a90b841b13d077cbc079add9a9d1220358ffa37b5d1792d50fe3b0155096471409a2dfa29ef6190d2
赛事最经典,http://159.75.85.63:36666/migu/646596895.m3u8?migutoken=c69afa5cc83594814f36427a423b3e120524dc2e8a07ba110e5e3be812378ef0aa3438ca664003911c675bb129a34050b1920ac34f24d009696f974216566e136d6e1f2b340937a758bf82f076
体坛名栏汇,http://159.75.85.63:36666/migu/629943305.m3u8?migutoken=5bd08c5e8d8576c45c3f9dbf33dff88023ef7f3bc84ff19aefe3704812595ea2ffda2f8f30f02e19c1d01315e22abf73cb636053815a0010cf7a58d5d9d6b36ea18f2c09435d952ab46ad63b05
四海钓鱼,http://159.75.85.63:36666/migu/895358641.m3u8?migutoken=9818e52e79a4203004be09728900d587b86fd4f6ef5573cba0140a9bac282e3f2b0fddee114ec73bd07c4bc30903d41ec3f4351a99dadc84c88b44cce790cdb6fa091c7229cb2a7bcc3185fba8
汇盛典轮播,http://159.75.85.63:36666/migu/939773601.m3u8?migutoken=f66dd9d4479d6fb1212ef2f9fd3929a0e1d89f2948af7357d4066bee957cfecc30e8d1405cbded90cf44b6308b2efb45bf96bf97948dd6a5c58d37049aee6f0fc388d8a4183fc79e6706c515a1
华语乐坛最强音,http://159.75.85.63:36666/migu/707671890.m3u8?migutoken=6a6a8942c972a056e3566a259facb744e7b0540c5ec20a91be48918cef824264add0b46272b71d884471da87eacf311edc9bafe0369f898518cacd6700798f18dbcb5e34ff779b2aa7bd4d1453
周杰伦现场,http://159.75.85.63:36666/migu/625133682.m3u8?migutoken=382012c81094733a203967a7c2e3488ae430f61ba0d36ff5f9901321600e46dfb81066be5c3b458736e4b29b1a039bdaa099eae4198116f815132a73c45dbcda6e867c686c595a053f7954a447
最强综艺趴,http://159.75.85.63:36666/migu/629942228.m3u8?migutoken=e52381030930f4c7ac0a7c0e007a159011f0e42e62569ba1650eb166e2567c13ba5a0279272c801e5f30928e8a6c6d746bd4d0cf7c5b322f00dace6ae614754647c77775eec3240f6a95b00955
经典动画大集合,http://159.75.85.63:36666/migu/629942219.m3u8?migutoken=b6e1db755e79199aa5fa1371e2cefeb2266f7332aa3aab52d9ed8dd9ffbf046d2afe3f408a5a76d7e6c7bf7fdab011a674f7a31f2ba348b85fe20d678ec7b75eafa2091206d89cec0a4357462a
宣讲报告会,http://159.75.85.63:36666/migu/713589837.m3u8?migutoken=40adcb54e9ed0b16e615d11385ada78dbdbd9614d48b527766fb45545c7be518e875ccfe5fedecd199ac84066e31bf1de344caaba9cb76af137e23d85e083edf405481191441aa571680a97941
龙胜龙脊梯田,http://159.75.85.63:36666/migu/671441336.m3u8?migutoken=52171b497b82f9d9eec66afc96177f1e12235b53dc2000c1a30c4ba281bb72ddf4ce59b0e22e9351061d924f82ab85e2dfdabe46ee9c03c0956735b4f7d3cc2309507809171fa8c7183fe07571
邕城,http://159.75.85.63:36666/migu/671442018.m3u8?migutoken=2256450927f8c780d751585180a1fad26840b8587acfd072f100319b35005e02917fb1f335634ba897d59e946fadcd3ea535d84b18a282c73cf7eba503bc6738f10a46b8c30002a23927f9db3a
遇龙河,http://159.75.85.63:36666/migu/671653242.m3u8?migutoken=538d4448ca2306cf6ff975344f895af1d0e4455a52140aaf5bafd4cdadffbf979c1fa90d874de68da64be34ebcb8df033c466e6e8baa720eeb7f76a463497f533cdc19a84589a12f6757c589e7
钱塘江,http://159.75.85.63:36666/migu/647370520.m3u8?migutoken=5c095f4a1b99679acd687ab21c1675721fb305ae70a0a285f0e3a24cfa72c0f1e818d6f2dd4dd365deca60d20a0eb61a2aa1693a18f4c4ede3f5a75e799620b49a043897163388c88a3b7c38af
熊猫1,http://159.75.85.63:36666/migu/608933610.m3u8?migutoken=ed5b2543137c6843134850abf39bea8e6bd734e959ac7da959ae19d86ccc3a2f0d255718bba4e1fcb20088d581e4ce6b2736779ec412379ee68bd7d1812476e43f1451b894c982578aecf03760
熊猫2,http://159.75.85.63:36666/migu/608933640.m3u8?migutoken=4469955677cffe640bb6201c8dc5c11076db791723845023e28e36b633acc0697c0d337151bac327e2318a8d599ec7d8eb9b5243c7237cbc4dc3a9ec5472fb07c93c1c8cfc0c850ac00b7f57da
熊猫3,http://159.75.85.63:36666/migu/608934619.m3u8?migutoken=55303dceebc8e84c1082b32c7ace86d1a0210933ef9ebfbc078369159794e15e69cb073b5ff49fdb9f45fa7bcf10184bfbc08deb8f2805c39ac1ffcc03031f51339515546e5cf5f19fb40dd313
熊猫4,http://159.75.85.63:36666/migu/608934721.m3u8?migutoken=90f89a9918b1b5e14f92a4f2e067f2a98bafb0a43eb9caaf92a7bbde6e97785392e628745612a12a30f9f0b5f34ae95ea1a210f0d2fb5b2e9890857b85a621bc084d491d72eb0986779eec9dae
熊猫5,http://159.75.85.63:36666/migu/608935104.m3u8?migutoken=0a57cd38cfcb6a176c69d229251ab7661a620b23877af33022d6b4096be1e212dc06f97594addfd5f7fa2c1ee83196895ac90fa1d4f0d61cff4f4e438389ff1c504386d260bec33fd5623db372
熊猫6,http://159.75.85.63:36666/migu/608935797.m3u8?migutoken=498eff534791bb8c2696e07dc72617061f2d1dfa1710a1731e13ecd510868278e51b2867c22a121688cafb32caf1759ec121d2ada63e1f92ab5e0b6e76cd10e78b3a03fdb31d4ca546659c56f1
熊猫7,http://159.75.85.63:36666/migu/609169286.m3u8?migutoken=31449898bbf432a78838af5b4c82df2e11a8390f559e93065402c19ecee4bfc94c056d6369cfa7c4daa8035dce6834d1ba83aad3aedd6a8c3840b781a33813a722a0f9ffadb7f50ec9051845bb
熊猫8,http://159.75.85.63:36666/migu/609169287.m3u8?migutoken=cacc807bf892a8e2f726654d05c51c288fb71c3b8cb784019236518a870e79373f53eac26aaabc29dddde063776ff983985385e1dbffd488d582ae44a034e4e6268146e62366b9169ed7dc50f2
熊猫9,http://159.75.85.63:36666/migu/609169226.m3u8?migutoken=90aa4bb805227606c5c69807972c7570831689f19d0c3866a8c5a5332e999589b5d9c81578a7c29d959b909607847d57f78ca56b2a1a20154e060d45a1a98ef8061632d8cb50b937272689fdd8
熊猫10,http://159.75.85.63:36666/migu/609169285.m3u8?migutoken=75f66be7e6ab78121fe0fe484d97214b9c54a9b5fe7d5fa0332bf8c56fb10adfd603356600fc72de1b6ea0d48d1cef0e13f1ce22e775449b944ca73eaac9b0a88272e7ee25fb646dd5d872de43
都市,http://[2409:8087:1a0a:df::404b]:80/ottrrs.hl.chinamobile.com/PLTV/88888888/224/3221226301/index.m3u8
影视,http://[2409:8087:1a0a:df::404b]:80/ottrrs.hl.chinamobile.com/PLTV/88888888/224/3221226298/index.m3u8
少儿,http://[2409:8087:1a0a:df::404b]:80/ottrrs.hl.chinamobile.com/PLTV/88888888/224/3221226304/index.m3u8
法制,http://[2409:8087:1a0a:df::4031]:80/ottrrs.hl.chinamobile.com/PLTV/88888888/224/3221226330/index.m3u8
体育,http://[2409:8087:1a0a:df::4031]:80/ottrrs.hl.chinamobile.com/PLTV/88888888/224/3221226398/index.m3u8
江苏综艺,http://gxctcc-livod.ks-cdn.gitv.tv/gitv_live/G_JSZY/G_JSZY.m3u8
江苏新闻,http://gxctcc-livod.ks-cdn.gitv.tv/gitv_live/G_JSGG/G_JSGG.m3u8
峨眉电影,http://61.157.139.15:9901/tsfile/live/2396_1.m3u8?key=txiptv&playlive=1&authid=0
SCTV2,http://61.157.139.15:9901/tsfile/live/2416_1.m3u8?key=txiptv&playlive=1&authid=0
SCTV3,http://61.157.139.15:9901/tsfile/live/2417_1.m3u8?key=txiptv&playlive=1&authid=0
SCTV4,http://61.157.139.15:9901/tsfile/live/2411_1.m3u8?key=txiptv&playlive=1&authid=0
SCTV5,http://61.157.139.15:9901/tsfile/live/2412_1.m3u8?key=txiptv&playlive=1&authid=0
SCTV6,http://61.157.139.15:9901/tsfile/live/2413_1.m3u8?key=txiptv&playlive=1&authid=0
SCTV7,http://61.157.139.15:9901/tsfile/live/2414_1.m3u8?key=txiptv&playlive=1&authid=0
内蒙古新闻综合,http://221.199.193.47:9901/tsfile/live/1006_1.m3u8?key=txiptv&playlive=1&authid=0
重庆新闻超,http://116.168.147.209:9901/tsfile/live/1000_1.m3u8?key=txiptv&playlive=1&authid=0
重庆影视超,http://116.168.147.209:9901/tsfile/live/1001_1.m3u8?key=txiptv&playlive=1&authid=0
重庆少儿超,http://116.168.147.209:9901/tsfile/live/1004_1.m3u8?key=txiptv&playlive=1&authid=0
重庆都市-,http://116.168.147.209:9901rtsp://123.147.113.180:554/04000001/01000000004000000000000000000255?
重庆影视-,http://116.168.147.209:9901rtsp://123.147.113.180:554/04000001/01000000004000000000000000000257?
◆◆◆　https://raw.githubusercontent.com/suxuang/myIPTV/refs/heads/main/ipv6.m3u
CETV-1 综合教育,http://[2409:8087:1:20:20::2a]/otttv.bj.chinamobile.com/PLTV/88888888/224/3221226494/1.m3u8?GuardEncType=2&accountinfo=%7E%7EV2.0%7EB8MrpAzJ_Bw12HHVBcZO6g%7E_eNUbgU9sJGUcVVduOMKhafLvQUgE_zlz_7pvDimJNONWWecbSKZXNjh_5hExtTC%2CEND
CETV-2 空中课堂,http://[2409:8087:1:20:20::2c]/otttv.bj.chinamobile.com/PLTV/88888888/224/3221226537/1.m3u8?GuardEncType=2&accountinfo=%7E%7EV2.0%7E7AxXs4eTU2oiWrhopr9sHw%7E_eNUbgU9sJGUcVVduOMKhafLvQUgE_zlz_7pvDimJNNxsM0Bor098BJglrhfEQTl%2CEND
CETV-3 教育服务,http://[2409:8087:7004:20:1000::22]:6610/yinhe/2/ch00000090990000001309/index.m3u8?virtualDomain=yinhe.live_hls.zte.com
CETV-4 职业教育,http://[2409:8087:1:20:20::26]/otttv.bj.chinamobile.com/PLTV/88888888/224/3221226557/1.m3u8?GuardEncType=2&accountinfo=%7E%7EV2.0%7EBzZToIaOOoaa_jAUfhUQHQ%7E_eNUbgU9sJGUcVVduOMKhafLvQUgE_zlz_7pvDimJNOD9BEmVSNbqSQpqXZxnxbk%2CEND
超级电视剧,http://39.135.133.156/ottrrs.hl.chinamobile.com/PLTV/88888888/224/3221225716/index.m3u8
东北热剧,http://39.134.65.74/ottrrs.hl.chinamobile.com/PLTV/88888888/224/3221225741/index.m3u8
欢乐剧场,http://39.135.135.28/ottrrs.hl.chinamobile.com/PLTV/88888888/224/3221225742/index.m3u8
潮妈辣妹,http://39.134.65.70/ottrrs.hl.chinamobile.com/PLTV/88888888/224/3221225685/index.m3u8
珠江卫视,http://home.wwang.pw:35455/itv/2000000003000000033.m3u8?cdn=hnbblive
重温经典,http://148.135.93.213:81/live.php?id=重温经典
纪实科教8K,http://111.31.106.140/downflv.brtvcloud.com/8klive/8kliveok.m3u8
重温经典,http://ali.hlspull.yximgs.com/live/awei_cwjd.flv
1905电影网,http://php.jdshipin.com:8880/1905.php?id=1905dy
精彩影视,http://home.wwang.pw:35455/itv/6000000006000320630.m3u8?cdn=wasusyt
纪实科教,http://home.wwang.pw:35455/itv/1000000001000001910.m3u8?cdn=ystenlive
茶友,http://home.wwang.pw:35455/itv/5000000011000031209.m3u8?cdn=bestzb
足球,http://nmglive.imfc.cn/5n1r1c/182396.m3u8
凤凰电影,http://home.js001.com:7777/stream/channelid/884059847?profile=pass
澳视澳门,https://stream1.freetv.fun/ao-shi-ao-men-4.m3u8
TVB娱乐新闻,http://ali.hlspull.yximgs.com/live/6425965d63a08c85ca806bfcc8c75cf4.flv
TVB翡翠,http://php.jdshipin.com:8880/smt.php?id=jade_twn
TVB翡翠台 4K,http://php.jdshipin.com:8880/TVOD/iptv.php?id=fct4
TVB翡翠台（备用）,http://php.jdshipin.com:8880/TVOD/iptv.php?id=fct
TVB J1,https://stream1.freetv.fun/fei-cui-tai-bei-mei-ban-1.ctv
TVB Plus,https://stream1.freetv.fun/tvb-j2-2.ctv
环球电视,http://zb.xzxwhcb.com:9999/hls/world.m3u8
耀才财经,http://202.69.67.66:443/webcast/bshdlive-pc/playlist.m3u8
寰宇新闻,http://222.128.55.152:9080/live/hy.m3u8
数位电影,http://litv.zapi.us.kg/?id=4gtv-4gtv011
28 AI 智慧赛马,http://aktv-stream.m16tv.cfd/stream/aktv/28ai/AKTV.m3u8
Channel 5,http://aktv-stream.m16tv.cfd/stream/aktv/channel5hd/AKTV.m3u8
Channel 8,http://aktv-stream.m16tv.cfd/stream/aktv/channel8hd/AKTV.m3u8
Channel U,http://aktv-stream.m16tv.cfd/stream/aktv/channeluhd/AKTV.m3u8
myTV SUPER 18,http://aktv-stream.m16tv.cfd/stream/aktv/mytvsuper18/AKTV.m3u8
PopC,http://aktv-stream.m16tv.cfd/stream/aktv/popc/AKTV.m3u8
ROCK Action,http://aktv-stream.m16tv.cfd/stream/aktv/rockaction/AKTV.m3u8
TVB Plus,http://aktv-stream.m16tv.cfd/stream/aktv/tvbplus/AKTV.m3u8
tvN,http://aktv-stream.m16tv.cfd/stream/aktv/tvn/AKTV.m3u8
娱乐新闻,http://aktv-stream.m16tv.cfd/stream/aktv/hk/AKTV.m3u8
明珠剧集,http://aktv-stream.m16tv.cfd/stream/aktv/null-19/AKTV.m3u8
翡翠剧集,http://aktv-stream.m16tv.cfd/stream/aktv/null-18/AKTV.m3u8
翡翠综合,http://aktv-stream.m16tv.cfd/stream/aktv/null-17/AKTV.m3u8
黄金翡翠,http://aktv-stream.m16tv.cfd/stream/aktv/null-21/AKTV.m3u8
AXN,http://aktv-stream.m16tv.cfd/stream/aktv2/axn/AKTV.m3u8
Love Nature,http://aktv-stream.m16tv.cfd/stream/aktv2/lovenaturehd/AKTV.m3u8
National Geographic,http://aktv-stream.m16tv.cfd/stream/aktv2/nationalgeographic/AKTV.m3u8
Animax,http://aktv-stream.m16tv.cfd/stream/aktv3/animaxhk/AKTV.m3u8
DW,http://aktv-stream.m16tv.cfd/stream/aktv3/dw/AKTV.m3u8
France 24,http://aktv-stream.m16tv.cfd/stream/aktv3/france24/AKTV.m3u8
KIX,http://aktv-stream.m16tv.cfd/stream/aktv3/kix/AKTV.m3u8
NHK World-Japan,http://aktv-stream.m16tv.cfd/stream/aktv3/nhkworldjapan/AKTV.m3u8
NHK东京総合,http://aktv-stream.m16tv.cfd/stream/aktv3/nhk/AKTV.m3u8
Nick Jr,http://aktv-stream.m16tv.cfd/stream/aktv3/nickjr/AKTV.m3u8
Nickelodeon,http://aktv-stream.m16tv.cfd/stream/aktv3/nickelodeon/AKTV.m3u8
Xite Hits,http://aktv-stream.m16tv.cfd/stream/aktv3/xitehits/AKTV.m3u8
Xite Rock,http://aktv-stream.m16tv.cfd/stream/aktv3/xiterock/AKTV.m3u8
ZooMoo,http://aktv-stream.m16tv.cfd/stream/aktv3/zoomoo/AKTV.m3u8
东方卫视国际频道,http://aktv-stream.m16tv.cfd/stream/aktv3/null/AKTV.m3u8
无线卫星新闻,http://aktv-stream.m16tv.cfd/stream/aktv3/null-2/AKTV.m3u8
Celestial Movies,http://aktv-stream.m16tv.cfd/stream/astro_a1/celestialmovies/AKTV.m3u8
CINEMAWORLD,http://aktv-stream.m16tv.cfd/stream/astro_a1/ch31/AKTV.m3u8
FIGHT SPORTS,http://aktv-stream.m16tv.cfd/stream/astro_a1/ch85/AKTV.m3u8
Mediacorp Entertainment Chinese,http://aktv-stream.m16tv.cfd/stream/astro_a1/mediacorpentertainmentchinese/AKTV.m3u8
NBA TV,http://aktv-stream.m16tv.cfd/stream/astro_a1/ch84/AKTV.m3u8
Sukan,http://aktv-stream.m16tv.cfd/stream/astro_a1/ch89/AKTV.m3u8
TV9,http://aktv-stream.m16tv.cfd/stream/astro_a1/ch18/AKTV.m3u8
TVB Jade,http://aktv-stream.m16tv.cfd/stream/astro_a1/tvbjade/AKTV.m3u8
TVB Xing He,http://aktv-stream.m16tv.cfd/stream/astro_a1/tvbxinghe/AKTV.m3u8
Unifi Sport,http://aktv-stream.m16tv.cfd/stream/astro_a1/ch88/AKTV.m3u8
曼联电视频道,http://aktv-stream.m16tv.cfd/stream/astro_a1/ch87/AKTV.m3u8
朝鲜恩情,http://aktv-stream.m16tv.cfd/stream/nknews/null/AKTV.m3u8
ELTV生活英语,http://aktv-stream.m16tv.cfd/stream/taiwan/eltv/AKTV.m3u8
中视,http://aktv-stream.m16tv.cfd/stream/taiwan/null-4/AKTV.m3u8
倪珍英语新闻,http://aktv-stream.m16tv.cfd/stream/taiwan/null-1/AKTV.m3u8
台视,http://aktv-stream.m16tv.cfd/stream/taiwan/null-3/AKTV.m3u8
华视,http://aktv-stream.m16tv.cfd/stream/taiwan/null-5/AKTV.m3u8
龙华偶像,http://aktv-stream.m16tv.cfd/stream/taiwan/null-9/AKTV.m3u8
龙华日韩,http://aktv-stream.m16tv.cfd/stream/taiwan/null-7/AKTV.m3u8
龙华经典,http://aktv-stream.m16tv.cfd/stream/taiwan/null/AKTV.m3u8
Astro Football,http://aktv-stream.m16tv.cfd/stream/tuntun/astrofootball/AKTV.m3u8
Astro IQIYI,http://aktv-stream.m16tv.cfd/stream/tuntun/fashiontv4k/AKTV.m3u8
Astro QJ,http://aktv-stream.m16tv.cfd/stream/tuntun/astroqj/AKTV.m3u8
Astro 欢喜,http://aktv-stream.m16tv.cfd/stream/tuntun/astro/AKTV.m3u8
NTV NEWS 24,http://aktv-stream.m16tv.cfd/stream/useradd1/ntvnews24/AKTV.m3u8
喜羊羊与灰太狼,http://1.94.31.214:35455/huya/23865080
精灵宝可梦,http://1.94.31.214:35455/huya/23749096
NewTV 超级电视剧,http://home.wwang.pw:35455/itv/1000000004000024993.m3u8?cdn=ystenlive
NewTV 东北热剧,http://[2409:8087:5e00:24::2d]:6610/000000001000/1/1000000005000266013/index.m3u8?channel-id=ystenlive&Contentid=1000000005000266013&livemode=1&stbId=YanG-1989
NewTV 欢乐剧场,http://[2409:8087:5e00:24::2d]:6610/000000001000/1/1000000005000266012/index.m3u8?channel-id=ystenlive&Contentid=1000000005000266012&livemode=1&stbId=YanG-1989
星光影院,http://[2409:8087:5e00:24::2d]:6610/000000001000/1/5000000011000288013/index.m3u8?channel-id=bestzb&Contentid=5000000011000288013&livemode=1&stbId=YanG-1989
谍战剧场,http://[2409:8087:5e00:24::2d]:6610/000000001000/1/5000000011000288004/index.m3u8?channel-id=bestzb&Contentid=5000000011000288004&livemode=1&stbId=YanG-1989
华语影院,http://[2409:8087:5e00:24::2d]:6610/000000001000/1/5000000011000288005/index.m3u8?channel-id=bestzb&Contentid=5000000011000288005&livemode=1&stbId=YanG-1989
全球大片,http://[2409:8087:5e00:24::2d]:6610/000000001000/1/5000000011000288009/index.m3u8?channel-id=bestzb&Contentid=5000000011000288009&livemode=1&stbId=YanG-1989
热门剧场,http://[2409:8087:5e00:24::2d]:6610/000000001000/1/5000000011000288010/index.m3u8?channel-id=bestzb&Contentid=5000000011000288010&livemode=1&stbId=YanG-1989
精品综合,http://[2409:8087:5e00:24::2d]:6610/000000001000/1/5595720619887440144/index.m3u8?channel-id=ystenlive&Contentid=5595720619887440144&livemode=1&stbId=YanG-1989
热播精选,http://[2409:8087:5e00:24::2d]:6610/000000001000/1/7681593242002292003/index.m3u8?channel-id=ystenlive&Contentid=7681593242002292003&livemode=1&stbId=YanG-1989
看天下精选,http://[2409:8087:5e00:24::2d]:6610/000000001000/1/5000000011000288007/index.m3u8?channel-id=bestzb&Contentid=5000000011000288007&livemode=1&stbId=YanG-1989
亚洲影院,http://[2409:8087:5e00:24::2d]:6610/000000001000/1/5841816227539527643/index.m3u8?channel-id=wasusyt&Contentid=5841816227539527643&livemode=1&stbId=YanG-1989
欧美影院,http://[2409:8087:5e00:24::2d]:6610/000000001000/1/7185203501769528108/index.m3u8?channel-id=wasusyt&Contentid=7185203501769528108&livemode=1&stbId=YanG-1989
探索纪录,http://[2409:8087:5e00:24::2d]:6610/000000001000/1/5359008697329269813/index.m3u8?channel-id=wasusyt&Contentid=5359008697329269813&livemode=1&stbId=YanG-1989
少儿动漫,http://[2409:8087:5e00:24::2d]:6610/000000001000/1/8145334647720731271/index.m3u8?channel-id=wasusyt&Contentid=8145334647720731271&livemode=1&stbId=YanG-1989
百变课堂,http://[2409:8087:5e00:24::2d]:6610/000000001000/1/5000000011000288001/index.m3u8?channel-id=bestzb&Contentid=5000000011000288001&livemode=1&stbId=YanG-1989
电子竞技,http://[2409:8087:5e00:24::2d]:6610/000000001000/1/6000000003000011654/index.m3u8?channel-id=wasusyt&Contentid=6000000003000011654&livemode=1&stbId=YanG-1989
风尚音乐,http://[2409:8087:5e00:24::2d]:6610/000000001000/1/5529729098703832176/index.m3u8?channel-id=wasusyt&Contentid=5529729098703832176&livemode=1&stbId=YanG-1989
娱乐,http://[2409:8087:5e00:24::2d]:6610/000000001000/1/6000000003000001569/index.m3u8?channel-id=wasusyt&Contentid=6000000003000001569&livemode=1&stbId=YanG-1989
漫游世界,http://[2409:8087:5e00:24::2d]:6610/000000001000/1/6000000003000028434/index.m3u8?channel-id=wasusyt&Contentid=6000000003000028434&livemode=1&stbId=YanG-1989
健康养生,http://home.wwang.pw:35455/itv/5000000011000288006.m3u8?cdn=bestzb
英雄联盟音乐节,http://[2409:8087:5e00:24::2d]:6610/000000001000/1/8978605063318475207/index.m3u8?channel-id=ystenlive&Contentid=8978605063318475207&livemode=1&stbId=YanG-1989
直播1,http://home.wwang.pw:35455/itv/1000000006000270004.m3u8?cdn=ystenlive
直播2,http://[2409:8087:5e00:24::2d]:6610/000000001000/1/3000000001000005969/index.m3u8?channel-id=FifastbLive&Contentid=3000000001000005969&livemode=1&stbId=YanG-1989
直播3,http://[2409:8087:5e00:24::2d]:6610/000000001000/1/3000000001000007218/index.m3u8?channel-id=FifastbLive&Contentid=3000000001000007218&livemode=1&stbId=YanG-1989
直播4,http://[2409:8087:5e00:24::2d]:6610/000000001000/1/3000000001000008001/index.m3u8?channel-id=FifastbLive&Contentid=3000000001000008001&livemode=1&stbId=YanG-1989
直播5,http://[2409:8087:5e00:24::2d]:6610/000000001000/1/3000000001000008176/index.m3u8?channel-id=FifastbLive&Contentid=3000000001000008176&livemode=1&stbId=YanG-1989
直播6,http://[2409:8087:5e00:24::2d]:6610/000000001000/1/3000000001000008379/index.m3u8?channel-id=FifastbLive&Contentid=3000000001000008379&livemode=1&stbId=YanG-1989
直播7,http://[2409:8087:5e00:24::2d]:6610/000000001000/1/3000000001000010129/index.m3u8?channel-id=FifastbLive&Contentid=3000000001000010129&livemode=1&stbId=YanG-1989
直播8,http://[2409:8087:5e00:24::2d]:6610/000000001000/1/3000000001000010948/index.m3u8?channel-id=FifastbLive&Contentid=3000000001000010948&livemode=1&stbId=YanG-1989
直播9,http://[2409:8087:5e00:24::2d]:6610/000000001000/1/3000000001000028638/index.m3u8?channel-id=FifastbLive&Contentid=3000000001000028638&livemode=1&stbId=YanG-1989
直播10,http://[2409:8087:5e00:24::2d]:6610/000000001000/1/3000000001000031494/index.m3u8?channel-id=FifastbLive&Contentid=3000000001000031494&livemode=1&stbId=YanG-1989
直播11,http://[2409:8087:5e00:24::2d]:6610/000000001000/1/3000000010000000097/index.m3u8?channel-id=FifastbLive&Contentid=3000000010000000097&livemode=1&stbId=YanG-1989
直播12,http://[2409:8087:5e00:24::2d]:6610/000000001000/1/3000000010000002019/index.m3u8?channel-id=FifastbLive&Contentid=3000000010000002019&livemode=1&stbId=YanG-1989
直播13,http://[2409:8087:5e00:24::2d]:6610/000000001000/1/3000000010000002809/index.m3u8?channel-id=FifastbLive&Contentid=3000000010000002809&livemode=1&stbId=YanG-1989
直播14,http://[2409:8087:5e00:24::2d]:6610/000000001000/1/3000000010000003915/index.m3u8?channel-id=FifastbLive&Contentid=3000000010000003915&livemode=1&stbId=YanG-1989
直播15,http://[2409:8087:5e00:24::2d]:6610/000000001000/1/3000000010000004193/index.m3u8?channel-id=FifastbLive&Contentid=3000000010000004193&livemode=1&stbId=YanG-1989
直播16,http://[2409:8087:5e00:24::2d]:6610/000000001000/1/3000000010000005837/index.m3u8?channel-id=FifastbLive&Contentid=3000000010000005837&livemode=1&stbId=YanG-1989
直播17,http://[2409:8087:5e00:24::2d]:6610/000000001000/1/3000000010000006077/index.m3u8?channel-id=FifastbLive&Contentid=3000000010000006077&livemode=1&stbId=YanG-1989
直播18,http://[2409:8087:5e00:24::2d]:6610/000000001000/1/3000000010000006658/index.m3u8?channel-id=FifastbLive&Contentid=3000000010000006658&livemode=1&stbId=YanG-1989
直播19,http://[2409:8087:5e00:24::2d]:6610/000000001000/1/3000000010000009788/index.m3u8?channel-id=FifastbLive&Contentid=3000000010000009788&livemode=1&stbId=YanG-1989
直播20,http://[2409:8087:5e00:24::2d]:6610/000000001000/1/3000000010000010833/index.m3u8?channel-id=FifastbLive&Contentid=3000000010000010833&livemode=1&stbId=YanG-1989
直播21,http://[2409:8087:5e00:24::2d]:6610/000000001000/1/3000000010000011297/index.m3u8?channel-id=FifastbLive&Contentid=3000000010000011297&livemode=1&stbId=YanG-1989
直播22,http://[2409:8087:5e00:24::2d]:6610/000000001000/1/3000000010000011518/index.m3u8?channel-id=FifastbLive&Contentid=3000000010000011518&livemode=1&stbId=YanG-1989
直播23,http://[2409:8087:5e00:24::2d]:6610/000000001000/1/3000000010000012558/index.m3u8?channel-id=FifastbLive&Contentid=3000000010000012558&livemode=1&stbId=YanG-1989
直播24,http://[2409:8087:5e00:24::2d]:6610/000000001000/1/3000000010000012616/index.m3u8?channel-id=FifastbLive&Contentid=3000000010000012616&livemode=1&stbId=YanG-1989
直播25,http://[2409:8087:5e00:24::2d]:6610/000000001000/1/3000000010000015470/index.m3u8?channel-id=FifastbLive&Contentid=3000000010000015470&livemode=1&stbId=YanG-1989
直播26,http://[2409:8087:5e00:24::2d]:6610/000000001000/1/3000000010000015560/index.m3u8?channel-id=FifastbLive&Contentid=3000000010000015560&livemode=1&stbId=YanG-1989
直播27,http://[2409:8087:5e00:24::2d]:6610/000000001000/1/3000000010000017678/index.m3u8?channel-id=FifastbLive&Contentid=3000000010000017678&livemode=1&stbId=YanG-1989
直播28,http://[2409:8087:5e00:24::2d]:6610/000000001000/1/3000000010000019839/index.m3u8?channel-id=FifastbLive&Contentid=3000000010000019839&livemode=1&stbId=YanG-1989
直播29,http://[2409:8087:5e00:24::2d]:6610/000000001000/1/3000000010000021904/index.m3u8?channel-id=FifastbLive&Contentid=3000000010000021904&livemode=1&stbId=YanG-1989
直播30,http://[2409:8087:5e00:24::2d]:6610/000000001000/1/3000000010000023434/index.m3u8?channel-id=FifastbLive&Contentid=3000000010000023434&livemode=1&stbId=YanG-1989
直播31,http://[2409:8087:5e00:24::2d]:6610/000000001000/1/3000000010000025380/index.m3u8?channel-id=FifastbLive&Contentid=3000000010000025380&livemode=1&stbId=YanG-1989
直播32,http://[2409:8087:5e00:24::2d]:6610/000000001000/1/3000000010000027691/index.m3u8?channel-id=FifastbLive&Contentid=3000000010000027691&livemode=1&stbId=YanG-1989
直播33,http://[2409:8087:5e00:24::2d]:6610/000000001000/1/3000000010000031669/index.m3u8?channel-id=FifastbLive&Contentid=3000000010000031669&livemode=1&stbId=YanG-1989
直播34,http://[2409:8087:5e00:24::2d]:6610/000000001000/1/3000000020000011518/index.m3u8?channel-id=FifastbLive&Contentid=3000000020000011518&livemode=1&stbId=YanG-1989
直播35,http://[2409:8087:5e00:24::2d]:6610/000000001000/1/3000000020000011519/index.m3u8?channel-id=FifastbLive&Contentid=3000000020000011519&livemode=1&stbId=YanG-1989
直播36,http://[2409:8087:5e00:24::2d]:6610/000000001000/1/3000000020000011520/index.m3u8?channel-id=FifastbLive&Contentid=3000000020000011520&livemode=1&stbId=YanG-1989
直播37,http://[2409:8087:5e00:24::2d]:6610/000000001000/1/3000000020000011521/index.m3u8?channel-id=FifastbLive&Contentid=3000000020000011521&livemode=1&stbId=YanG-1989
直播38,http://[2409:8087:5e00:24::2d]:6610/000000001000/1/3000000020000011522/index.m3u8?channel-id=FifastbLive&Contentid=3000000020000011522&livemode=1&stbId=YanG-1989
欧美大片,http://1.94.31.214:35455/douyu/2793084
漫威影院,http://1.94.31.214:35455/douyu/1713615
邵氏影院,http://1.94.31.214:35455/douyu/4246519
神乐欧美影院,http://tc-tct.douyucdn2.cn/dyliveflv1a/20415rnWbjg6Ex1K_2000.flv?wsAuth=3b64dd17d293b133c58bda21e3147e5b&token=cpn-androidmpro-0-20415-b6774b3b3249db1768f0ac048c5ed218ac54e1f82b04b2bf&logo=0&expire=0&did=d010b07dcb997ada9934081c873542f0&origin=tct&vhost=play2
神乐华语影院,http://tc-tct.douyucdn2.cn/dyliveflv1a/85894rmovieChow_4000.xs?wsAuth=ba1c90644d5727f7eff2d821807aceb6&token=web-h5-90270207-85894-853ec75fcb0c6ecaca17aa65580152fde64a0f1c44c269f0&logo=0&expire=0&did=d1bae13724faf6e93becdd6000021601&origin=hw
贝爷欧美影院,http://tc-tct.douyucdn2.cn/dyliveflv1a/252802r9ADrCZlEH_2000.xs?wsAuth=e6f0dcddab9fc91054c85ab3f859e4db&token=web-h5-0-252802-536492a84fc6fe0c5dc51394f3baa3efb83053784dcd97d9&logo=0&expire=0&did=d1bae13724faf6e93becdd6000021601&origin=hw
贝爷科幻影厅,http://tc-tct.douyucdn2.cn/dyliveflv1a/36337rdhzupjKkHQ_2000.xs?wsAuth=1a3132767dd07456ea843c8875827ea8&token=web-h5-0-36337-bca1b696bbbbe89460e90cd8b054cafd25d4977899882d74&logo=0&expire=0&did=d1bae13724faf6e93becdd6000021601&origin=hw
贝爷MAX影厅,http://tc-tct.douyucdn2.cn/dyliveflv1a/4332rHhZGIMT9vqg_2000.xs?wsAuth=6578dcb2c21076e10d5c93efda71bc8c&token=web-h5-0-4332-a25e54b4f06502c1019336fab3242923a3d590a0b6e027e7&logo=0&expire=0&did=d1bae13724faf6e93becdd6000021601&origin=hw
蓝翔华语影院,http://tc-tct.douyucdn2.cn/dyliveflv1a/276200rR0hxzxiSE_2000.xs?wsAuth=c730a6bd353acb1cece18da714cad1ed&token=web-h5-90270207-276200-cc6734cdfb126f8dfd0af3f748a120f583360a45720d9797&logo=0&expire=0&did=d1bae13724faf6e93becdd6000021601&origin=hw
小鬼华语影院,http://tc-tct.douyucdn2.cn/dyliveflv1a/3928r9p0BHMDG_2000.xs?wsAuth=3c48b706fe90d736d90b5622adfc09d2&token=web-h5-0-3928-15d95fcfde11a749199abfc5ac7bdee6727c6402febadfb8&logo=0&expire=0&did=24482b48b98804f2b0a5b17400041701
周星驰电影,http://182.40.120.195/test-txdwk.flv.huya.com/src/1394575534-1394575534-5989656310331736064-2789274524-10057-A-0-1.m3u8
林正英电影,http://182.40.120.195/test-txdwk.flv.huya.com/src/1394575543-1394575543-5989656348986441728-2789274542-10057-A-0-1.m3u8
刘德华电影,http://1.94.31.214:35455/huya/11342424
古天乐电影,http://1.94.31.214:35455/huya/29982675
李连杰电影,http://1.94.31.214:35455/huya/11342390
甄子丹电影,http://1.94.31.214:35455/huya/11352935
黄渤电影,http://1.94.31.214:35455/huya/11352876
金庸武侠,http://1.94.31.214:35455/huya/11342435
功夫电影,http://1.94.31.214:35455/huya/11352941
贺岁电影,http://1.94.31.214:35455/huya/11601986
狄仁杰电影,http://1.94.31.214:35455/huya/30080229
变形金刚合集,http://1.94.31.214:35455/yy/1382736803
末日电影合集,http://1.94.31.214:35455/yy/1354889019
延禧攻略,http://182.40.120.195/test-txdwk.flv.huya.com/src/1099531840940-1099531840940-86814878328684544-2199063805336-10057-A-0-1.m3u8
少年包青天第一部,http://1.94.31.214:35455/yy/1356043677
少年包青天第三部,http://1.94.31.214:35455/yy/1382736814
神探狄仁杰第一部,http://182.40.120.195/test-txdwk.flv.huya.com/src/1423787855-1423787855-6115122273666990080-2847699166-10057-A-0-1.m3u8
神探狄仁杰第二部,http://1.94.31.214:35455/yy/1382851146
神探狄仁杰第三部,http://182.40.120.195/test-txdwk.flv.huya.com/src/1394575548-1394575548-5989656370461278208-2789274552-10057-A-0-1.m3u8
亮剑,http://182.40.120.191/test-txdwk.flv.huya.com/src/1239543153972-1239543153972-11135015062081634304-2479086431400-10057-A-0-1.m3u8
雪豹,http://1.94.31.214:35455/huya/29580970
特种兵之火凤凰,http://182.40.120.195/test-txdwk.flv.huya.com/src/1239543150714-1239543150714-11135001069078183936-2479086424884-10057-A-0-1.m3u8
铁齿铜牙纪晓岚,http://1.94.31.214:35455/huya/11342396
鬼吹灯之精绝古城,http://1.94.31.214:35455/huya/11352871
鬼吹灯之怒晴湘西,http://1.94.31.214:35455/huya/11602075
鬼吹灯之龙岭迷窟,http://1.94.31.214:35455/huya/29465863
鬼吹灯之云南虫谷,http://1.94.31.214:35455/huya/11352898
西游记续集,http://zzy789.xyz/douyu1.php?id=3113309
我是特种兵之利刃出鞘,http://1.94.31.214:35455/yy/37999586
乌龙闯情关,http://1.94.31.214:35455/huya/26355767
永夜星河,http://1.94.31.214:35455/huya/23734169
柳舟计,http://1.94.31.214:35455/huya/23860039
大秦赋,http://1.94.31.214:35455/huya/23903130
唐诡之西行,http://1.94.31.214:35455/huya/26355763
玫瑰的故事,http://1.94.31.214:35455/huya/23865142
梦中的那片海,http://1.94.31.214:35455/huya/26355765
楚汉骄雄,http://1.94.31.214:35455/huya/29465854
西游记1,http://1.94.31.214:35455/huya/23728660
西游记2,http://1.94.31.214:35455/huya/29465859
刑事侦缉档案,http://1.94.31.214:35455/huya/29465856
法政先锋,http://1.94.31.214:35455/huya/23863804
洗冤录,http://1.94.31.214:35455/huya/29465851
使徒行者,http://1.94.31.214:35455/huya/23734256
鉴证实录,http://1.94.31.214:35455/huya/23903183
金枝欲孽,http://1.94.31.214:35455/huya/23865036
扫黄先锋,http://1.94.31.214:35455/huya/29465855
创世纪,http://1.94.31.214:35455/huya/29465852
妙手仁心,http://1.94.31.214:35455/huya/29465853
野蛮亲家,http://1.94.31.214:35455/huya/23863796
笑看风云,http://1.94.31.214:35455/huya/29465858
北京文艺,http://[2409:8087:1:20:20::29]/otttv.bj.chinamobile.com/PLTV/88888888/224/3221226440/1.m3u8?GuardEncType=2&accountinfo=%7E%7EV2.0%7EWrJcgMpdGPvZavpf4dmmrQ%7E_eNUbgU9sJGUcVVduOMKhafLvQUgE_zlz_7pvDimJNNhmwDsUZnvQgU5E5wiGA2g%2CEND
北京影视,http://[2409:8087:1:20:20::2a]/otttv.bj.chinamobile.com/PLTV/88888888/224/3221226433/1.m3u8?GuardEncType=2&accountinfo=%7E%7EV2.0%7EygquRbh9L0wUPRY53fsZWw%7E_eNUbgU9sJGUcVVduOMKhafLvQUgE_zlz_7pvDimJNO62IynDcU1yYDL1b4Xte8T%2CEND
北京纪实科教,http://[2409:8087:1:20:20::29]/otttv.bj.chinamobile.com/PLTV/88888888/224/3221226434/1.m3u8?GuardEncType=2&accountinfo=%7E%7EV2.0%7Ejj3PtVjzl6ZzFdM-Vi1dmQ%7E_eNUbgU9sJGUcVVduOMKhafLvQUgE_zlz_7pvDimJNPJa61jREJv4ZfZigyrxX0U%2CEND
北京4K,http://[2409:8087:1:20:20::26]/otttv.bj.chinamobile.com/PLTV/88888888/224/3221226550/1.m3u8?GuardEncType=2&accountinfo=~~V2.0~e2qS8h6u-xp3gd50vNr1sw~_eNUbgU9sJGUcVVduOMKhafLvQUgE_zlz_7pvDimJNPPFD3HVWEytEVyliOxehfe%2CEND
潮州公共,http://vod-zjst-time.sobeylive.com/czbtv2019/czggpd.m3u8
安徽经济生活,http://112.30.194.221:20080/live/eac499adad7b49ff9cfa79ba84693959/hls.m3u8
1993年春晚,https://txmov2.a.kwimgs.com/bs3/video-hls/5217420261875933947_hlshd15.m3u8
1994年春晚,https://txmov2.a.kwimgs.com/bs3/video-hls/5197154061406974711_hlshd15.m3u8
1995年春晚,https://txmov2.a.kwimgs.com/bs3/video-hls/5255137907893179578_hlshd15.m3u8
1996年春晚,https://txmov2.a.kwimgs.com/bs3/video-hls/5202783562064785590_hlshd15.m3u8
2000年春晚,https://txmov2.a.kwimgs.com/bs3/video-hls/5216294359327079321_hlshd15.m3u8
2001年春晚,https://txmov2.a.kwimgs.com/bs3/video-hls/5228960735897942616_hlshd15.m3u8
2002年春晚,https://txmov2.a.kwimgs.com/bs3/video-hls/5255700858599864364_hlshd15.m3u8
2003年春晚,https://txmov2.a.kwimgs.com/bs3/video-hls/5232338436280256836_hlshd15.m3u8
2004年春晚,https://txmov2.a.kwimgs.com/bs3/video-hls/5223894184413450769_hlshd15.m3u8
2005年春晚,https://txmov2.a.kwimgs.com/bs3/video-hls/5254012008863954469_hlshd15.m3u8
2006年春晚,https://txmov2.a.kwimgs.com/bs3/video-hls/5194339310474320155_hlshd15.m3u8
2007年春晚,https://txmov2.a.kwimgs.com/bs3/video-hls/5194902262344826321_hlshd15.m3u8
2009年春晚,https://txmov2.a.kwimgs.com/bs3/video-hls/5214042558858339330_hlshd15.m3u8
2010年春晚,https://txmov2.a.kwimgs.com/bs3/video-hls/5210664862006975841_hlshd15.m3u8
2013年春晚,https://txmov2.a.kwimgs.com/bs3/video-hls/5241627109089548390_hlshd15.m3u8
2014年春晚,https://txmov2.a.kwimgs.com/bs3/video-hls/5245286283437869627_hlshd15.m3u8
2018年春晚,https://txmov2.a.kwimgs.com/bs3/video-hls/5212635188105848764_hlshd15.m3u8
2019年春晚,https://txmov2.a.kwimgs.com/bs3/video-hls/5239093835831655107_hlshd15.m3u8
2021年春晚,https://txmov2.a.kwimgs.com/bs3/video-hls/5255700831151909807_hlshd15.m3u8
CNN,https://jmp2.uk/sam-GBBD8000016N.m3u8
NHK World,https://nhkwlive-ojp.akamaized.net/hls/live/2003459/nhkwlive-ojp-en/index.m3u8
◆◆◆　https://raw.githubusercontent.com/Supprise0901/TVBox_live/main/live.txt
新闻,http://tvcdn.stream3.hndt.com/tv/65bb6966017e100059b75a8500000000_transios/playlist.m3u8?wsSecret=42613c4166fe8255e947b933811eb397&wsTime=1784354469
都市,http://tvcdn.stream3.hndt.com/tv/65c3fbc5017e1000fde13faa00000000_transios/playlist.m3u8?wsSecret=bfae2686e0fdb55e8c0d34265855bdee&wsTime=1784354469
民生,http://tvcdn.stream3.hndt.com/tv/65bef28a017e10009c49d5f900000000_transios/playlist.m3u8?wsSecret=be0271a24c675f0b03985c908d946487&wsTime=1784354469
法治,http://tvcdn.stream3.hndt.com/tv/65be54a9017e1000af59fb4800000000_transios/playlist.m3u8?wsSecret=91f9404932f2b140dfce1bc4983396e8&wsTime=1784354469
公共,http://tvcdn.stream3.hndt.com/tv/65b93894017e10000ae6b07d00000000_transios/playlist.m3u8?wsSecret=9162afbfa3ae556a50c10ce88d649575&wsTime=1784354469
河南乡村,http://tvcdn.stream3.hndt.com/tv/65b8302b017e100019dc540f00000000_transios/playlist.m3u8?wsSecret=4486587f0c48918eeedd3886b965b17b&wsTime=1784354469
电视剧,http://tvcdn.stream3.hndt.com/tv/65bd329b017e1000648cd2ed00000000_transios/playlist.m3u8?wsSecret=d35eca9f61894d6df558dc853e3397d1&wsTime=1784354469
武术,https://dxtx.hntv.tv/live/wssj.m3u8?txSecret=c38b4d31ba4c45c6babb5c47132123e3&txTime=7ABB976A&wsSecret=595edcf5d362075365f7e27349e23932&wsTime=1784354469
睛彩中原,https://dxtx.hntv.tv/live/jczy.m3u8?txSecret=e785008e49564e5e738439b4dd2ae68e&txTime=7C4C6207&wsSecret=612ce7aad407a7fa3d6a355f0696e155&wsTime=1784354469
象视界,http://tvcdn.stream3.hndt.com/tv/d34d1a2b0178100022de972e00000000_transios/playlist.m3u8?wsSecret=015eadb55b72a8bec72a396f680f3942&wsTime=1784354469
欢腾购物,http://tvcdn.stream3.hndt.com/tv/65ba653b017e1000d4ee41c700000000_transios/playlist.m3u8?wsSecret=73f88a1fb55d18afa195777c5cf57df2&wsTime=1784354469
农林卫视,http://110.154.192.66:7788/956904896
农林卫视,http://27.12.12.183:1234/956904896
CGTN外语纪录,http://hlszymgsplive.miguvideo.com:8080/envivo_v/2018/SD/cctv/doc/1000/index.m3u8?msisdn=2be6b2ec9fcf10d2c2457e2c710e172c&mdspid=&spid=699004&netType=0&sid=2200179356&pid=2028597139&timestamp=20260718080224&Channel_ID=0116_2600034600-99000-201600010010028&ProgramID=609006487&ParentNodeID=-99&assertID=2200179356&client_ip=171.8.79.254&SecurityKey=20260718080224&promotionId=&mvid=2200179356&mcid=500020&playurlVersion=WX-A1-9.6.1.6-SNAPSHOT&userid=&jmhm=&videocodec=h264&appCode=miguvideo_android&bean=mgspad&tid=android&conFee=0&encrypt=fe8946cb3174de599addda551c68bc05&sv=10004&ct=android
老故事,http://hlsztemgsplive.miguvideo.com:8080/migu/kailu/cctvlaogushi/50/20231109/index.m3u8?msisdn=2be6b2ec9fcf10d2c2457e2c710e172c&mdspid=&spid=699004&netType=0&sid=5910022002&pid=2028597139&timestamp=20260718080225&Channel_ID=0116_2600034600-99000-201600010010028&ProgramID=884121956&ParentNodeID=-99&assertID=5910022002&client_ip=171.8.79.254&SecurityKey=20260718080225&promotionId=&mvid=5900006372&mcid=500020&playurlVersion=WX-A1-9.6.1.6-SNAPSHOT&userid=&jmhm=&videocodec=h264&appCode=miguvideo_android&bean=mgspad&tid=android&conFee=0&encrypt=c37f889edcd2eaae129ac98695d5c28e&sv=10004&ct=android
赛事最经典,http://hlszymgsplive.miguvideo.com:8080/migu/kailu/saishijingdian/51/20250514/index.m3u8?msisdn=2be6b2ec9fcf10d2c2457e2c710e172c&mdspid=&spid=699004&netType=0&sid=5500592947&pid=2028597139&timestamp=20260718080226&Channel_ID=0116_2600034600-99000-201600010010028&ProgramID=646596895&ParentNodeID=-99&assertID=5500592947&client_ip=171.8.79.254&SecurityKey=20260718080226&promotionId=&mvid=5101034296&mcid=500020&playurlVersion=WX-A1-9.6.1.6-SNAPSHOT&userid=&jmhm=&videocodec=h264&appCode=miguvideo_android&bean=mgspad&tid=android&conFee=0&encrypt=3a74cae2a66a1b495dd2c2689b2554e4&sv=10004&ct=android
体坛名栏汇,http://hlszymgsplive.miguvideo.com:8080/migu/kailu/titanminglan/51/20250514/index.m3u8?msisdn=2be6b2ec9fcf10d2c2457e2c710e172c&mdspid=&spid=699004&netType=0&sid=5500315687&pid=2028597139&timestamp=20260718080226&Channel_ID=0116_2600034600-99000-201600010010028&ProgramID=629943305&ParentNodeID=-99&assertID=5500315687&client_ip=171.8.79.254&SecurityKey=20260718080226&promotionId=&mvid=5101034219&mcid=500020&playurlVersion=WX-A1-9.6.1.6-SNAPSHOT&userid=&jmhm=&videocodec=h264&appCode=miguvideo_android&bean=mgspad&tid=android&conFee=0&encrypt=c81f3d9f1651e70922dc2e1277fd9906&sv=10004&ct=android
四海钓鱼,http://mgsp-cty2.live.miguvideo.com:8088/wd_r4/peoplecn/shdiaoyu/1200/index.m3u8?msisdn=2be6b2ec9fcf10d2c2457e2c710e172c&mdspid=&spid=600697&netType=0&sid=5910022184&pid=2028597139&timestamp=20260718080226&Channel_ID=0116_2600034600-99000-201600010010028&ProgramID=637444975&ParentNodeID=-99&assertID=5910022184&client_ip=171.8.79.254&SecurityKey=20260718080226&promotionId=&mvid=5100132656&mcid=500020&playurlVersion=WX-A1-9.6.1.6-SNAPSHOT&userid=&jmhm=&videocodec=h264&appCode=miguvideo_android&bean=mgspad&tid=android&conFee=0&encrypt=7b3b78017941a693de7f2d3ecc9d448c&sv=10004&ct=android
中国农林卫视,http://hlszymgsplive.miguvideo.com:8080/migu/kailu/zgnlws/51/20250804/index.m3u8?msisdn=2be6b2ec9fcf10d2c2457e2c710e172c&mdspid=&spid=600572&netType=0&sid=5910022186&pid=2028597139&timestamp=20260718080228&Channel_ID=0116_2600034600-99000-201600010010028&ProgramID=956904896&ParentNodeID=-99&assertID=5910022186&client_ip=171.8.79.254&SecurityKey=20260718080228&promotionId=&mvid=5900006709&mcid=500020&playurlVersion=WX-A1-9.6.1.6-SNAPSHOT&userid=&jmhm=&videocodec=h264&appCode=miguvideo_android&bean=mgspad&tid=android&conFee=0&encrypt=9cd19b46b0ff98a707573bc32299a1a5&sv=10004&ct=android
上视东方影视,http://hlsztemgsplive.miguvideo.com:8080/wd_r4/dfl/dianshijuhd/1200/index.m3u8?msisdn=2be6b2ec9fcf10d2c2457e2c710e172c&mdspid=&spid=699212&netType=0&sid=5500002274&pid=2028597139&timestamp=20260718100226&Channel_ID=0116_2600034600-99000-201600010010028&ProgramID=617290047&ParentNodeID=-99&assertID=5500002274&client_ip=171.8.79.254&SecurityKey=20260718100226&promotionId=&mvid=5100001715&mcid=500020&playurlVersion=WX-A1-9.6.1.6-SNAPSHOT&userid=&jmhm=&videocodec=h264&appCode=miguvideo_android&bean=mgspad&tid=android&conFee=0&encrypt=0dfd092bc10227b1f33ef1c55a651a72&sv=10004&ct=android
体育休闲,http://mgsp-cty2.live.miguvideo.com:8088/wd_r2/jstv/jstiyu/600/index.m3u8?msisdn=2be6b2ec9fcf10d2c2457e2c710e172c&mdspid=&spid=699067&netType=0&sid=5500260554&pid=2028597139&timestamp=20260718100227&Channel_ID=0116_2600034600-99000-201600010010028&ProgramID=626064707&ParentNodeID=-99&assertID=5500260554&client_ip=171.8.79.254&SecurityKey=20260718100227&promotionId=&mvid=5100186459&mcid=500020&playurlVersion=WX-A1-9.6.1.6-SNAPSHOT&userid=&jmhm=&videocodec=h264&appCode=miguvideo_android&bean=mgspad&tid=android&conFee=0&encrypt=fd5a5acacdc364ce2f0138a910987e59&sv=10004&ct=android
江苏国际,http://hlsztemgsplive.miguvideo.com:8080/wd_r2/jstv/jsguoji/600/index.m3u8?msisdn=2be6b2ec9fcf10d2c2457e2c710e172c&mdspid=&spid=699067&netType=0&sid=5500260577&pid=2028597139&timestamp=20260718080230&Channel_ID=0116_2600034600-99000-201600010010028&ProgramID=626064674&ParentNodeID=-99&assertID=5500260577&client_ip=171.8.79.254&SecurityKey=20260718080230&promotionId=&mvid=5100186482&mcid=500020&playurlVersion=WX-A1-9.6.1.6-SNAPSHOT&userid=&jmhm=&videocodec=h264&appCode=miguvideo_android&bean=mgspad&tid=android&conFee=0&encrypt=b77bb1b37012771ef54fbe6a10e2efad&sv=10004&ct=android
江苏综艺,http://mgsp-zy2.live.miguvideo.com:8088/wd_r2/jstv/jszongyi/600/index.m3u8?msisdn=2be6b2ec9fcf10d2c2457e2c710e172c&mdspid=&spid=699067&netType=0&sid=5500260513&pid=2028597139&timestamp=20260718080230&Channel_ID=0116_2600034600-99000-201600010010028&ProgramID=626065193&ParentNodeID=-99&assertID=5500260513&client_ip=171.8.79.254&SecurityKey=20260718080230&promotionId=&mvid=5100186420&mcid=500020&playurlVersion=WX-A1-9.6.1.6-SNAPSHOT&userid=&jmhm=&videocodec=h264&appCode=miguvideo_android&bean=mgspad&tid=android&conFee=0&encrypt=0782dc3d7693024fd8d965098ca8bcfc&sv=10004&ct=android
公共新闻,http://mgsp-ali2.live.miguvideo.com:8088/wd_r2/jstv/jsgonggong/600/index.m3u8?msisdn=2be6b2ec9fcf10d2c2457e2c710e172c&mdspid=&spid=699067&netType=0&sid=5500260520&pid=2028597139&timestamp=20260718080231&Channel_ID=0116_2600034600-99000-201600010010028&ProgramID=626064693&ParentNodeID=-99&assertID=5500260520&client_ip=171.8.79.254&SecurityKey=20260718080231&promotionId=&mvid=5100186429&mcid=500020&playurlVersion=WX-A1-9.6.1.6-SNAPSHOT&userid=&jmhm=&videocodec=h264&appCode=miguvideo_android&bean=mgspad&tid=android&conFee=0&encrypt=f50f60bbe59189d9f6548a611bb1734f&sv=10004&ct=android
盐城新闻综合,http://hlszymgsplive.miguvideo.com:8080/migu/kailu/ycxwzh/51/20250604/index.m3u8?msisdn=2be6b2ec9fcf10d2c2457e2c710e172c&mdspid=&spid=699067&netType=0&sid=5500469360&pid=2028597139&timestamp=20260718080231&Channel_ID=0116_2600034600-99000-201600010010028&ProgramID=639731825&ParentNodeID=-99&assertID=5500469360&client_ip=171.8.79.254&SecurityKey=20260718080231&promotionId=&mvid=5102012617&mcid=500020&playurlVersion=WX-A1-9.6.1.6-SNAPSHOT&userid=&jmhm=&videocodec=h264&appCode=miguvideo_android&bean=mgspad&tid=android&conFee=0&encrypt=f1bb0c3dd64b17f360c5435937b83b15&sv=10004&ct=android
泰州新闻综合,http://mgsp-hs2.live.miguvideo.com:8088/wd_r2/jstv/tzxinwenzonghe/600/index.m3u8?msisdn=2be6b2ec9fcf10d2c2457e2c710e172c&mdspid=&spid=699067&netType=0&sid=5500469354&pid=2028597139&timestamp=20260718080231&Channel_ID=0116_2600034600-99000-201600010010028&ProgramID=639731818&ParentNodeID=-99&assertID=5500469354&client_ip=171.8.79.254&SecurityKey=20260718080231&promotionId=&mvid=5102012615&mcid=500020&playurlVersion=WX-A1-9.6.1.6-SNAPSHOT&userid=&jmhm=&videocodec=h264&appCode=miguvideo_android&bean=mgspad&tid=android&conFee=0&encrypt=29fff965abbf808cc0c52bd749902832&sv=10004&ct=android
宿迁新闻综合,http://hlsztemgsplive.miguvideo.com:8080/wd_r2/jstv/sqxinwenzonghe/600/index.m3u8?msisdn=2be6b2ec9fcf10d2c2457e2c710e172c&mdspid=&spid=699067&netType=0&sid=5500469357&pid=2028597139&timestamp=20260718080231&Channel_ID=0116_2600034600-99000-201600010010028&ProgramID=639731832&ParentNodeID=-99&assertID=5500469357&client_ip=171.8.79.254&SecurityKey=20260718080231&promotionId=&mvid=5102012616&mcid=500020&playurlVersion=WX-A1-9.6.1.6-SNAPSHOT&userid=&jmhm=&videocodec=h264&appCode=miguvideo_android&bean=mgspad&tid=android&conFee=0&encrypt=77ed8f406e47784b110d141293c49ed8&sv=10004&ct=android
徐州新闻综合,http://hlszymgsplive.miguvideo.com:8080/wd_r2/jstv/xzxinwenzonghe/600/index.m3u8?msisdn=2be6b2ec9fcf10d2c2457e2c710e172c&mdspid=&spid=699067&netType=0&sid=5500469368&pid=2028597139&timestamp=20260718080232&Channel_ID=0116_2600034600-99000-201600010010028&ProgramID=639731747&ParentNodeID=-99&assertID=5500469368&client_ip=171.8.79.254&SecurityKey=20260718080232&promotionId=&mvid=5102012620&mcid=500020&playurlVersion=WX-A1-9.6.1.6-SNAPSHOT&userid=&jmhm=&videocodec=h264&appCode=miguvideo_android&bean=mgspad&tid=android&conFee=0&encrypt=eee01893d29f820aa2fd3ad4cfd38730&sv=10004&ct=android
江阴新闻综合,http://hlsztemgsplive.miguvideo.com:8080/migu/kailu/jyxwzh/51/20250604/index.m3u8?msisdn=2be6b2ec9fcf10d2c2457e2c710e172c&mdspid=&spid=699067&netType=0&sid=5910022177&pid=2028597139&timestamp=20260718080232&Channel_ID=0116_2600034600-99000-201600010010028&ProgramID=955227979&ParentNodeID=-99&assertID=5910022177&client_ip=171.8.79.254&SecurityKey=20260718080232&promotionId=&mvid=5900006705&mcid=500020&playurlVersion=WX-A1-9.6.1.6-SNAPSHOT&userid=&jmhm=&videocodec=h264&appCode=miguvideo_android&bean=mgspad&tid=android&conFee=0&encrypt=627dcbe30fb421294e79a7c3eb4a82d7&sv=10004&ct=android
宜兴新闻综合,http://hlsztemgsplive.miguvideo.com:8080/migu/kailu/yxxwzh/51/20250604/index.m3u8?msisdn=2be6b2ec9fcf10d2c2457e2c710e172c&mdspid=&spid=699067&netType=0&sid=5910022179&pid=2028597139&timestamp=20260718080232&Channel_ID=0116_2600034600-99000-201600010010028&ProgramID=955227996&ParentNodeID=-99&assertID=5910022179&client_ip=171.8.79.254&SecurityKey=20260718080232&promotionId=&mvid=5900006707&mcid=500020&playurlVersion=WX-A1-9.6.1.6-SNAPSHOT&userid=&jmhm=&videocodec=h264&appCode=miguvideo_android&bean=mgspad&tid=android&conFee=0&encrypt=3eacbdf410345f16288dbdb14e118752&sv=10004&ct=android
陕西银龄,http://hlszymgsplive.miguvideo.com:8080/migu/kailu/sxylpd/51/20250804/index.m3u8?msisdn=2be6b2ec9fcf10d2c2457e2c710e172c&mdspid=&spid=600572&netType=0&sid=5910022191&pid=2028597139&timestamp=20260718080233&Channel_ID=0116_2600034600-99000-201600010010028&ProgramID=956909362&ParentNodeID=-99&assertID=5910022191&client_ip=171.8.79.254&SecurityKey=20260718080233&promotionId=&mvid=5900006714&mcid=500020&playurlVersion=WX-A1-9.6.1.6-SNAPSHOT&userid=&jmhm=&videocodec=h264&appCode=miguvideo_android&bean=mgspad&tid=android&conFee=0&encrypt=ee82fdd6f140bb06422b9dbee8c1f79b&sv=10004&ct=android
陕西秦腔,http://hlsztemgsplive.miguvideo.com:8080/migu/kailu/sxqqpd/51/20250804/index.m3u8?msisdn=2be6b2ec9fcf10d2c2457e2c710e172c&mdspid=&spid=600572&netType=0&sid=5910022188&pid=2028597139&timestamp=20260718080233&Channel_ID=0116_2600034600-99000-201600010010028&ProgramID=956909303&ParentNodeID=-99&assertID=5910022188&client_ip=171.8.79.254&SecurityKey=20260718080233&promotionId=&mvid=5900006711&mcid=500020&playurlVersion=WX-A1-9.6.1.6-SNAPSHOT&userid=&jmhm=&videocodec=h264&appCode=miguvideo_android&bean=mgspad&tid=android&conFee=0&encrypt=b690ba4e64fc98c5b063dabb6c5bacb4&sv=10004&ct=android
财富天下,http://hlszymgsplive.miguvideo.com:8080/migu/kailu/cftx/51/20250804/index.m3u8?msisdn=2be6b2ec9fcf10d2c2457e2c710e172c&mdspid=&spid=600697&netType=0&sid=5910022193&pid=2028597139&timestamp=20260718080233&Channel_ID=0116_2600034600-99000-201600010010028&ProgramID=956923159&ParentNodeID=-99&assertID=5910022193&client_ip=171.8.79.254&SecurityKey=20260718080233&promotionId=&mvid=5900006715&mcid=500020&playurlVersion=WX-A1-9.6.1.6-SNAPSHOT&userid=&jmhm=&videocodec=h264&appCode=miguvideo_android&bean=mgspad&tid=android&conFee=0&encrypt=29d9b85f4542a853df31e38d53b6e265&sv=10004&ct=android
海南广播电视总台新闻,http://hlsztemgsplive.miguvideo.com:8080/migu/kailu/lnysj/51/20251225/index.m3u8?msisdn=2be6b2ec9fcf10d2c2457e2c710e172c&mdspid=&spid=600697&netType=0&sid=5910022326&pid=2028597139&timestamp=20260718080234&Channel_ID=0116_2600034600-99000-201600010010028&ProgramID=962067517&ParentNodeID=-99&assertID=5910022326&client_ip=171.8.79.254&SecurityKey=20260718080234&promotionId=&mvid=5900006789&mcid=500020&playurlVersion=WX-A1-9.6.1.6-SNAPSHOT&userid=&jmhm=&videocodec=h264&appCode=miguvideo_android&bean=mgspad&tid=android&conFee=0&encrypt=4fddf4020c3e5505c5b13348570ef857&sv=10004&ct=android
海南广播电视总台自贸,http://hlszymgsplive.miguvideo.com:8080/migu/kailu/lnsh/51/20251225/index.m3u8?msisdn=2be6b2ec9fcf10d2c2457e2c710e172c&mdspid=&spid=600697&netType=0&sid=5910022324&pid=2028597139&timestamp=20260718080234&Channel_ID=0116_2600034600-99000-201600010010028&ProgramID=962045226&ParentNodeID=-99&assertID=5910022324&client_ip=171.8.79.254&SecurityKey=20260718080234&promotionId=&mvid=5900006792&mcid=500020&playurlVersion=WX-A1-9.6.1.6-SNAPSHOT&userid=&jmhm=&videocodec=h264&appCode=miguvideo_android&bean=mgspad&tid=android&conFee=0&encrypt=da04b164242987f1795cb23dac23accf&sv=10004&ct=android
海南广播电视总台社会与法,http://mgsp-yx2.live.miguvideo.com:8088/migu/kailu/lngg/51/20251225/index.m3u8?msisdn=2be6b2ec9fcf10d2c2457e2c710e172c&mdspid=&spid=600697&netType=0&sid=5910022323&pid=2028597139&timestamp=20260718080234&Channel_ID=0116_2600034600-99000-201600010010028&ProgramID=962045223&ParentNodeID=-99&assertID=5910022323&client_ip=171.8.79.254&SecurityKey=20260718080234&promotionId=&mvid=5900006791&mcid=500020&playurlVersion=WX-A1-9.6.1.6-SNAPSHOT&userid=&jmhm=&videocodec=h264&appCode=miguvideo_android&bean=mgspad&tid=android&conFee=0&encrypt=c7a0494c1c78a6c3608555c3d4f97bf4&sv=10004&ct=android
海南广播电视总台文旅,http://hlszymgsplive.miguvideo.com:8080/migu/kailu/lntyxx/51/20251225/index.m3u8?msisdn=2be6b2ec9fcf10d2c2457e2c710e172c&mdspid=&spid=600697&netType=0&sid=5910022329&pid=2028597139&timestamp=20260718080234&Channel_ID=0116_2600034600-99000-201600010010028&ProgramID=962067526&ParentNodeID=-99&assertID=5910022329&client_ip=171.8.79.254&SecurityKey=20260718080234&promotionId=&mvid=5900006790&mcid=500020&playurlVersion=WX-A1-9.6.1.6-SNAPSHOT&userid=&jmhm=&videocodec=h264&appCode=miguvideo_android&bean=mgspad&tid=android&conFee=0&encrypt=df0672658d253897391cb20ea0258361&sv=10004&ct=android
海南广播电视总台少儿,http://hlszymgsplive.miguvideo.com:8080/migu/kailu/nxwl/51/20251225/index.m3u8?msisdn=2be6b2ec9fcf10d2c2457e2c710e172c&mdspid=&spid=600697&netType=0&sid=5910022328&pid=2028597139&timestamp=20260718080234&Channel_ID=0116_2600034600-99000-201600010010028&ProgramID=962067523&ParentNodeID=-99&assertID=5910022328&client_ip=171.8.79.254&SecurityKey=20260718080234&promotionId=&mvid=5900006788&mcid=500020&playurlVersion=WX-A1-9.6.1.6-SNAPSHOT&userid=&jmhm=&videocodec=h264&appCode=miguvideo_android&bean=mgspad&tid=android&conFee=0&encrypt=47695b7d7aaf2dca74de518bf4b69399&sv=10004&ct=android
建党105周年巡礼,http://mgsp-ali2.live.miguvideo.com:8088/migu/virtuallive2/5900002413/51/20210706/index.m3u8?msisdn=2be6b2ec9fcf10d2c2457e2c710e172c&mdspid=&spid=800033&netType=0&sid=5910019527&pid=2028597139&timestamp=20260718080234&Channel_ID=0116_2600034600-99000-201600010010028&ProgramID=713600957&ParentNodeID=-99&assertID=5910019527&client_ip=171.8.79.254&SecurityKey=20260718080234&promotionId=&mvid=5900002443&mcid=500020&playurlVersion=WX-A1-9.6.1.6-SNAPSHOT&userid=&jmhm=&videocodec=h264&appCode=miguvideo_android&bean=mgspad&tid=android&conFee=0&encrypt=3bd15cfa5f4f2ab35a9a42a6fd817df3&sv=10004&ct=android
经典香港电影,http://mgsp-zy2.live.miguvideo.com:8088/wd_r2/virtuallive/5100180869/150/index.m3u8?msisdn=2be6b2ec9fcf10d2c2457e2c710e172c&mdspid=&spid=800033&netType=0&sid=5500242089&pid=2028597139&timestamp=20260718080235&Channel_ID=0116_2600034600-99000-201600010010028&ProgramID=625703337&ParentNodeID=-99&assertID=5500242089&client_ip=171.8.79.254&SecurityKey=20260718080235&promotionId=&mvid=5100180869&mcid=500020&playurlVersion=WX-A1-9.6.1.6-SNAPSHOT&userid=&jmhm=&videocodec=h264&appCode=miguvideo_android&bean=mgspad&tid=android&conFee=0&encrypt=247b14dd03a794e02dd2744064898c83&sv=10004&ct=android
新片放映厅,http://hlsztemgsplive.miguvideo.com:8080/wd-virtuallive5100030975-150/index.m3u8?msisdn=2be6b2ec9fcf10d2c2457e2c710e172c&mdspid=&spid=800033&netType=0&sid=5500035175&pid=2028597139&timestamp=20260718080235&Channel_ID=0116_2600034600-99000-201600010010028&ProgramID=619495952&ParentNodeID=-99&assertID=5500035175&client_ip=171.8.79.254&SecurityKey=20260718080235&promotionId=&mvid=5100030975&mcid=500020&playurlVersion=WX-A1-9.6.1.6-SNAPSHOT&userid=&jmhm=&videocodec=h264&appCode=miguvideo_android&bean=mgspad&tid=android&conFee=0&encrypt=5f38483f7af59d6bc9c29fb4d5f2ba6b&sv=10004&ct=android
和美乡途轮播,http://hlszymgsplive.miguvideo.com:8080/migu/virtuallive2/5900002411/51/20210706/index.m3u8?msisdn=2be6b2ec9fcf10d2c2457e2c710e172c&mdspid=&spid=800033&netType=0&sid=5910019525&pid=2028597139&timestamp=20260718080235&Channel_ID=0116_2600034600-99000-201600010010028&ProgramID=713591450&ParentNodeID=-99&assertID=5910019525&client_ip=171.8.79.254&SecurityKey=20260718080235&promotionId=&mvid=5900002421&mcid=500020&playurlVersion=WX-A1-9.6.1.6-SNAPSHOT&userid=&jmhm=&videocodec=h264&appCode=miguvideo_android&bean=mgspad&tid=android&conFee=0&encrypt=7898f8c64b3008646be8bc875f17ee73&sv=10004&ct=android
南方影视,http://hlszymgsplive.miguvideo.com:8080/wd_r1/2018/nfmedia/nfys/1000/index.m3u8?msisdn=2be6b2ec9fcf10d2c2457e2c710e172c&mdspid=&spid=699054&netType=0&sid=2206173738&pid=2028597139&timestamp=20260718080235&Channel_ID=0116_2600034600-99000-201600010010028&ProgramID=614961829&ParentNodeID=-99&assertID=2206173738&client_ip=171.8.79.254&SecurityKey=20260718080235&promotionId=&mvid=2206173738&mcid=500020&playurlVersion=WX-A1-9.6.1.6-SNAPSHOT&userid=&jmhm=&videocodec=h264&appCode=miguvideo_android&bean=mgspad&tid=android&conFee=0&encrypt=8025e8976c7010c13b5b81380f91ffff&sv=10004&ct=android
熊猫01,http://hlsztemgsplive.miguvideo.com:8080/ws_x/2018/xiongmao/HD/2000/index.m3u8?msisdn=2be6b2ec9fcf10d2c2457e2c710e172c&mdspid=&spid=699004&netType=0&sid=2202634723&pid=2028597139&timestamp=20260718080236&Channel_ID=0116_2600034600-99000-201600010010028&ProgramID=609158151&ParentNodeID=-99&assertID=2202634723&client_ip=171.8.79.254&SecurityKey=20260718080236&promotionId=&mvid=2202634723&mcid=500020&playurlVersion=WX-A1-9.6.1.6-SNAPSHOT&userid=&jmhm=&videocodec=h264&appCode=miguvideo_android&bean=mgspad&tid=android&conFee=0&encrypt=7cfe51ff17821d8f8c1e1044661bcc08&sv=10004&ct=android
熊猫1,http://hlsztemgsplive.miguvideo.com:8080/envivo_x/2018/SD/xiongmao01/1000/index.m3u8?msisdn=2be6b2ec9fcf10d2c2457e2c710e172c&mdspid=&spid=699004&netType=0&sid=2200200699&pid=2028597139&timestamp=20260718080237&Channel_ID=0116_2600034600-99000-201600010010028&ProgramID=608933610&ParentNodeID=-99&assertID=2200200699&client_ip=171.8.79.254&SecurityKey=20260718080237&promotionId=&mvid=2200200699&mcid=500020&playurlVersion=WX-A1-9.6.1.6-SNAPSHOT&userid=&jmhm=&videocodec=h264&appCode=miguvideo_android&bean=mgspad&tid=android&conFee=0&encrypt=3c518edad998d92ffa165d74d469f406&sv=10004&ct=android
熊猫2,http://hlszymgsplive.miguvideo.com:8080/envivo_x/2018/SD/xiongmao02/1000/index.m3u8?msisdn=2be6b2ec9fcf10d2c2457e2c710e172c&mdspid=&spid=699004&netType=0&sid=2200200717&pid=2028597139&timestamp=20260718080237&Channel_ID=0116_2600034600-99000-201600010010028&ProgramID=608933640&ParentNodeID=-99&assertID=2200200717&client_ip=171.8.79.254&SecurityKey=20260718080237&promotionId=&mvid=2200200717&mcid=500020&playurlVersion=WX-A1-9.6.1.6-SNAPSHOT&userid=&jmhm=&videocodec=h264&appCode=miguvideo_android&bean=mgspad&tid=android&conFee=0&encrypt=50d1b7b8efee9b3a5cbeeb72878fc179&sv=10004&ct=android
熊猫3,http://hlszymgsplive.miguvideo.com:8080/envivo_x/2018/SD/xiongmao03/1000/index.m3u8?msisdn=2be6b2ec9fcf10d2c2457e2c710e172c&mdspid=&spid=699004&netType=0&sid=2200200738&pid=2028597139&timestamp=20260718100228&Channel_ID=0116_2600034600-99000-201600010010028&ProgramID=608934619&ParentNodeID=-99&assertID=2200200738&client_ip=171.8.79.254&SecurityKey=20260718100228&promotionId=&mvid=2200200738&mcid=500020&playurlVersion=WX-A1-9.6.1.6-SNAPSHOT&userid=&jmhm=&videocodec=h264&appCode=miguvideo_android&bean=mgspad&tid=android&conFee=0&encrypt=4d6727c05ef10b83dde433a60d4dfa6b&sv=10004&ct=android
熊猫4,http://hlsztemgsplive.miguvideo.com:8080/envivo_x/2018/SD/xiongmao04/1000/index.m3u8?msisdn=2be6b2ec9fcf10d2c2457e2c710e172c&mdspid=&spid=699004&netType=0&sid=2200200771&pid=2028597139&timestamp=20260718100228&Channel_ID=0116_2600034600-99000-201600010010028&ProgramID=608934721&ParentNodeID=-99&assertID=2200200771&client_ip=171.8.79.254&SecurityKey=20260718100228&promotionId=&mvid=2200200771&mcid=500020&playurlVersion=WX-A1-9.6.1.6-SNAPSHOT&userid=&jmhm=&videocodec=h264&appCode=miguvideo_android&bean=mgspad&tid=android&conFee=0&encrypt=ed6cab2a67d2f0594cdb2083e7115b1b&sv=10004&ct=android
熊猫5,http://mgsp-cty2.live.miguvideo.com:8088/envivo_x/2018/SD/xiongmao05/1000/index.m3u8?msisdn=2be6b2ec9fcf10d2c2457e2c710e172c&mdspid=&spid=699004&netType=0&sid=2200200791&pid=2028597139&timestamp=20260718100228&Channel_ID=0116_2600034600-99000-201600010010028&ProgramID=608935104&ParentNodeID=-99&assertID=2200200791&client_ip=171.8.79.254&SecurityKey=20260718100228&promotionId=&mvid=2200200791&mcid=500020&playurlVersion=WX-A1-9.6.1.6-SNAPSHOT&userid=&jmhm=&videocodec=h264&appCode=miguvideo_android&bean=mgspad&tid=android&conFee=0&encrypt=2be206910aebf5ef11350d927444d4a9&sv=10004&ct=android
熊猫6,http://hlsztemgsplive.miguvideo.com:8080/envivo_x/2018/SD/xiongmao06/1000/index.m3u8?msisdn=2be6b2ec9fcf10d2c2457e2c710e172c&mdspid=&spid=699004&netType=0&sid=2200200817&pid=2028597139&timestamp=20260718100228&Channel_ID=0116_2600034600-99000-201600010010028&ProgramID=608935797&ParentNodeID=-99&assertID=2200200817&client_ip=171.8.79.254&SecurityKey=20260718100228&promotionId=&mvid=2200200817&mcid=500020&playurlVersion=WX-A1-9.6.1.6-SNAPSHOT&userid=&jmhm=&videocodec=h264&appCode=miguvideo_android&bean=mgspad&tid=android&conFee=0&encrypt=8ce3d2b1a8cd50348d4a6ddfcf4342a7&sv=10004&ct=android
熊猫7,http://mgsp-ali2.live.miguvideo.com:8088/envivo_x/2018/SD/xiongmao07/1000/index.m3u8?msisdn=2be6b2ec9fcf10d2c2457e2c710e172c&mdspid=&spid=699004&netType=0&sid=2200192831&pid=2028597139&timestamp=20260718100228&Channel_ID=0116_2600034600-99000-201600010010028&ProgramID=609169286&ParentNodeID=-99&assertID=2200192831&client_ip=171.8.79.254&SecurityKey=20260718100228&promotionId=&mvid=2200192831&mcid=500020&playurlVersion=WX-A1-9.6.1.6-SNAPSHOT&userid=&jmhm=&videocodec=h264&appCode=miguvideo_android&bean=mgspad&tid=android&conFee=0&encrypt=fa229e6dbdde7b15d6fcf491b9e5ad34&sv=10004&ct=android
熊猫8,http://mgsp-hs2.live.miguvideo.com:8088/envivo_x/2018/SD/xiongmao08/1000/index.m3u8?msisdn=2be6b2ec9fcf10d2c2457e2c710e172c&mdspid=&spid=699004&netType=0&sid=2200192881&pid=2028597139&timestamp=20260718100228&Channel_ID=0116_2600034600-99000-201600010010028&ProgramID=609169287&ParentNodeID=-99&assertID=2200192881&client_ip=171.8.79.254&SecurityKey=20260718100228&promotionId=&mvid=2200192881&mcid=500020&playurlVersion=WX-A1-9.6.1.6-SNAPSHOT&userid=&jmhm=&videocodec=h264&appCode=miguvideo_android&bean=mgspad&tid=android&conFee=0&encrypt=0d26246997b49091d687eb0fee1fa6bf&sv=10004&ct=android
熊猫9,http://hlszymgsplive.miguvideo.com:8080/envivo_x/2018/SD/xiongmao09/1000/index.m3u8?msisdn=2be6b2ec9fcf10d2c2457e2c710e172c&mdspid=&spid=699004&netType=0&sid=2200192899&pid=2028597139&timestamp=20260718080237&Channel_ID=0116_2600034600-99000-201600010010028&ProgramID=609169226&ParentNodeID=-99&assertID=2200192899&client_ip=171.8.79.254&SecurityKey=20260718080237&promotionId=&mvid=2200192899&mcid=500020&playurlVersion=WX-A1-9.6.1.6-SNAPSHOT&userid=&jmhm=&videocodec=h264&appCode=miguvideo_android&bean=mgspad&tid=android&conFee=0&encrypt=d217d174bcd0a51a26c3845ea0c68b60&sv=10004&ct=android
熊猫10,http://mgsp-cty2.live.miguvideo.com:8088/envivo_x/2018/SD/xiongmao10/1000/index.m3u8?msisdn=2be6b2ec9fcf10d2c2457e2c710e172c&mdspid=&spid=699004&netType=0&sid=2200192937&pid=2028597139&timestamp=20260718080237&Channel_ID=0116_2600034600-99000-201600010010028&ProgramID=609169285&ParentNodeID=-99&assertID=2200192937&client_ip=171.8.79.254&SecurityKey=20260718080237&promotionId=&mvid=2200192937&mcid=500020&playurlVersion=WX-A1-9.6.1.6-SNAPSHOT&userid=&jmhm=&videocodec=h264&appCode=miguvideo_android&bean=mgspad&tid=android&conFee=0&encrypt=ba5c351e03dd107cf742157e60e185f5&sv=10004&ct=android
最强综艺趴,http://hlsztemgsplive.miguvideo.com:8080/migu/kailu/zuiqiangzongyi/51/20250514/index.m3u8?msisdn=2be6b2ec9fcf10d2c2457e2c710e172c&mdspid=&spid=699004&netType=0&sid=5500315654&pid=2028597139&timestamp=20260718080237&Channel_ID=0116_2600034600-99000-201600010010028&ProgramID=629942228&ParentNodeID=-99&assertID=5500315654&client_ip=171.8.79.254&SecurityKey=20260718080237&promotionId=&mvid=5101034202&mcid=500020&playurlVersion=WX-A1-9.6.1.6-SNAPSHOT&userid=&jmhm=&videocodec=h264&appCode=miguvideo_android&bean=mgspad&tid=android&conFee=0&encrypt=d51f26bf281925f5367da7392a252edc&sv=10004&ct=android
经典动画大集合,http://mgsp-hs2.live.miguvideo.com:8088/migu/kailu/jingdiandonghua/51/20250514/index.m3u8?msisdn=2be6b2ec9fcf10d2c2457e2c710e172c&mdspid=&spid=699004&netType=0&sid=5500315652&pid=2028597139&timestamp=20260718080238&Channel_ID=0116_2600034600-99000-201600010010028&ProgramID=629942219&ParentNodeID=-99&assertID=5500315652&client_ip=171.8.79.254&SecurityKey=20260718080238&promotionId=&mvid=5101034205&mcid=500020&playurlVersion=WX-A1-9.6.1.6-SNAPSHOT&userid=&jmhm=&videocodec=h264&appCode=miguvideo_android&bean=mgspad&tid=android&conFee=0&encrypt=d54eed2e4876940128ca21a1e4e4dceb&sv=10004&ct=android
新动力量创一流,http://mgsp-ws2.live.miguvideo.com:8088/migu/virtuallive2/5900002409/51/20210706/index.m3u8?msisdn=2be6b2ec9fcf10d2c2457e2c710e172c&mdspid=&spid=800033&netType=0&sid=5910019523&pid=2028597139&timestamp=20260718080238&Channel_ID=0116_2600034600-99000-201600010010028&ProgramID=713589837&ParentNodeID=-99&assertID=5910019523&client_ip=171.8.79.254&SecurityKey=20260718080238&promotionId=&mvid=5900002419&mcid=500020&playurlVersion=WX-A1-9.6.1.6-SNAPSHOT&userid=&jmhm=&videocodec=h264&appCode=miguvideo_android&bean=mgspad&tid=android&conFee=0&encrypt=33918d90492c84ed38adcaffa55f6e31&sv=10004&ct=android
中华特产,http://hlszymgsplive.miguvideo.com:8080/migu/kailu/zhtc/51/20251103/index.m3u8?msisdn=2be6b2ec9fcf10d2c2457e2c710e172c&mdspid=&spid=600697&netType=0&sid=5910022295&pid=2028597139&timestamp=20260718080238&Channel_ID=0116_2600034600-99000-201600010010028&ProgramID=959986618&ParentNodeID=-99&assertID=5910022295&client_ip=171.8.79.254&SecurityKey=20260718080238&promotionId=&mvid=5900006771&mcid=500020&playurlVersion=WX-A1-9.6.1.6-SNAPSHOT&userid=&jmhm=&videocodec=h264&appCode=miguvideo_android&bean=mgspad&tid=android&conFee=0&encrypt=f71bb45d72d0a659e69aaaf650310e55&sv=10004&ct=android
BWF 陈雨菲晋级四强 石宇奇止步八强 【回放】石宇奇1-2小波波夫（鸿昆） 09:00,http://hlszymgspvod.miguvideo.com:8080/depository_eos_wxlz04/asset/zhengshi/5106/636/149/5106636149/media/5106636149_5339483986_56.mp4.m3u8?msisdn=2be6b2ec9fcf10d2c2457e2c710e172c&mdspid=&spid=800033&netType=0&sid=5701821055&pid=2028597139&timestamp=20260718080240&Channel_ID=0116_2600034600-99000-201600010010028&ProgramID=966244105&ParentNodeID=-99&assertID=5701821055&client_ip=171.8.79.254&SecurityKey=20260718080240&promotionId=&mvid=5106636149&mcid=1003&mpid=120000582852&playurlVersion=WX-A1-9.6.1.6-SNAPSHOT&userid=&jmhm=&videocodec=h264&appCode=miguvideo_android&bean=mgspad&tid=android&conFee=0&encrypt=fbf4157b8cdfd32476c8058d8351822c&sv=10004&ct=android
BWF 陈雨菲晋级四强 石宇奇止步八强 【回放】陈雨菲2-0沈有振（鸿昆） 09:00,http://hlszymgspvod.miguvideo.com:8080/depository_eos_wxlz04/asset/zhengshi/5106/636/127/5106636127/media/5106636127_5339461551_56.mp4.m3u8?msisdn=2be6b2ec9fcf10d2c2457e2c710e172c&mdspid=&spid=800033&netType=0&sid=5701820588&pid=2028597139&timestamp=20260718080241&Channel_ID=0116_2600034600-99000-201600010010028&ProgramID=966235737&ParentNodeID=-99&assertID=5701820588&client_ip=171.8.79.254&SecurityKey=20260718080241&promotionId=&mvid=5106636127&mcid=1003&mpid=120000582852&playurlVersion=WX-A1-9.6.1.6-SNAPSHOT&userid=&jmhm=&videocodec=h264&appCode=miguvideo_android&bean=mgspad&tid=android&conFee=0&encrypt=94c8546abb710bbbc90a9eafd46aa64a&sv=10004&ct=android
BWF 陈雨菲晋级四强 石宇奇止步八强 【回放】冯彦哲/黄东萍2-0叶宏蔚/詹又蓁（鸿昆） 09:00,http://hlsztemgspvod.miguvideo.com:8080/depository_eos_wxlz04/asset/zhengshi/5106/636/129/5106636129/media/5106636129_5339464626_56.mp4.m3u8?msisdn=2be6b2ec9fcf10d2c2457e2c710e172c&mdspid=&spid=800033&netType=0&sid=5701820642&pid=2028597139&timestamp=20260718080241&Channel_ID=0116_2600034600-99000-201600010010028&ProgramID=966236899&ParentNodeID=-99&assertID=5701820642&client_ip=171.8.79.254&SecurityKey=20260718080241&promotionId=&mvid=5106636129&mcid=1003&mpid=120000582852&playurlVersion=WX-A1-9.6.1.6-SNAPSHOT&userid=&jmhm=&videocodec=h264&appCode=miguvideo_android&bean=mgspad&tid=android&conFee=0&encrypt=6115f0c061127704fb9b3a6b52a3b7fb&sv=10004&ct=android
BWF 陈雨菲晋级四强 石宇奇止步八强 【回放】邓俊文/谢影雪2-0蒋振邦/魏雅欣（金子嘉） 09:00,http://hlsztemgspvod.miguvideo.com:8080/depository_eos_wxlz04/asset/zhengshi/5106/636/130/5106636130/media/5106636130_5339468797_56.mp4.m3u8?msisdn=2be6b2ec9fcf10d2c2457e2c710e172c&mdspid=&spid=800033&netType=0&sid=5701820738&pid=2028597139&timestamp=20260718080241&Channel_ID=0116_2600034600-99000-201600010010028&ProgramID=966238489&ParentNodeID=-99&assertID=5701820738&client_ip=171.8.79.254&SecurityKey=20260718080241&promotionId=&mvid=5106636130&mcid=1003&mpid=120000582852&playurlVersion=WX-A1-9.6.1.6-SNAPSHOT&userid=&jmhm=&videocodec=h264&appCode=miguvideo_android&bean=mgspad&tid=android&conFee=0&encrypt=6a5fd21cb5a315a5afa0a9c65b830d7e&sv=10004&ct=android
BWF 陈雨菲晋级四强 石宇奇止步八强 【回放】瓦尔达尼2-1王祉怡（朱胤丞） 09:00,http://hlsztemgspvod.miguvideo.com:8080/depository_eos_wxlz04/asset/zhengshi/5106/636/131/5106636131/media/5106636131_5339469391_56.mp4.m3u8?msisdn=2be6b2ec9fcf10d2c2457e2c710e172c&mdspid=&spid=800033&netType=0&sid=5701820739&pid=2028597139&timestamp=20260718080241&Channel_ID=0116_2600034600-99000-201600010010028&ProgramID=966238700&ParentNodeID=-99&assertID=5701820739&client_ip=171.8.79.254&SecurityKey=20260718080241&promotionId=&mvid=5106636131&mcid=1003&mpid=120000582852&playurlVersion=WX-A1-9.6.1.6-SNAPSHOT&userid=&jmhm=&videocodec=h264&appCode=miguvideo_android&bean=mgspad&tid=android&conFee=0&encrypt=fca2f5bdc7d7ebf08d67f02186981992&sv=10004&ct=android
BWF 陈雨菲晋级四强 石宇奇止步八强 【回放】加夫列拉/斯蒂法尼0-2贾一凡/张殊贤（孙宁智） 09:00,http://hlsztemgspvod.miguvideo.com:8080/depository_eos_wxlz04/asset/zhengshi/5106/636/135/5106636135/media/5106636135_5339470691_56.mp4.m3u8?msisdn=2be6b2ec9fcf10d2c2457e2c710e172c&mdspid=&spid=800033&netType=0&sid=5701820747&pid=2028597139&timestamp=20260718080241&Channel_ID=0116_2600034600-99000-201600010010028&ProgramID=966239372&ParentNodeID=-99&assertID=5701820747&client_ip=171.8.79.254&SecurityKey=20260718080241&promotionId=&mvid=5106636135&mcid=1003&mpid=120000582852&playurlVersion=WX-A1-9.6.1.6-SNAPSHOT&userid=&jmhm=&videocodec=h264&appCode=miguvideo_android&bean=mgspad&tid=android&conFee=0&encrypt=9921228addce384dfcdee67e5836651f&sv=10004&ct=android
BWF 陈雨菲晋级四强 石宇奇止步八强 【回放】保木卓朗/小林优吾2-0梁伟铿/王昶（孙宁智） 09:00,http://hlszymgspvod.miguvideo.com:8080/depository_eos_wxlz04/asset/zhengshi/5106/636/138/5106636138/media/5106636138_5339472476_56.mp4.m3u8?msisdn=2be6b2ec9fcf10d2c2457e2c710e172c&mdspid=&spid=800033&netType=0&sid=5701820789&pid=2028597139&timestamp=20260718080241&Channel_ID=0116_2600034600-99000-201600010010028&ProgramID=966240077&ParentNodeID=-99&assertID=5701820789&client_ip=171.8.79.254&SecurityKey=20260718080241&promotionId=&mvid=5106636138&mcid=1003&mpid=120000582852&playurlVersion=WX-A1-9.6.1.6-SNAPSHOT&userid=&jmhm=&videocodec=h264&appCode=miguvideo_android&bean=mgspad&tid=android&conFee=0&encrypt=324333380630003fbf5d5c9603e57e97&sv=10004&ct=android
BWF 陈雨菲晋级四强 石宇奇止步八强 【回放】金元浩/徐承宰2-0江凯兴/戴伟钦（朱胤丞） 09:00,http://hlszymgspvod.miguvideo.com:8080/depository_eos_wxlz04/asset/zhengshi/5106/636/139/5106636139/media/5106636139_5339481401_56.mp4.m3u8?msisdn=2be6b2ec9fcf10d2c2457e2c710e172c&mdspid=&spid=800033&netType=0&sid=5701820970&pid=2028597139&timestamp=20260718080242&Channel_ID=0116_2600034600-99000-201600010010028&ProgramID=966242989&ParentNodeID=-99&assertID=5701820970&client_ip=171.8.79.254&SecurityKey=20260718080242&promotionId=&mvid=5106636139&mcid=1003&mpid=120000582852&playurlVersion=WX-A1-9.6.1.6-SNAPSHOT&userid=&jmhm=&videocodec=h264&appCode=miguvideo_android&bean=mgspad&tid=android&conFee=0&encrypt=c36b2857b46405d1dae08d1253672f5a&sv=10004&ct=android
BWF 凤凰组合领衔 陈雨菲稍后出战 1号场地 09:00,http://flvalipull2mgsplive.miguvideo.com:80/mglive/mgss155_54.flv?msisdn=2be6b2ec9fcf10d2c2457e2c710e172c&mdspid=&spid=800033&netType=0&sid=7510508967&pid=2028597139&timestamp=20260718080252&Channel_ID=0116_2600034600-99000-201600010010028&ProgramID=966164900&ParentNodeID=-99&assertID=7510508967&client_ip=171.8.79.254&SecurityKey=20260718080252&promotionId=&mvid=7510254149&mcid=500020&mpid=120000582853&playurlVersion=WX-A1-9.6.1.6-SNAPSHOT&userid=&jmhm=&videocodec=h265&appCode=miguvideo_android&bean=mgspad&tid=android&conFee=0&encrypt=5b5d96476c26b1d54b3ff790934d7790&sv=10004&ct=android
大连海钓联赛 海发海岛海钓联赛庄河分站赛 解说 14:40,http://flvctypull2mgsplive.miguvideo.com:80/mglive/mgss176_54.flv?msisdn=2be6b2ec9fcf10d2c2457e2c710e172c&mdspid=&spid=800033&netType=0&sid=7510510429&pid=2028597139&timestamp=20260718080255&Channel_ID=0116_2600034600-99000-201600010010028&ProgramID=966227257&ParentNodeID=-99&assertID=7510510429&client_ip=171.8.79.254&SecurityKey=20260718080255&promotionId=&mvid=7510254880&mcid=500020&mpid=120000583204&playurlVersion=WX-A1-9.6.1.6-SNAPSHOT&userid=&jmhm=&videocodec=h265&appCode=miguvideo_android&bean=mgspad&tid=android&conFee=0&encrypt=f576983e64f89c596ae6b16fc2c77dbe&sv=10004&ct=android
中乙 长春喜都VS上海海港B队 解说 15:50,http://flvctypull2mgsplive.miguvideo.com:80/mglive/mgss072_54.flv?msisdn=2be6b2ec9fcf10d2c2457e2c710e172c&mdspid=&spid=800033&netType=0&sid=7510510479&pid=2028597139&timestamp=20260718080256&Channel_ID=0116_2600034600-99000-201600010010028&ProgramID=966227493&ParentNodeID=-99&assertID=7510510479&client_ip=171.8.79.254&SecurityKey=20260718080256&promotionId=&mvid=7510254905&mcid=500020&mpid=120000571941&playurlVersion=WX-A1-9.6.1.6-SNAPSHOT&userid=&jmhm=&videocodec=h265&appCode=miguvideo_android&bean=mgspad&tid=android&conFee=0&encrypt=2da867296a1e118c03e4568afdd686ac&sv=10004&ct=android
中乙 上海赛更达VS山东泰山B队 解说 15:50,http://flvctypull2mgsplive.miguvideo.com:80/mglive/mgss071_54.flv?msisdn=2be6b2ec9fcf10d2c2457e2c710e172c&mdspid=&spid=800033&netType=0&sid=7510510475&pid=2028597139&timestamp=20260718080256&Channel_ID=0116_2600034600-99000-201600010010028&ProgramID=966227484&ParentNodeID=-99&assertID=7510510475&client_ip=171.8.79.254&SecurityKey=20260718080256&promotionId=&mvid=7510254903&mcid=500020&mpid=120000571943&playurlVersion=WX-A1-9.6.1.6-SNAPSHOT&userid=&jmhm=&videocodec=h265&appCode=miguvideo_android&bean=mgspad&tid=android&conFee=0&encrypt=8e6a95ae2967b201f3ee54677edc3d70&sv=10004&ct=android
中超 重庆铜梁龙VS浙江俱乐部绿城 刘腾 贺宇 18:45,http://flvalipull2mgsplive.miguvideo.com:80/mglive/vivid25_54.flv?msisdn=2be6b2ec9fcf10d2c2457e2c710e172c&mdspid=&spid=800033&netType=0&sid=7510510205&pid=2028597139&timestamp=20260718080258&Channel_ID=0116_2600034600-99000-201600010010028&ProgramID=966217387&ParentNodeID=-99&assertID=7510510205&client_ip=171.8.79.254&SecurityKey=20260718080258&promotionId=&mvid=7510254768&mcid=500020&mpid=120000569670&playurlVersion=WX-A1-9.6.1.6-SNAPSHOT&userid=&jmhm=&videocodec=h265&appCode=miguvideo_android&bean=mgspad&tid=android&conFee=0&encrypt=5c3ca6acad8a6389f7b94eb60784b306&sv=10004&ct=android
中乙 北京理工VS大连可为 解说 18:50,http://flvalipull2mgsplive.miguvideo.com:80/mglive/mgss073_54.flv?msisdn=2be6b2ec9fcf10d2c2457e2c710e172c&mdspid=&spid=800033&netType=0&sid=7510510483&pid=2028597139&timestamp=20260718080258&Channel_ID=0116_2600034600-99000-201600010010028&ProgramID=966227513&ParentNodeID=-99&assertID=7510510483&client_ip=171.8.79.254&SecurityKey=20260718080258&promotionId=&mvid=7510254907&mcid=500020&mpid=120000571940&playurlVersion=WX-A1-9.6.1.6-SNAPSHOT&userid=&jmhm=&videocodec=h265&appCode=miguvideo_android&bean=mgspad&tid=android&conFee=0&encrypt=2979e930a58ff5248bd0f6827e129196&sv=10004&ct=android
JCK JCK觉城之夜N121：求基伦周VS萨洛希迪诺夫 解说 19:00,http://flvzypull2mgsplive.miguvideo.com:80/mglive/mgss246_54.flv?msisdn=2be6b2ec9fcf10d2c2457e2c710e172c&mdspid=&spid=800033&netType=0&sid=7510509683&pid=2028597139&timestamp=20260718080259&Channel_ID=0116_2600034600-99000-201600010010028&ProgramID=966180878&ParentNodeID=-99&assertID=7510509683&client_ip=171.8.79.254&SecurityKey=20260718080259&promotionId=&mvid=7510254507&mcid=500020&mpid=120000581762&playurlVersion=WX-A1-9.6.1.6-SNAPSHOT&userid=&jmhm=&videocodec=h265&appCode=miguvideo_android&bean=mgspad&tid=android&conFee=0&encrypt=06c13e5e2011ddfdbabe23f75af76867&sv=10004&ct=android
中甲 梅州客家VS大连鲲城 解说 19:20,http://flvhspull2mgsplive.miguvideo.com:80/mglive/mgss085_54.flv?msisdn=2be6b2ec9fcf10d2c2457e2c710e172c&mdspid=&spid=800033&netType=0&sid=7510510489&pid=2028597139&timestamp=20260718080300&Channel_ID=0116_2600034600-99000-201600010010028&ProgramID=966227529&ParentNodeID=-99&assertID=7510510489&client_ip=171.8.79.254&SecurityKey=20260718080300&promotionId=&mvid=7510254910&mcid=500020&mpid=120000570629&playurlVersion=WX-A1-9.6.1.6-SNAPSHOT&userid=&jmhm=&videocodec=h265&appCode=miguvideo_android&bean=mgspad&tid=android&conFee=0&encrypt=c5ba568f4779cb24d9f80b55e8429d73&sv=10004&ct=android
中甲 广西恒宸VS陕西联合 解说 19:20,http://flvyxpull2mgsplive.miguvideo.com:80/mglive/mgss086_54.flv?msisdn=2be6b2ec9fcf10d2c2457e2c710e172c&mdspid=&spid=800033&netType=0&sid=7510510499&pid=2028597139&timestamp=20260718080301&Channel_ID=0116_2600034600-99000-201600010010028&ProgramID=966227574&ParentNodeID=-99&assertID=7510510499&client_ip=171.8.79.254&SecurityKey=20260718080301&promotionId=&mvid=7510254915&mcid=500020&mpid=120000570630&playurlVersion=WX-A1-9.6.1.6-SNAPSHOT&userid=&jmhm=&videocodec=h265&appCode=miguvideo_android&bean=mgspad&tid=android&conFee=0&encrypt=d836781d5d8a5c22749e9ee0745c785e&sv=10004&ct=android
中甲 南京城市VS广东广州豹足球俱乐部 解说 19:20,http://flvyxpull2mgsplive.miguvideo.com:80/mglive/mgss087_54.flv?msisdn=2be6b2ec9fcf10d2c2457e2c710e172c&mdspid=&spid=800033&netType=0&sid=7510510507&pid=2028597139&timestamp=20260718080301&Channel_ID=0116_2600034600-99000-201600010010028&ProgramID=966227597&ParentNodeID=-99&assertID=7510510507&client_ip=171.8.79.254&SecurityKey=20260718080301&promotionId=&mvid=7510254919&mcid=500020&mpid=120000570631&playurlVersion=WX-A1-9.6.1.6-SNAPSHOT&userid=&jmhm=&videocodec=h265&appCode=miguvideo_android&bean=mgspad&tid=android&conFee=0&encrypt=f3279966679617bd723d6ceadec4106c&sv=10004&ct=android
中乙 温州俱乐部VS湖北青年星 解说 19:20,http://flvyxpull2mgsplive.miguvideo.com:80/mglive/mgss076_54.flv?msisdn=2be6b2ec9fcf10d2c2457e2c710e172c&mdspid=&spid=800033&netType=0&sid=7510510493&pid=2028597139&timestamp=20260718080301&Channel_ID=0116_2600034600-99000-201600010010028&ProgramID=966227548&ParentNodeID=-99&assertID=7510510493&client_ip=171.8.79.254&SecurityKey=20260718080301&promotionId=&mvid=7510254912&mcid=500020&mpid=120000571938&playurlVersion=WX-A1-9.6.1.6-SNAPSHOT&userid=&jmhm=&videocodec=h265&appCode=miguvideo_android&bean=mgspad&tid=android&conFee=0&encrypt=4fab1426b1bc26304ae62053368e8727&sv=10004&ct=android
中乙 深圳二零二八VS广州蒲公英 解说 19:20,http://flvyxpull2mgsplive.miguvideo.com:80/mglive/mgss075_54.flv?msisdn=2be6b2ec9fcf10d2c2457e2c710e172c&mdspid=&spid=800033&netType=0&sid=7510510491&pid=2028597139&timestamp=20260718080301&Channel_ID=0116_2600034600-99000-201600010010028&ProgramID=966227531&ParentNodeID=-99&assertID=7510510491&client_ip=171.8.79.254&SecurityKey=20260718080301&promotionId=&mvid=7510254911&mcid=500020&mpid=120000571939&playurlVersion=WX-A1-9.6.1.6-SNAPSHOT&userid=&jmhm=&videocodec=h265&appCode=miguvideo_android&bean=mgspad&tid=android&conFee=0&encrypt=836fa7a63b1f171d057fcfe44f09b73c&sv=10004&ct=android
中乙 厦门飞鹭VS赣州瑞狮 解说 19:20,http://flvzypull2mgsplive.miguvideo.com:80/mglive/mgss074_54.flv?msisdn=2be6b2ec9fcf10d2c2457e2c710e172c&mdspid=&spid=800033&netType=0&sid=7510510487&pid=2028597139&timestamp=20260718080301&Channel_ID=0116_2600034600-99000-201600010010028&ProgramID=966227522&ParentNodeID=-99&assertID=7510510487&client_ip=171.8.79.254&SecurityKey=20260718080301&promotionId=&mvid=7510254909&mcid=500020&mpid=120000571942&playurlVersion=WX-A1-9.6.1.6-SNAPSHOT&userid=&jmhm=&videocodec=h265&appCode=miguvideo_android&bean=mgspad&tid=android&conFee=0&encrypt=d20ba11635215abea890f83171c10d48&sv=10004&ct=android
粤超 清远VS河源 粤语 19:30,http://flvzypull2mgsplive.miguvideo.com:80/mglive/mgss188_54.flv?msisdn=2be6b2ec9fcf10d2c2457e2c710e172c&mdspid=&spid=800033&netType=0&sid=7510510955&pid=2028597139&timestamp=20260718080302&Channel_ID=0116_2600034600-99000-201600010010028&ProgramID=966241768&ParentNodeID=-99&assertID=7510510955&client_ip=171.8.79.254&SecurityKey=20260718080302&promotionId=&mvid=7510255143&mcid=500020&mpid=120000574647&playurlVersion=WX-A1-9.6.1.6-SNAPSHOT&userid=&jmhm=&videocodec=h265&appCode=miguvideo_android&bean=mgspad&tid=android&conFee=0&encrypt=1c2728df334c87c96dce8413b89fe117&sv=10004&ct=android
粤超 揭阳VS汕尾 潮汕话 19:30,http://flvzypull2mgsplive.miguvideo.com:80/mglive/mgss189_54.flv?msisdn=2be6b2ec9fcf10d2c2457e2c710e172c&mdspid=&spid=800033&netType=0&sid=7510510957&pid=2028597139&timestamp=20260718080302&Channel_ID=0116_2600034600-99000-201600010010028&ProgramID=966241798&ParentNodeID=-99&assertID=7510510957&client_ip=171.8.79.254&SecurityKey=20260718080302&promotionId=&mvid=7510255144&mcid=500020&mpid=120000574649&playurlVersion=WX-A1-9.6.1.6-SNAPSHOT&userid=&jmhm=&videocodec=h265&appCode=miguvideo_android&bean=mgspad&tid=android&conFee=0&encrypt=ed85e8a723f9551150f605cfb1223627&sv=10004&ct=android
粤超 梅州VS韶关 客家话 19:30,http://flvalipull2mgsplive.miguvideo.com:80/mglive/mgss190_54.flv?msisdn=2be6b2ec9fcf10d2c2457e2c710e172c&mdspid=&spid=800033&netType=0&sid=7510510959&pid=2028597139&timestamp=20260718080303&Channel_ID=0116_2600034600-99000-201600010010028&ProgramID=966241826&ParentNodeID=-99&assertID=7510510959&client_ip=171.8.79.254&SecurityKey=20260718080303&promotionId=&mvid=7510255145&mcid=500020&mpid=120000574650&playurlVersion=WX-A1-9.6.1.6-SNAPSHOT&userid=&jmhm=&videocodec=h265&appCode=miguvideo_android&bean=mgspad&tid=android&conFee=0&encrypt=5988a0b72d9f87d254a849a9d61ec3f8&sv=10004&ct=android
粤超 惠州VS汕头 粤语 19:30,http://flvalipull2mgsplive.miguvideo.com:80/mglive/mgss191_54.flv?msisdn=2be6b2ec9fcf10d2c2457e2c710e172c&mdspid=&spid=800033&netType=0&sid=7510510961&pid=2028597139&timestamp=20260718080303&Channel_ID=0116_2600034600-99000-201600010010028&ProgramID=966241899&ParentNodeID=-99&assertID=7510510961&client_ip=171.8.79.254&SecurityKey=20260718080303&promotionId=&mvid=7510255146&mcid=500020&mpid=120000574652&playurlVersion=WX-A1-9.6.1.6-SNAPSHOT&userid=&jmhm=&videocodec=h265&appCode=miguvideo_android&bean=mgspad&tid=android&conFee=0&encrypt=ab98462daed78c6a9bcd2c1f51c014e3&sv=10004&ct=android
粤超 广州VS佛山 粤语 19:30,http://flvalipull2mgsplive.miguvideo.com:80/mglive/mgss192_54.flv?msisdn=2be6b2ec9fcf10d2c2457e2c710e172c&mdspid=&spid=800033&netType=0&sid=7510510963&pid=2028597139&timestamp=20260718080303&Channel_ID=0116_2600034600-99000-201600010010028&ProgramID=966241920&ParentNodeID=-99&assertID=7510510963&client_ip=171.8.79.254&SecurityKey=20260718080303&promotionId=&mvid=7510255147&mcid=500020&mpid=120000574671&playurlVersion=WX-A1-9.6.1.6-SNAPSHOT&userid=&jmhm=&videocodec=h265&appCode=miguvideo_android&bean=mgspad&tid=android&conFee=0&encrypt=4a740d9a0076878b7582106bf3bbb1a5&sv=10004&ct=android
粤超 云浮VS中山 粤语 19:30,http://flvalipull2mgsplive.miguvideo.com:80/mglive/mgss193_54.flv?msisdn=2be6b2ec9fcf10d2c2457e2c710e172c&mdspid=&spid=800033&netType=0&sid=7510510965&pid=2028597139&timestamp=20260718080303&Channel_ID=0116_2600034600-99000-201600010010028&ProgramID=966242012&ParentNodeID=-99&assertID=7510510965&client_ip=171.8.79.254&SecurityKey=20260718080303&promotionId=&mvid=7510255148&mcid=500020&mpid=120000574672&playurlVersion=WX-A1-9.6.1.6-SNAPSHOT&userid=&jmhm=&videocodec=h265&appCode=miguvideo_android&bean=mgspad&tid=android&conFee=0&encrypt=f9a408f745623e71d1b17e48099da633&sv=10004&ct=android
粤超 江门VS阳江 粤语 19:30,http://flvalipull2mgsplive.miguvideo.com:80/mglive/mgss194_54.flv?msisdn=2be6b2ec9fcf10d2c2457e2c710e172c&mdspid=&spid=800033&netType=0&sid=7510510967&pid=2028597139&timestamp=20260718080304&Channel_ID=0116_2600034600-99000-201600010010028&ProgramID=966242049&ParentNodeID=-99&assertID=7510510967&client_ip=171.8.79.254&SecurityKey=20260718080304&promotionId=&mvid=7510255149&mcid=500020&mpid=120000574673&playurlVersion=WX-A1-9.6.1.6-SNAPSHOT&userid=&jmhm=&videocodec=h265&appCode=miguvideo_android&bean=mgspad&tid=android&conFee=0&encrypt=7a4d976051dc7f8756ba10f4505c53c7&sv=10004&ct=android
粤超 茂名VS珠海 粤语 19:30,http://flvalipull2mgsplive.miguvideo.com:80/mglive/mgss195_54.flv?msisdn=2be6b2ec9fcf10d2c2457e2c710e172c&mdspid=&spid=800033&netType=0&sid=7510510969&pid=2028597139&timestamp=20260718080304&Channel_ID=0116_2600034600-99000-201600010010028&ProgramID=966242081&ParentNodeID=-99&assertID=7510510969&client_ip=171.8.79.254&SecurityKey=20260718080304&promotionId=&mvid=7510255150&mcid=500020&mpid=120000574674&playurlVersion=WX-A1-9.6.1.6-SNAPSHOT&userid=&jmhm=&videocodec=h265&appCode=miguvideo_android&bean=mgspad&tid=android&conFee=0&encrypt=bbbbe2f390782c7634edd6f8622911de&sv=10004&ct=android
粤超 湛江VS肇庆 粤语 19:30,http://flvalipull2mgsplive.miguvideo.com:80/mglive/mgss196_54.flv?msisdn=2be6b2ec9fcf10d2c2457e2c710e172c&mdspid=&spid=800033&netType=0&sid=7510510971&pid=2028597139&timestamp=20260718080304&Channel_ID=0116_2600034600-99000-201600010010028&ProgramID=966242101&ParentNodeID=-99&assertID=7510510971&client_ip=171.8.79.254&SecurityKey=20260718080304&promotionId=&mvid=7510255151&mcid=500020&mpid=120000574675&playurlVersion=WX-A1-9.6.1.6-SNAPSHOT&userid=&jmhm=&videocodec=h265&appCode=miguvideo_android&bean=mgspad&tid=android&conFee=0&encrypt=a0c484e8b46e9d96201f3909a8e6351a&sv=10004&ct=android
粤BA 深圳VS东莞 普通话 19:30,http://flvwspull2mgsplive.miguvideo.com:80/mglive/mgss179_54.flv?msisdn=2be6b2ec9fcf10d2c2457e2c710e172c&mdspid=&spid=800033&netType=0&sid=7510509923&pid=2028597139&timestamp=20260718080308&Channel_ID=0116_2600034600-99000-201600010010028&ProgramID=966198104&ParentNodeID=-99&assertID=7510509923&client_ip=171.8.79.254&SecurityKey=20260718080308&promotionId=&mvid=7510254627&mcid=500020&mpid=120000583135&playurlVersion=WX-A1-9.6.1.6-SNAPSHOT&userid=&jmhm=&videocodec=h265&appCode=miguvideo_android&bean=mgspad&tid=android&conFee=0&encrypt=b9bba6c282a4802298c8431ea16b25b0&sv=10004&ct=android
粤BA 深圳VS东莞 粤语 19:30,http://flvwspull2mgsplive.miguvideo.com:80/mglive/mgss251_54.flv?msisdn=2be6b2ec9fcf10d2c2457e2c710e172c&mdspid=&spid=800033&netType=0&sid=7510510591&pid=2028597139&timestamp=20260718080308&Channel_ID=0116_2600034600-99000-201600010010028&ProgramID=966235760&ParentNodeID=-99&assertID=7510510591&client_ip=171.8.79.254&SecurityKey=20260718080308&promotionId=&mvid=7510254961&mcid=500020&mpid=120000583135&playurlVersion=WX-A1-9.6.1.6-SNAPSHOT&userid=&jmhm=&videocodec=h265&appCode=miguvideo_android&bean=mgspad&tid=android&conFee=0&encrypt=ce9c69760573f873619bcbb99208805f&sv=10004&ct=android
中超 武汉三镇VS深圳新鹏城 袁甲 张辛昕 19:45,http://flvctypull2mgsplive.miguvideo.com:80/mglive/vivid26_54.flv?msisdn=2be6b2ec9fcf10d2c2457e2c710e172c&mdspid=&spid=800033&netType=0&sid=7510510229&pid=2028597139&timestamp=20260718080309&Channel_ID=0116_2600034600-99000-201600010010028&ProgramID=966217512&ParentNodeID=-99&assertID=7510510229&client_ip=171.8.79.254&SecurityKey=20260718080309&promotionId=&mvid=7510254780&mcid=500020&mpid=120000569666&playurlVersion=WX-A1-9.6.1.6-SNAPSHOT&userid=&jmhm=&videocodec=h265&appCode=miguvideo_android&bean=mgspad&tid=android&conFee=0&encrypt=79e5ee8a04b01c9b58ba6a82c6c4fb86&sv=10004&ct=android
中甲 定南赣联VS宁波职业足球俱乐部 解说 19:50,http://flvalipull2mgsplive.miguvideo.com:80/mglive/mgss088_54.flv?msisdn=2be6b2ec9fcf10d2c2457e2c710e172c&mdspid=&spid=800033&netType=0&sid=7510510513&pid=2028597139&timestamp=20260718080310&Channel_ID=0116_2600034600-99000-201600010010028&ProgramID=966227604&ParentNodeID=-99&assertID=7510510513&client_ip=171.8.79.254&SecurityKey=20260718080310&promotionId=&mvid=7510254922&mcid=500020&mpid=120000570628&playurlVersion=WX-A1-9.6.1.6-SNAPSHOT&userid=&jmhm=&videocodec=h265&appCode=miguvideo_android&bean=mgspad&tid=android&conFee=0&encrypt=0e57330e59542041a49212c7a96d8b05&sv=10004&ct=android
大连海钓联赛 海发海岛海钓联赛庄河分站赛 解说 04:20,http://flvctypull2mgsplive.miguvideo.com:80/mglive/mgss125_54.flv?msisdn=2be6b2ec9fcf10d2c2457e2c710e172c&mdspid=&spid=800033&netType=0&sid=7510509741&pid=2028597139&timestamp=20260718080312&Channel_ID=0116_2600034600-99000-201600010010028&ProgramID=966197130&ParentNodeID=-99&assertID=7510509741&client_ip=171.8.79.254&SecurityKey=20260718080312&promotionId=&mvid=7510254536&mcid=500020&mpid=120000583134&playurlVersion=WX-A1-9.6.1.6-SNAPSHOT&userid=&jmhm=&videocodec=h265&appCode=miguvideo_android&bean=mgspad&tid=android&conFee=0&encrypt=4562ace83b4b810127a2069144e0b0cb&sv=10004&ct=android
PFL PFL奥斯汀：埃布伦VS卡桑加奈 汪乐 05:30,http://flvctypull2mgsplive.miguvideo.com:80/mglive/pcstation31_54.flv?msisdn=2be6b2ec9fcf10d2c2457e2c710e172c&mdspid=&spid=800033&netType=0&sid=7510509679&pid=2028597139&timestamp=20260718080315&Channel_ID=0116_2600034600-99000-201600010010028&ProgramID=966180849&ParentNodeID=-99&assertID=7510509679&client_ip=171.8.79.254&SecurityKey=20260718080315&promotionId=&mvid=7510254505&mcid=500020&mpid=120000576101&playurlVersion=WX-A1-9.6.1.6-SNAPSHOT&userid=&jmhm=&videocodec=h265&appCode=miguvideo_android&bean=mgspad&tid=android&conFee=0&encrypt=d4791b65e7ee2c3d2031c50694988f21&sv=10004&ct=android
中乙 大连英博B队VS山西崇德荣海 解说 18:50,http://flvhspull2mgsplive.miguvideo.com:80/mglive/mgss072_54.flv?msisdn=2be6b2ec9fcf10d2c2457e2c710e172c&mdspid=&spid=800033&netType=0&sid=7510510501&pid=2028597139&timestamp=20260718080320&Channel_ID=0116_2600034600-99000-201600010010028&ProgramID=966227580&ParentNodeID=-99&assertID=7510510501&client_ip=171.8.79.254&SecurityKey=20260718080320&promotionId=&mvid=7510254916&mcid=500020&mpid=120000571936&playurlVersion=WX-A1-9.6.1.6-SNAPSHOT&userid=&jmhm=&videocodec=h265&appCode=miguvideo_android&bean=mgspad&tid=android&conFee=0&encrypt=ac126c43fdd95ec8b4a7ba610fa87423&sv=10004&ct=android
中乙 泰安天贶VS青岛红狮 解说 18:50,http://flvhspull2mgsplive.miguvideo.com:80/mglive/mgss071_54.flv?msisdn=2be6b2ec9fcf10d2c2457e2c710e172c&mdspid=&spid=800033&netType=0&sid=7510510497&pid=2028597139&timestamp=20260718080320&Channel_ID=0116_2600034600-99000-201600010010028&ProgramID=966227567&ParentNodeID=-99&assertID=7510510497&client_ip=171.8.79.254&SecurityKey=20260718080320&promotionId=&mvid=7510254914&mcid=500020&mpid=120000571937&playurlVersion=WX-A1-9.6.1.6-SNAPSHOT&userid=&jmhm=&videocodec=h265&appCode=miguvideo_android&bean=mgspad&tid=android&conFee=0&encrypt=9f98bd7694d731d1ef44fbae1e38171a&sv=10004&ct=android
中乙 江西庐山VS广东铭途 解说 19:20,http://flvhspull2mgsplive.miguvideo.com:80/mglive/mgss076_54.flv?msisdn=2be6b2ec9fcf10d2c2457e2c710e172c&mdspid=&spid=800033&netType=0&sid=7510510519&pid=2028597139&timestamp=20260718080320&Channel_ID=0116_2600034600-99000-201600010010028&ProgramID=966227622&ParentNodeID=-99&assertID=7510510519&client_ip=171.8.79.254&SecurityKey=20260718080320&promotionId=&mvid=7510254925&mcid=500020&mpid=120000571932&playurlVersion=WX-A1-9.6.1.6-SNAPSHOT&userid=&jmhm=&videocodec=h265&appCode=miguvideo_android&bean=mgspad&tid=android&conFee=0&encrypt=31b722325cbbcaafb31a79b1d059ee1d&sv=10004&ct=android
中乙 武汉三镇B队VS贵州贵阳竞技 解说 19:20,http://flvwspull2mgsplive.miguvideo.com:80/mglive/mgss075_54.flv?msisdn=2be6b2ec9fcf10d2c2457e2c710e172c&mdspid=&spid=800033&netType=0&sid=7510510515&pid=2028597139&timestamp=20260718080320&Channel_ID=0116_2600034600-99000-201600010010028&ProgramID=966227609&ParentNodeID=-99&assertID=7510510515&client_ip=171.8.79.254&SecurityKey=20260718080320&promotionId=&mvid=7510254923&mcid=500020&mpid=120000571933&playurlVersion=WX-A1-9.6.1.6-SNAPSHOT&userid=&jmhm=&videocodec=h265&appCode=miguvideo_android&bean=mgspad&tid=android&conFee=0&encrypt=0f62ce9b8bcdbdfaf174eaed932b992c&sv=10004&ct=android
中乙 杭州临平吴越VS成都蓉城希拉谷 解说 19:20,http://flvwspull2mgsplive.miguvideo.com:80/mglive/mgss074_54.flv?msisdn=2be6b2ec9fcf10d2c2457e2c710e172c&mdspid=&spid=800033&netType=0&sid=7510510511&pid=2028597139&timestamp=20260718080321&Channel_ID=0116_2600034600-99000-201600010010028&ProgramID=966227603&ParentNodeID=-99&assertID=7510510511&client_ip=171.8.79.254&SecurityKey=20260718080321&promotionId=&mvid=7510254921&mcid=500020&mpid=120000571934&playurlVersion=WX-A1-9.6.1.6-SNAPSHOT&userid=&jmhm=&videocodec=h265&appCode=miguvideo_android&bean=mgspad&tid=android&conFee=0&encrypt=44d669ea656b55698f7fe96f14c77f96&sv=10004&ct=android
中乙 海门珂缔缘VS兰州陇原竞技 解说 19:20,http://flvwspull2mgsplive.miguvideo.com:80/mglive/mgss073_54.flv?msisdn=2be6b2ec9fcf10d2c2457e2c710e172c&mdspid=&spid=800033&netType=0&sid=7510510505&pid=2028597139&timestamp=20260718080321&Channel_ID=0116_2600034600-99000-201600010010028&ProgramID=966227593&ParentNodeID=-99&assertID=7510510505&client_ip=171.8.79.254&SecurityKey=20260718080321&promotionId=&mvid=7510254918&mcid=500020&mpid=120000571935&playurlVersion=WX-A1-9.6.1.6-SNAPSHOT&userid=&jmhm=&videocodec=h265&appCode=miguvideo_android&bean=mgspad&tid=android&conFee=0&encrypt=5ba3279fd9f9677950923fa4b3c60d5d&sv=10004&ct=android
赵本山经典小品,https://goodiptv.club/douyu/9817716
3030相声小品,https://goodiptv.club/douyu/9286868
小毅主播e,https://goodiptv.club/douyu/11851549
冰冰影厅✔原,https://goodiptv.club/douyu/74374
精彩短剧看不停,https://goodiptv.club/douyu/11824307
特辑电影,https://goodiptv.club/douyu/3637778
HBO,http://nor3live.win:80/livehttpplay?channel_id=23356
HBO,http://104.250.145.76/livehttpplay?channel_id=23356
TVB明珠,http://iptv.4666888.xyz/iptv2A.php?id=29
TVB明珠,http://122.152.202.33/s/81a8a44f/index.m3u8?id=23
◆◆◆　https://raw.githubusercontent.com/Kimentanm/aptv/master/m3u/iptv.m3u
CCTV5,http://101.35.240.114:88/live.php?id=CCTV5
春晚1991,https://alimov2.a.kwimgs.com/upic/2022/01/31/16/BMjAyMjAxMzExNjI2MTVfNDAzMDAxOTlfNjYyNzYwNjUxNjVfMF8z_b_B8feb7b85888678d71bf37a259c6850f6.mp4
春晚2025,https://res.cctvnews.cctv.com/video/3005/record/cctv/merge1/133396667284143308839013005/8fbd6180bdef4da19f6155cf6b4652e1-4.m3u8
春晚2026,https://v.lzcdn28.com/20260217/8616_1de9f6e5/index.m3u8
◆◆◆　https://raw.githubusercontent.com/kimwang1978/collect-tv-txt/main/assets/special/special.txt


◆◆◆　https://raw.githubusercontent.com/mlzlzj/hnyuan/refs/heads/main/iptv_list.txt
CCTV1,http://61.136.172.236:9901/tsfile/live/0001_1.m3u8
CCTVNEWS,http://183.3.134.56:9901/tsfile/live/0016_1.m3u8
上海卫视,http://222.169.85.8:9901/tsfile/live/0018_1.m3u8
凤凰卫视香港,http://114.105.187.147:9901/tsfile/live/1034_1.m3u8
少儿卫视,http://163.177.122.71:9901/tsfile/live/1038_1.m3u8
少儿卫视,http://163.177.122.122:9901/tsfile/live/1038_1.m3u8
旅游卫视,http://222.218.159.183:8181/tsfile/live/0114_1.m3u8
旅游卫视,http://113.15.185.150:8181/tsfile/live/0114_1.m3u8
旅游卫视,http://113.15.184.196:8181/tsfile/live/0114_1.m3u8
旅游卫视,http://183.94.1.118:8801/tsfile/live/1005_1.m3u8
旅游卫视,http://111.8.242.126:9999/tsfile/live/1028_1.m3u8
旅游卫视,http://120.238.94.10:9901/tsfile/live/1075_1.m3u8
旅游卫视,http://219.159.194.18:8181/tsfile/live/0114_1.m3u8
旅游卫视,http://60.187.244.125:9901/tsfile/live/1001_1.m3u8
旅游卫视,http://124.231.212.230:9999/tsfile/live/0114_1.m3u8
旅游卫视,http://58.19.43.46:9901/tsfile/live/1005_1.m3u8
旅游卫视,http://119.125.134.185:9902/tsfile/live/0114_1.m3u8
旅游卫视,http://163.177.122.122:9901/tsfile/live/1083_1.m3u8
旅游卫视,http://163.177.122.71:9901/tsfile/live/1083_1.m3u8
海峡卫视,http://114.105.187.147:9901/tsfile/live/1006_1.m3u8
海峡卫视,http://117.27.190.42:9998/tsfile/live/23283_1.m3u8
综合卫视,http://163.177.122.71:9901/tsfile/live/1086_1.m3u8
综合卫视,http://163.177.122.122:9901/tsfile/live/1086_1.m3u8
辽林卫视,http://14.204.53.128:9901/tsfile/live/1004_1.m3u8
辽林卫视,http://220.164.192.48:50085/tsfile/live/0132_1.m3u8
黑龙江卫视+,http://113.15.184.196:8181/tsfile/live/0143_2.m3u8
黑龙江卫视+,http://113.15.185.150:8181/tsfile/live/0143_2.m3u8
黑龙江卫视+,http://222.218.159.253:8181/tsfile/live/0143_2.m3u8
黑龙江卫视+,http://222.218.158.25:8181/tsfile/live/0143_2.m3u8
双峰综合,http://124.231.212.230:9999/tsfile/live/1087_1.m3u8
娄底公共,http://124.231.212.230:9999/tsfile/live/1089_1.m3u8
娄底教育,http://124.231.212.230:9999/tsfile/live/1090_1.m3u8
娄底综合,http://124.231.212.230:9999/tsfile/live/1088_1.m3u8
怀化公共,http://111.8.242.126:9999/tsfile/live/1004_1.m3u8
怀化综合,http://111.8.242.126:9999/tsfile/live/1006_1.m3u8
永州新闻综合,http://222.243.221.54:9901/tsfile/live/1005_1.m3u8
永州新闻综合,http://218.77.81.186:9901/tsfile/live/1005_1.m3u8
湖南,http://113.236.17.12:9901/tsfile/live/1143_1.m3u8
湖南,http://113.236.31.149:9901/tsfile/live/1143_1.m3u8
湖南,http://61.243.161.199:9901/tsfile/live/1143_1.m3u8
湖南导视,http://111.8.242.126:9999/tsfile/live/1017_1.m3u8
湖南导视,http://124.231.212.230:9999/tsfile/live/1085_1.m3u8
溆浦时政,http://111.8.242.126:9999/tsfile/live/1005_1.m3u8
花鼓戏,http://111.8.242.126:9999/tsfile/live/1076_1.m3u8
金鹰动画,http://123.161.202.170:9901/tsfile/live/1011_1.m3u8
长沙,http://111.8.242.126:9999/tsfile/live/1077_1.m3u8
CHC,http://113.195.5.165:9901/tsfile/live/1039_1.m3u8
CHC影院,http://113.195.5.165:9901/tsfile/live/1046_1.m3u8
动作影院,http://182.32.204.113:3217/tsfile/live/1093_1.m3u8
动作影院,http://183.66.13.82:60033/tsfile/live/0110_2.m3u8
动作影院,http://183.66.15.146:60901/tsfile/live/0110_2.m3u8
喜剧影院,http://182.32.204.113:3217/tsfile/live/1092_1.m3u8
喜剧影院,http://183.66.13.82:60033/tsfile/live/0109_2.m3u8
喜剧影院,http://144.52.160.109:9901/tsfile/live/1076_1.m3u8
重温经典,http://114.105.187.147:9901/tsfile/live/1000_1.m3u8
重温经典,http://111.8.242.126:9999/tsfile/live/1054_1.m3u8
重温经典,http://124.231.212.230:9999/tsfile/live/1111_1.m3u8
吉林市1,http://61.138.128.226:19901/tsfile/live/1011_1.m3u8
潍坊1,http://182.32.204.113:3217/tsfile/live/1103_1.m3u8
SCTV2,http://61.157.139.15:9901/tsfile/live/2416_1.m3u8
吉林市2,http://61.138.128.226:19901/tsfile/live/1012_1.m3u8
天津2,http://111.160.17.2:59901/tsfile/live/0001_23.m3u8
梅州2,http://163.177.122.122:9901/tsfile/live/1003_1.m3u8
梅州2,http://163.177.122.71:9901/tsfile/live/1003_1.m3u8
江西2,http://113.195.5.165:9901/tsfile/live/1064_1.m3u8
潍坊2,http://182.32.204.113:3217/tsfile/live/1104_1.m3u8
电影2,http://163.177.122.122:9901/tsfile/live/1043_1.m3u8
电影2,http://163.177.122.71:9901/tsfile/live/1043_1.m3u8
SCTV3,http://61.157.139.15:9901/tsfile/live/2417_1.m3u8
吉林市3,http://61.138.128.226:19901/tsfile/live/1013_1.m3u8
天津3,http://111.160.17.2:59901/tsfile/live/0001_24.m3u8
4K超,http://119.125.134.176:9901/tsfile/live/1022_1.m3u8
中国教育CETV4,http://101.74.31.52:9901/tsfile/live/1010_1.m3u8
中国教育CETV4,http://101.74.31.69:9901/tsfile/live/1010_1.m3u8
中国教育CETV4,http://101.74.28.105:9901/tsfile/live/1010_1.m3u8
中国教育CETV4,http://101.74.28.50:9901/tsfile/live/1010_1.m3u8
江西4,http://113.195.5.165:9901/tsfile/live/1066_1.m3u8
5+体育赛事,http://114.105.187.147:9901/tsfile/live/1040_1.m3u8
IPTV5,http://115.48.60.104:9901/tsfile/live/0110_1.m3u8
IPTV5,http://115.48.63.125:9901/tsfile/live/0110_1.m3u8
IPTV5,http://115.48.63.37:9901/tsfile/live/0110_1.m3u8
IPTV5,http://115.48.61.211:9901/tsfile/live/0110_1.m3u8
IPTV5,http://115.48.61.111:9901/tsfile/live/0110_1.m3u8
IPTV5,http://115.48.61.41:9901/tsfile/live/0110_1.m3u8
IPTV5,http://115.48.63.221:9901/tsfile/live/0110_1.m3u8
IPTV5,http://115.48.62.70:9901/tsfile/live/0110_1.m3u8
IPTV5,http://115.48.62.82:9901/tsfile/live/0110_1.m3u8
体育5+,http://171.117.241.88:9901/tsfile/live/1000_1.m3u8
江西5,http://113.195.5.165:9901/tsfile/live/1067_1.m3u8
IPTV6,http://115.48.60.104:9901/tsfile/live/0140_1.m3u8
IPTV6,http://115.48.63.37:9901/tsfile/live/0140_1.m3u8
IPTV6,http://115.48.61.111:9901/tsfile/live/0140_1.m3u8
IPTV6,http://115.48.63.221:9901/tsfile/live/0140_1.m3u8
IPTV6,http://115.48.62.70:9901/tsfile/live/0140_1.m3u8
IPTV6,http://115.48.62.82:9901/tsfile/live/0140_1.m3u8
IPTV6,http://115.48.61.41:9901/tsfile/live/0140_1.m3u8
IPTV6,http://115.48.63.125:9901/tsfile/live/0140_1.m3u8
IPTV6+,http://110.7.130.51:8096/tsfile/live/1010_1.m3u8
IPTV6+,http://124.227.113.96:9901/tsfile/live/0007_1.m3u8
IPTV6+,http://110.7.130.91:8096/tsfile/live/1010_1.m3u8
IPTV6+,http://110.7.129.116:8096/tsfile/live/1010_1.m3u8
IPTV6+,http://110.7.130.134:8096/tsfile/live/1010_1.m3u8
IPTV6+,http://110.7.130.44:8096/tsfile/live/1010_1.m3u8
IPTV6+,http://110.7.128.156:8096/tsfile/live/1010_1.m3u8
IPTV6+,http://110.7.129.204:8096/tsfile/live/1010_1.m3u8
江西6,http://113.195.5.165:9901/tsfile/live/1068_1.m3u8
江西7,http://113.195.5.165:9901/tsfile/live/1069_1.m3u8
IPTV8,http://115.48.63.37:9901/tsfile/live/0141_1.m3u8
IPTV8,http://115.48.60.104:9901/tsfile/live/0141_1.m3u8
IPTV8,http://115.48.62.82:9901/tsfile/live/0141_1.m3u8
IPTV8,http://115.48.62.70:9901/tsfile/live/0141_1.m3u8
IPTV8,http://115.48.61.41:9901/tsfile/live/0141_1.m3u8
IPTV8,http://115.48.63.125:9901/tsfile/live/0141_1.m3u8
IPTV8,http://115.48.63.221:9901/tsfile/live/0141_1.m3u8
IPTV8,http://115.48.61.211:9901/tsfile/live/0141_1.m3u8
江西8,http://113.195.5.165:9901/tsfile/live/1070_1.m3u8
测试9,http://113.195.5.165:9901/tsfile/live/1076_1.m3u8
测试11B,http://171.110.42.238:8181/tsfile/live/1063_1.m3u8
测试11B,http://222.217.230.193:8181/tsfile/live/1063_1.m3u8
测试11B,http://222.217.230.195:8181/tsfile/live/1063_1.m3u8
测试11B,http://171.110.42.239:8181/tsfile/live/1063_1.m3u8
测试11B,http://222.217.230.192:8181/tsfile/live/1063_1.m3u8
测试12（B）,http://222.217.230.195:8181/tsfile/live/1064_1.m3u8
测试12（B）,http://222.217.230.192:8181/tsfile/live/1064_1.m3u8
测试12（B）,http://171.110.42.238:8181/tsfile/live/1064_1.m3u8
测试12（B）,http://222.217.230.193:8181/tsfile/live/1064_1.m3u8
测试12（B）,http://171.110.42.239:8181/tsfile/live/1064_1.m3u8
珠江台13（B）,http://171.110.42.239:8181/tsfile/live/1065_1.m3u8
珠江台13（B）,http://222.217.230.195:8181/tsfile/live/1065_1.m3u8
珠江台13（B）,http://171.110.42.238:8181/tsfile/live/1065_1.m3u8
珠江台13（B）,http://222.217.230.193:8181/tsfile/live/1065_1.m3u8
珠江台13（B）,http://222.217.230.192:8181/tsfile/live/1065_1.m3u8
牛歌台14（B）,http://222.217.230.192:8181/tsfile/live/1066_1.m3u8
牛歌台14（B）,http://171.110.42.239:8181/tsfile/live/1066_1.m3u8
牛歌台14（B）,http://222.217.230.195:8181/tsfile/live/1066_1.m3u8
牛歌台14（B）,http://171.110.42.238:8181/tsfile/live/1066_1.m3u8
牛歌台14（B）,http://222.217.230.193:8181/tsfile/live/1066_1.m3u8
测试16（B）,http://222.217.230.192:8181/tsfile/live/1068_1.m3u8
测试16（B）,http://222.217.230.195:8181/tsfile/live/1068_1.m3u8
测试16（B）,http://171.110.42.239:8181/tsfile/live/1068_1.m3u8
测试16（B）,http://171.110.42.238:8181/tsfile/live/1068_1.m3u8
测试16（B）,http://222.217.230.193:8181/tsfile/live/1068_1.m3u8
山歌台17（B）,http://171.110.42.239:8181/tsfile/live/1069_1.m3u8
山歌台17（B）,http://222.217.230.193:8181/tsfile/live/1069_1.m3u8
山歌台17（B）,http://171.110.42.238:8181/tsfile/live/1069_1.m3u8
山歌台17（B）,http://222.217.230.192:8181/tsfile/live/1069_1.m3u8
山歌台17（B）,http://222.217.230.195:8181/tsfile/live/1069_1.m3u8
广东体育18（B）,http://222.217.230.195:8181/tsfile/live/1070_1.m3u8
广东体育18（B）,http://222.217.230.193:8181/tsfile/live/1070_1.m3u8
广东体育18（B）,http://171.110.42.239:8181/tsfile/live/1070_1.m3u8
广东体育18（B）,http://222.217.230.192:8181/tsfile/live/1070_1.m3u8
牛哥台215（B）,http://222.217.230.195:8181/tsfile/live/1067_1.m3u8
牛哥台215（B）,http://222.217.230.192:8181/tsfile/live/1067_1.m3u8
牛哥台215（B）,http://171.110.42.239:8181/tsfile/live/1067_1.m3u8
牛哥台215（B）,http://171.110.42.238:8181/tsfile/live/1067_1.m3u8
牛哥台215（B）,http://222.217.230.193:8181/tsfile/live/1067_1.m3u8
BTV卡通,http://58.19.43.46:9901/tsfile/live/1001_1.m3u8
BTV卡通,http://183.94.1.118:8801/tsfile/live/1001_1.m3u8
CCTN,http://163.177.122.71:9901/tsfile/live/1037_1.m3u8
CCTN,http://163.177.122.122:9901/tsfile/live/1037_1.m3u8
CETV,http://223.166.234.149:7777/tsfile/live/1041_1.m3u8
CETV,http://223.166.234.114:7777/tsfile/live/1041_1.m3u8
ICS,http://223.166.234.19:7777/tsfile/live/1032_1.m3u8
ICS,http://223.166.234.114:7777/tsfile/live/1032_1.m3u8
IPTV体育,http://118.248.216.151:8088/tsfile/live/0131_2.m3u8
kaku少儿,http://106.118.70.215:9901/tsfile/live/1012_1.m3u8
三明综合,http://117.27.190.42:9998/tsfile/live/23298_1.m3u8
上海,http://113.236.31.149:9901/tsfile/live/1133_1.m3u8
上海,http://113.236.17.12:9901/tsfile/live/1133_1.m3u8
上海,http://61.243.161.199:9901/tsfile/live/1133_1.m3u8
东北戏曲,http://175.20.235.74:9901/tsfile/live/1023_1.m3u8
东北戏曲,http://61.138.128.226:19901/tsfile/live/1007_1.m3u8
东南,http://61.243.161.199:9901/tsfile/live/1147_1.m3u8
东南,http://113.236.17.12:9901/tsfile/live/1147_1.m3u8
东南,http://113.236.31.149:9901/tsfile/live/1147_1.m3u8
中华特产,http://124.231.212.230:9999/tsfile/live/1112_1.m3u8
中国教育电视,http://61.138.128.226:19901/tsfile/live/1021_1.m3u8
中国气象,http://113.15.184.196:8181/tsfile/live/1015_1.m3u8
中国气象,http://113.15.185.150:8181/tsfile/live/1015_1.m3u8
中国气象,http://219.159.194.18:8181/tsfile/live/1015_1.m3u8
中心医院,http://111.9.163.109:9901/tsfile/live/1003_1.m3u8
临沂农科,http://112.234.21.109:9901/tsfile/live/1019_1.m3u8
临沂农科,http://144.52.160.109:9901/tsfile/live/1060_1.m3u8
临沂图文,http://112.234.21.109:9901/tsfile/live/1016_1.m3u8
临沂导视,http://112.234.21.109:9901/tsfile/live/1038_1.m3u8
临沂综合,http://144.52.160.109:9901/tsfile/live/1058_1.m3u8
乡村,http://182.113.7.123:9901/tsfile/live/0017_2.m3u8
书画,http://111.8.242.126:9999/tsfile/live/1044_1.m3u8
书画,http://114.105.187.147:9901/tsfile/live/1053_1.m3u8
五华台,http://163.177.122.122:9901/tsfile/live/1000_1.m3u8
五华台,http://163.177.122.71:9901/tsfile/live/1000_1.m3u8
五华影视,http://163.177.122.71:9901/tsfile/live/1001_1.m3u8
五华影视,http://163.177.122.122:9901/tsfile/live/1001_1.m3u8
亳州综合,http://114.105.187.147:9901/tsfile/live/1031_1.m3u8
佳佳动画,http://123.161.202.170:9901/tsfile/live/1012_1.m3u8
光影,http://182.32.204.113:3217/tsfile/live/1095_1.m3u8
公共,http://182.113.7.123:9901/tsfile/live/0017_1.m3u8
公共,http://114.105.187.147:9901/tsfile/live/1014_1.m3u8
公共,http://171.14.89.182:9901/tsfile/live/1025_1.m3u8
公共,http://119.62.11.48:9901/tsfile/live/0128_1.m3u8
公共,http://119.62.57.128:9901/tsfile/live/0128_1.m3u8
公共,http://119.62.57.129:9901/tsfile/live/0128_1.m3u8
公共,http://119.62.57.8:9901/tsfile/live/0128_1.m3u8
公共,http://119.62.59.201:9901/tsfile/live/0128_1.m3u8
公共,http://123.161.202.170:9901/tsfile/live/1005_1.m3u8
公共,http://220.164.192.48:50085/tsfile/live/1002_1.m3u8
公共,http://119.62.80.45:9901/tsfile/live/0128_1.m3u8
公共,http://123.7.110.43:9901/tsfile/live/0124_1.m3u8
公共,http://14.204.53.128:9901/tsfile/live/1002_1.m3u8
兰陵公共,http://112.234.21.109:9901/tsfile/live/0113_1.m3u8
兰陵导视,http://112.234.21.109:9901/tsfile/live/1024_1.m3u8
兰陵综合,http://112.234.21.109:9901/tsfile/live/1022_1.m3u8
内蒙古,http://163.177.122.71:9901/tsfile/live/1080_1.m3u8
内蒙古,http://163.177.122.122:9901/tsfile/live/1080_1.m3u8
内蒙古,http://119.125.134.176:9901/tsfile/live/1020_1.m3u8
内蒙古,http://110.7.128.156:8096/tsfile/live/0018_1.m3u8
内蒙古,http://110.7.130.44:8096/tsfile/live/0018_1.m3u8
内蒙古,http://110.7.129.116:8096/tsfile/live/0018_1.m3u8
内蒙古,http://110.7.130.91:8096/tsfile/live/0018_1.m3u8
内蒙古,http://120.238.94.10:9901/tsfile/live/1072_1.m3u8
内蒙古,http://110.7.129.204:8096/tsfile/live/0018_1.m3u8
内蒙古,http://110.7.130.51:8096/tsfile/live/0018_1.m3u8
内蒙古,http://220.164.192.48:50085/tsfile/live/0109_1.m3u8
冬奥纪实,http://121.19.134.222:808/tsfile/live/1036_1.m3u8
动漫剧场,http://111.8.242.126:9999/tsfile/live/1051_1.m3u8
动画,http://182.32.204.113:3217/tsfile/live/1100_1.m3u8
北京,http://61.243.161.199:9901/tsfile/live/1151_1.m3u8
北京,http://113.236.17.12:9901/tsfile/live/1151_1.m3u8
北京,http://113.236.31.149:9901/tsfile/live/1151_1.m3u8
北京卡通,http://115.48.60.104:9901/tsfile/live/1020_1.m3u8
北京卡通,http://171.14.89.69:9901/tsfile/live/1021_1.m3u8
北京卡通,http://115.48.63.221:9901/tsfile/live/1020_1.m3u8
北京卡通,http://115.48.63.37:9901/tsfile/live/1020_1.m3u8
北京卡通,http://115.48.62.82:9901/tsfile/live/1020_1.m3u8
北京卡通,http://115.48.62.70:9901/tsfile/live/1020_1.m3u8
北京卡通,http://115.48.63.125:9901/tsfile/live/1020_1.m3u8
北京卡通,http://115.48.61.41:9901/tsfile/live/1020_1.m3u8
北京卡通,http://119.62.57.128:9901/tsfile/live/1008_1.m3u8
北京卡通,http://119.62.57.129:9901/tsfile/live/1008_1.m3u8
北京卡通,http://119.62.57.8:9901/tsfile/live/1008_1.m3u8
北京卡通,http://119.62.11.48:9901/tsfile/live/1008_1.m3u8
北京卡通,http://119.62.59.201:9901/tsfile/live/1008_1.m3u8
北京卡通,http://119.62.80.45:9901/tsfile/live/1008_1.m3u8
北京卡通,http://221.213.69.82:9901/tsfile/live/1007_1.m3u8
北京国际,http://114.105.187.147:9901/tsfile/live/0110_1.m3u8
北流台,http://171.110.42.239:8181/tsfile/live/1084_1.m3u8
北流台,http://222.217.230.192:8181/tsfile/live/1084_1.m3u8
北流台,http://222.217.230.193:8181/tsfile/live/1084_1.m3u8
北流台,http://171.110.42.238:8181/tsfile/live/1084_1.m3u8
北流台,http://222.217.230.195:8181/tsfile/live/1084_1.m3u8
南宁影视,http://222.218.159.253:8181/tsfile/live/1013_1.m3u8
南宁影视,http://113.15.185.150:8181/tsfile/live/1013_1.m3u8
南宁影视,http://219.159.194.18:8181/tsfile/live/1013_1.m3u8
南宁影视,http://222.218.158.25:8181/tsfile/live/1013_1.m3u8
南宁影视,http://113.15.184.196:8181/tsfile/live/1013_1.m3u8
南宁综合,http://113.15.185.150:8181/tsfile/live/0143_1.m3u8
南宁综合,http://219.159.194.18:8181/tsfile/live/0143_1.m3u8
南宁综合,http://219.159.194.213:8181/tsfile/live/0143_1.m3u8
南宁综合,http://113.15.184.196:8181/tsfile/live/0143_1.m3u8
南平综合,http://117.27.190.42:9998/tsfile/live/23295_1.m3u8
南方一,http://163.177.122.71:9901/tsfile/live/1013_1.m3u8
南方一,http://163.177.122.122:9901/tsfile/live/1013_1.m3u8
南方一,http://120.238.94.10:9901/tsfile/live/1014_1.m3u8
南方二,http://163.177.122.71:9901/tsfile/live/1014_1.m3u8
南方二,http://120.238.94.10:9901/tsfile/live/1015_1.m3u8
南方二,http://163.177.122.122:9901/tsfile/live/1014_1.m3u8
南方五,http://163.177.122.122:9901/tsfile/live/1016_1.m3u8
南方五,http://163.177.122.71:9901/tsfile/live/1016_1.m3u8
南方五,http://120.238.94.10:9901/tsfile/live/1017_1.m3u8
南方四,http://163.177.122.71:9901/tsfile/live/1015_1.m3u8
南方四,http://163.177.122.122:9901/tsfile/live/1015_1.m3u8
南方四,http://120.238.94.10:9901/tsfile/live/1016_1.m3u8
卡酷,http://111.160.17.2:59901/tsfile/live/0001_30.m3u8
卢龙电视,http://106.118.70.215:9901/tsfile/live/1016_1.m3u8
吉林,http://113.236.17.12:9901/tsfile/live/1042_1.m3u8
吉林,http://113.236.31.149:9901/tsfile/live/1042_1.m3u8
吉林,http://61.243.161.199:9901/tsfile/live/1042_1.m3u8
吉林市新闻,http://175.20.235.74:9901/tsfile/live/1025_1.m3u8
吉林教育,http://61.138.128.226:19901/tsfile/live/1009_1.m3u8
吉林教育,http://222.169.85.8:9901/tsfile/live/1000_1.m3u8
吉视乡村,http://61.138.128.226:19901/tsfile/live/1003_1.m3u8
吉视乡村,http://175.20.235.74:9901/tsfile/live/1020_1.m3u8
吉视公共,http://175.20.235.74:9901/tsfile/live/1021_1.m3u8
吉视公共新闻,http://61.138.128.226:19901/tsfile/live/1004_1.m3u8
吉视影视,http://61.138.128.226:19901/tsfile/live/1001_1.m3u8
吉视生活,http://175.20.235.74:9901/tsfile/live/1018_1.m3u8
吉视生活,http://61.138.128.226:19901/tsfile/live/1002_1.m3u8
吉视综艺文化,http://61.138.128.226:19901/tsfile/live/1005_1.m3u8
吉视都市,http://61.138.128.226:19901/tsfile/live/1000_1.m3u8
唐山影视,http://106.118.70.215:9901/tsfile/live/1010_1.m3u8
唐山新闻,http://106.118.70.215:9901/tsfile/live/1009_1.m3u8
四川,http://113.236.31.149:9901/tsfile/live/1130_1.m3u8
四川,http://113.236.17.12:9901/tsfile/live/1130_1.m3u8
四川,http://61.243.161.199:9901/tsfile/live/1130_1.m3u8
四川影视,http://118.122.189.74:9901/tsfile/live/0123_4.m3u8
四川文化旅游,http://218.89.240.144:59901/tsfile/live/1007_1.m3u8
四川新闻,http://118.122.189.74:9901/tsfile/live/0123_3.m3u8
四川新闻,http://218.89.240.144:59901/tsfile/live/1006_1.m3u8
四川经济,http://118.122.189.74:9901/tsfile/live/0123_2.m3u8
四海钓鱼,http://114.105.187.147:9901/tsfile/live/1060_1.m3u8
四海钓鱼,http://113.195.5.165:9901/tsfile/live/1091_1.m3u8
四海钓鱼,http://111.8.242.126:9999/tsfile/live/1078_1.m3u8
国防军事,http://163.177.122.71:9901/tsfile/live/1101_1.m3u8
国防军事,http://163.177.122.122:9901/tsfile/live/1101_1.m3u8
地理世界,http://163.177.122.122:9901/tsfile/live/1096_1.m3u8
地理世界,http://163.177.122.71:9901/tsfile/live/1096_1.m3u8
地理世界,http://112.234.21.109:9901/tsfile/live/1032_1.m3u8
地理世界,http://120.238.94.10:9901/tsfile/live/1088_1.m3u8
墨宝,http://182.32.204.113:3217/tsfile/live/1094_1.m3u8
央视文化,http://163.177.122.71:9901/tsfile/live/1100_1.m3u8
央视文化,http://163.177.122.122:9901/tsfile/live/1100_1.m3u8
央视文化,http://120.238.94.10:9901/tsfile/live/1092_1.m3u8
好享购物,http://58.221.214.82:9901/tsfile/live/0011_2.m3u8
好学生,http://182.32.204.113:3217/tsfile/live/1091_1.m3u8
娱乐,http://14.204.53.128:9901/tsfile/live/1000_1.m3u8
娱乐,http://220.164.192.48:50085/tsfile/live/1000_1.m3u8
孝义电视,http://118.77.152.195:9901/tsfile/live/1005_1.m3u8
宁德综合,http://117.27.190.42:9998/tsfile/live/23296_1.m3u8
安徽,http://113.236.17.12:9901/tsfile/live/1152_1.m3u8
安徽,http://113.236.31.149:9901/tsfile/live/1152_1.m3u8
安徽,http://61.243.161.199:9901/tsfile/live/1152_1.m3u8
安徽公共,http://223.241.247.214:9901/tsfile/live/1003_1.m3u8
安徽科教,http://114.105.187.147:9901/tsfile/live/1017_1.m3u8
安徽经济,http://114.105.187.147:9901/tsfile/live/1045_1.m3u8
安阳公共,http://115.48.63.221:9901/tsfile/live/1016_1.m3u8
安阳公共,http://115.48.61.41:9901/tsfile/live/1016_1.m3u8
安阳公共,http://115.48.62.70:9901/tsfile/live/1016_1.m3u8
安阳公共,http://115.48.62.82:9901/tsfile/live/1016_1.m3u8
安阳新闻综合,http://115.48.62.82:9901/tsfile/live/1014_1.m3u8
安阳新闻综合,http://115.48.60.104:9901/tsfile/live/1014_1.m3u8
安阳新闻综合,http://115.48.62.70:9901/tsfile/live/1014_1.m3u8
安阳新闻综合,http://115.48.63.125:9901/tsfile/live/1014_1.m3u8
安阳新闻综合,http://115.48.61.41:9901/tsfile/live/1014_1.m3u8
安阳新闻综合,http://115.48.63.221:9901/tsfile/live/1014_1.m3u8
安阳新闻综合,http://115.48.63.37:9901/tsfile/live/1014_1.m3u8
安阳新闻综合,http://115.48.61.211:9901/tsfile/live/1014_1.m3u8
安阳科教,http://115.48.60.104:9901/tsfile/live/1017_1.m3u8
安阳科教,http://115.48.63.125:9901/tsfile/live/1017_1.m3u8
安阳科教,http://115.48.61.41:9901/tsfile/live/1017_1.m3u8
安阳科教,http://115.48.62.70:9901/tsfile/live/1017_1.m3u8
安阳科教,http://115.48.63.37:9901/tsfile/live/1017_1.m3u8
安阳科教,http://115.48.63.221:9901/tsfile/live/1017_1.m3u8
安阳科教,http://115.48.62.82:9901/tsfile/live/1017_1.m3u8
客家生活,http://119.125.134.176:9901/tsfile/live/1005_1.m3u8
家庭理财,http://124.231.212.230:9999/tsfile/live/1117_1.m3u8
家庭理财,http://112.234.21.109:9901/tsfile/live/1035_1.m3u8
少人,http://220.164.192.48:50085/tsfile/live/0124_1.m3u8
少儿,http://14.204.53.128:9901/tsfile/live/1003_1.m3u8
少儿动漫,http://118.77.152.195:9901/tsfile/live/1002_1.m3u8
少儿动漫,http://118.77.152.185:9901/tsfile/live/1002_1.m3u8
山东,http://113.236.31.149:9901/tsfile/live/1134_1.m3u8
山东,http://113.236.17.12:9901/tsfile/live/1134_1.m3u8
山东,http://61.243.161.199:9901/tsfile/live/1134_1.m3u8
山东公共,http://182.32.204.113:3217/tsfile/live/1021_1.m3u8
山东影视,http://112.234.21.109:9901/tsfile/live/1001_1.m3u8
山西公共,http://113.25.252.226:9901/tsfile/live/0109_1.m3u8
山西公共,http://118.77.152.195:9901/tsfile/live/1001_1.m3u8
峨眉电影,http://218.89.240.144:59901/tsfile/live/1011_1.m3u8
峨眉电影,http://61.157.139.15:9901/tsfile/live/2396_1.m3u8
广东佳嘉卡通,http://163.177.122.75:9901/tsfile/live/1027_1.m3u8
广东公共,http://113.15.185.150:8181/tsfile/live/1002_1.m3u8
广东公共,http://219.159.194.252:8181/tsfile/live/1002_1.m3u8
广东公共,http://163.177.122.122:9901/tsfile/live/1010_1.m3u8
广东公共,http://163.177.122.71:9901/tsfile/live/1010_1.m3u8
广东公共,http://219.159.194.213:8181/tsfile/live/1002_1.m3u8
广东公共,http://119.125.134.185:9902/tsfile/live/1012_1.m3u8
广东公共,http://219.159.194.18:8181/tsfile/live/1002_1.m3u8
广东公共,http://163.177.122.75:9901/tsfile/live/1003_1.m3u8
广东公共,http://113.15.184.196:8181/tsfile/live/1002_1.m3u8
广东公共,http://120.238.94.10:9901/tsfile/live/1011_1.m3u8
广东南方购物,http://163.177.122.75:9901/tsfile/live/1069_1.m3u8
广东科教,http://113.15.184.196:8181/tsfile/live/1003_1.m3u8
广东科教,http://113.15.185.150:8181/tsfile/live/1003_1.m3u8
广东科教,http://219.159.194.18:8181/tsfile/live/1003_1.m3u8
广东科教,http://222.217.230.193:8181/tsfile/live/1027_1.m3u8
广东科教,http://222.217.230.192:8181/tsfile/live/1027_1.m3u8
广东科教,http://171.110.42.239:8181/tsfile/live/1027_1.m3u8
广东科教,http://171.110.42.238:8181/tsfile/live/1027_1.m3u8
广东科教,http://222.217.230.195:8181/tsfile/live/1027_1.m3u8
广州台,http://222.217.230.193:8181/tsfile/live/1016_1.m3u8
广州台,http://222.217.230.195:8181/tsfile/live/1016_1.m3u8
广州台,http://171.110.42.239:8181/tsfile/live/1016_1.m3u8
广州台,http://171.110.42.238:8181/tsfile/live/1016_1.m3u8
广州台,http://222.217.230.192:8181/tsfile/live/1016_1.m3u8
广西公共,http://116.9.204.242:9901/tsfile/live/1003_1.m3u8
广西影视,http://222.217.230.193:8181/tsfile/live/1059_1.m3u8
广西影视,http://171.110.42.239:8181/tsfile/live/1059_1.m3u8
广西影视,http://171.110.42.238:8181/tsfile/live/1059_1.m3u8
广西影视,http://222.217.230.195:8181/tsfile/live/1059_1.m3u8
广西影视,http://219.159.194.18:8181/tsfile/live/1009_1.m3u8
广西影视,http://116.9.204.242:9901/tsfile/live/0124_1.m3u8
广西影视,http://113.15.184.196:8181/tsfile/live/1009_1.m3u8
广西影视,http://113.15.185.150:8181/tsfile/live/1009_1.m3u8
广西影视,http://222.217.230.192:8181/tsfile/live/1059_1.m3u8
广西旅游,http://116.9.204.242:9901/tsfile/live/0125_1.m3u8
广西综艺,http://171.110.42.239:8181/tsfile/live/1055_1.m3u8
广西综艺,http://113.15.185.150:8181/tsfile/live/1010_1.m3u8
广西综艺,http://171.110.42.238:8181/tsfile/live/1055_1.m3u8
广西综艺,http://222.217.230.193:8181/tsfile/live/1055_1.m3u8
广西综艺,http://222.217.230.192:8181/tsfile/live/1055_1.m3u8
广西综艺,http://222.217.230.195:8181/tsfile/live/1055_1.m3u8
广西综艺,http://219.159.194.18:8181/tsfile/live/1010_1.m3u8
广西综艺,http://113.15.184.196:8181/tsfile/live/1010_1.m3u8
广西综艺,http://222.218.158.25:8181/tsfile/live/1010_1.m3u8
广西都市,http://113.15.184.196:8181/tsfile/live/1011_1.m3u8
广西都市,http://113.15.185.150:8181/tsfile/live/1011_1.m3u8
广西都市,http://171.110.42.239:8181/tsfile/live/1056_1.m3u8
广西都市,http://222.217.230.193:8181/tsfile/live/1056_1.m3u8
广西都市,http://219.159.194.18:8181/tsfile/live/1011_1.m3u8
广西都市,http://222.217.230.192:8181/tsfile/live/1056_1.m3u8
广西都市,http://171.110.42.238:8181/tsfile/live/1056_1.m3u8
广西都市,http://116.9.204.242:9901/tsfile/live/1002_1.m3u8
广西都市,http://222.217.230.195:8181/tsfile/live/1056_1.m3u8
影视,http://14.204.53.128:9901/tsfile/live/1001_1.m3u8
影视,http://220.164.192.48:50085/tsfile/live/1001_1.m3u8
惠州,http://163.177.122.71:9901/tsfile/live/1106_1.m3u8
惠州,http://163.177.122.122:9901/tsfile/live/1106_1.m3u8
惠州公共,http://120.238.94.10:9901/tsfile/live/1013_1.m3u8
戏曲,http://182.32.204.113:3217/tsfile/live/1096_1.m3u8
成都少儿,http://218.89.240.144:59901/tsfile/live/1005_1.m3u8
成都经济,http://218.89.240.144:59901/tsfile/live/1004_1.m3u8
抚宁电视,http://106.118.70.215:9901/tsfile/live/1015_1.m3u8
教育一套,http://222.218.159.183:8181/tsfile/live/1017_1.m3u8
教育一套,http://113.15.184.196:8181/tsfile/live/1017_1.m3u8
教育一套,http://113.15.185.150:8181/tsfile/live/1017_1.m3u8
教育一套,http://219.159.194.18:8181/tsfile/live/1017_1.m3u8
文化旅游,http://182.32.204.113:3217/tsfile/live/1001_1.m3u8
新视觉,http://119.125.134.185:9902/tsfile/live/1057_1.m3u8
新闻,http://182.113.7.123:9901/tsfile/live/0109_7.m3u8
新闻,http://123.161.202.170:9901/tsfile/live/1004_1.m3u8
新闻,http://123.7.110.43:9901/tsfile/live/1030_1.m3u8
昌黎电视,http://106.118.70.215:9901/tsfile/live/1014_1.m3u8
星影,http://182.32.204.113:3217/tsfile/live/1089_1.m3u8
本地台,http://163.177.122.122:9901/tsfile/live/1004_1.m3u8
梁山综合,http://111.14.181.15:9901/tsfile/live/1011_1.m3u8
梅州,http://163.177.122.122:9901/tsfile/live/1002_1.m3u8
梅州,http://163.177.122.71:9901/tsfile/live/1002_1.m3u8
武侠剧场,http://182.32.204.113:3217/tsfile/live/1086_1.m3u8
武术,http://182.113.7.123:9901/tsfile/live/0122_1.m3u8
武术,http://182.32.204.113:3217/tsfile/live/1098_1.m3u8
民生,http://182.113.7.123:9901/tsfile/live/0109_4.m3u8
民生,http://123.161.202.170:9901/tsfile/live/1001_1.m3u8
民生,http://123.7.110.43:9901/tsfile/live/1027_1.m3u8
江苏,http://61.243.161.199:9901/tsfile/live/1140_1.m3u8
江苏,http://113.236.31.149:9901/tsfile/live/1140_1.m3u8
江苏,http://113.236.17.12:9901/tsfile/live/1140_1.m3u8
江苏公共新闻,http://58.221.214.82:9901/tsfile/live/0009_2.m3u8
江苏国际,http://114.105.187.147:9901/tsfile/live/1018_1.m3u8
江苏综艺,http://58.221.214.82:9901/tsfile/live/0005_2.m3u8
汽摩,http://114.105.187.147:9901/tsfile/live/1003_1.m3u8
河北公共,http://106.118.70.215:9901/tsfile/live/1004_1.m3u8
河北少儿,http://106.118.70.215:9901/tsfile/live/1003_1.m3u8
河北少儿,http://121.19.134.139:808/tsfile/live/1003_1.m3u8
河北影视,http://101.74.31.52:9901/tsfile/live/1004_1.m3u8
河北影视,http://106.118.70.215:9901/tsfile/live/1002_1.m3u8
河北影视,http://101.74.31.69:9901/tsfile/live/1004_1.m3u8
河北科教,http://101.74.28.50:9901/tsfile/live/0136_1.m3u8
河北科教,http://101.74.31.52:9901/tsfile/live/0136_1.m3u8
河北经济,http://101.74.28.105:9901/tsfile/live/1006_1.m3u8
河南公共,http://182.117.198.1:9901/tsfile/live/1025_1.m3u8
河南公共,http://115.48.60.104:9901/tsfile/live/1012_1.m3u8
河南公共,http://115.48.61.41:9901/tsfile/live/1012_1.m3u8
河南公共,http://115.48.63.125:9901/tsfile/live/1012_1.m3u8
河南公共,http://115.48.62.82:9901/tsfile/live/1012_1.m3u8
河南公共,http://115.48.62.70:9901/tsfile/live/1012_1.m3u8
河南公共,http://115.48.63.221:9901/tsfile/live/1012_1.m3u8
河南国际,http://171.14.89.69:9901/tsfile/live/1018_1.m3u8
河南新农村,http://115.48.61.41:9901/tsfile/live/1013_1.m3u8
河南新农村,http://115.48.62.82:9901/tsfile/live/1013_1.m3u8
河南新农村,http://115.48.60.104:9901/tsfile/live/1013_1.m3u8
河南新农村,http://115.48.61.211:9901/tsfile/live/1013_1.m3u8
河南新农村,http://115.48.63.125:9901/tsfile/live/1013_1.m3u8
河南新农村,http://115.48.62.70:9901/tsfile/live/1013_1.m3u8
河南新农村,http://115.48.63.221:9901/tsfile/live/1013_1.m3u8
河南新闻,http://182.117.198.1:9901/tsfile/live/1023_1.m3u8
河南新闻,http://115.48.60.104:9901/tsfile/live/1011_1.m3u8
河南新闻,http://115.48.63.125:9901/tsfile/live/1011_1.m3u8
河南新闻,http://115.48.61.41:9901/tsfile/live/1011_1.m3u8
河南新闻,http://115.48.62.70:9901/tsfile/live/1011_1.m3u8
河南新闻,http://115.48.62.82:9901/tsfile/live/1011_1.m3u8
河南新闻,http://115.48.63.221:9901/tsfile/live/1011_1.m3u8
河南新闻,http://1.198.10.32:9901/tsfile/live/1006_1.m3u8
河南法制,http://115.48.61.41:9901/tsfile/live/1009_1.m3u8
河南法制,http://182.117.198.1:9901/tsfile/live/1021_1.m3u8
河南法制,http://115.48.60.104:9901/tsfile/live/1009_1.m3u8
河南法制,http://115.48.63.125:9901/tsfile/live/1009_1.m3u8
河南法制,http://115.48.63.221:9901/tsfile/live/1009_1.m3u8
河南法制,http://115.48.62.82:9901/tsfile/live/1009_1.m3u8
河南法制,http://115.48.62.70:9901/tsfile/live/1009_1.m3u8
河南法制,http://115.48.63.37:9901/tsfile/live/1009_1.m3u8
河南电视剧,http://182.117.198.1:9901/tsfile/live/1022_1.m3u8
河南电视剧,http://115.48.60.104:9901/tsfile/live/1010_1.m3u8
河南电视剧,http://115.48.62.82:9901/tsfile/live/1010_1.m3u8
河南电视剧,http://115.48.63.125:9901/tsfile/live/1010_1.m3u8
河南电视剧,http://115.48.63.37:9901/tsfile/live/1010_1.m3u8
河南电视剧,http://115.48.61.41:9901/tsfile/live/1010_1.m3u8
河南电视剧,http://115.48.62.70:9901/tsfile/live/1010_1.m3u8
泉州综合,http://117.27.190.42:9998/tsfile/live/23300_1.m3u8
法制,http://123.7.110.43:9901/tsfile/live/1028_1.m3u8
法制,http://123.161.202.170:9901/tsfile/live/1002_1.m3u8
法制天地,http://61.173.144.157:9901/tsfile/live/1006_1.m3u8
测试,http://163.177.122.122:9901/tsfile/live/1053_1.m3u8
测试,http://111.8.242.126:9999/tsfile/live/1018_1.m3u8
测试,http://163.177.122.122:9901/tsfile/live/1047_1.m3u8
测试,http://163.177.122.122:9901/tsfile/live/1044_1.m3u8
测试,http://163.177.122.71:9901/tsfile/live/1053_1.m3u8
测试,http://163.177.122.71:9901/tsfile/live/1047_1.m3u8
测试,http://163.177.122.71:9901/tsfile/live/1018_1.m3u8
测试,http://163.177.122.71:9901/tsfile/live/1044_1.m3u8
测试,http://163.177.122.122:9901/tsfile/live/1018_1.m3u8
测试一,http://124.231.212.230:9999/tsfile/live/1105_1.m3u8
测试二,http://124.231.212.230:9999/tsfile/live/1106_1.m3u8
浙江,http://113.236.31.149:9901/tsfile/live/1128_1.m3u8
浙江,http://113.236.17.12:9901/tsfile/live/1128_1.m3u8
浙江,http://61.243.161.199:9901/tsfile/live/1128_1.m3u8
海看大片,http://182.32.204.113:3217/tsfile/live/1105_1.m3u8
深圳,http://113.236.17.12:9901/tsfile/live/1132_1.m3u8
深圳,http://61.243.161.199:9901/tsfile/live/1132_1.m3u8
深圳国际,http://114.105.187.147:9901/tsfile/live/1051_1.m3u8
湖北,http://113.236.31.149:9901/tsfile/live/1144_1.m3u8
湖北,http://113.236.17.12:9901/tsfile/live/1144_1.m3u8
湖北,http://61.243.161.199:9901/tsfile/live/1144_1.m3u8
湖北电视,http://58.53.152.198:9901/tsfile/live/1014_1.m3u8
滦南电视,http://106.118.70.215:9901/tsfile/live/1017_1.m3u8
滦州电视,http://106.118.70.215:9901/tsfile/live/1018_1.m3u8
漳州综合,http://117.27.190.42:9998/tsfile/live/23303_1.m3u8
潍坊综合,http://182.32.204.113:3217/tsfile/live/1102_1.m3u8
澜湄国际,http://114.105.187.147:9901/tsfile/live/1050_1.m3u8
熊猫,http://119.125.134.185:9902/tsfile/live/1054_1.m3u8
玉林公共,http://222.217.230.193:8181/tsfile/live/1031_1.m3u8
玉林公共,http://171.110.42.239:8181/tsfile/live/1031_1.m3u8
玉林公共,http://222.217.230.195:8181/tsfile/live/1031_1.m3u8
玉林公共,http://171.110.42.238:8181/tsfile/live/1031_1.m3u8
玉林公共,http://222.217.230.192:8181/tsfile/live/1031_1.m3u8
玉林综合,http://222.217.230.195:8181/tsfile/live/1009_1.m3u8
玉林综合,http://171.110.42.239:8181/tsfile/live/1009_1.m3u8
玉林综合,http://222.217.230.193:8181/tsfile/live/1009_1.m3u8
玉林综合,http://171.110.42.238:8181/tsfile/live/1009_1.m3u8
玉林综合,http://222.217.230.192:8181/tsfile/live/1009_1.m3u8
电影,http://113.236.17.12:9901/tsfile/live/1104_1.m3u8
电影,http://182.32.204.113:3217/tsfile/live/1005_1.m3u8
电影,http://113.15.184.196:8181/tsfile/live/1020_1.m3u8
电影,http://219.159.194.213:8181/tsfile/live/1020_1.m3u8
电影,http://219.159.194.18:8181/tsfile/live/1020_1.m3u8
电影,http://113.236.31.149:9901/tsfile/live/1104_1.m3u8
电影,http://61.243.161.199:9901/tsfile/live/1104_1.m3u8
电影,http://113.15.185.150:8181/tsfile/live/1020_1.m3u8
电视剧,http://182.113.7.123:9901/tsfile/live/0109_6.m3u8
电视剧,http://123.161.202.170:9901/tsfile/live/1003_1.m3u8
电视剧,http://123.7.110.43:9901/tsfile/live/1029_1.m3u8
电视剧轮播,http://118.77.152.185:9901/tsfile/live/0131_1.m3u8
电视剧轮播,http://118.77.152.195:9901/tsfile/live/0131_1.m3u8
百姓调解,http://1.197.252.119:9901/tsfile/live/1015_1.m3u8
百姓调解,http://1.197.252.234:9901/tsfile/live/1015_1.m3u8
相声小品,http://115.48.62.82:9901/tsfile/live/1034_1.m3u8
相声小品,http://163.177.122.122:9901/tsfile/live/1089_1.m3u8
相声小品,http://115.48.60.104:9901/tsfile/live/1034_1.m3u8
相声小品,http://115.48.62.70:9901/tsfile/live/1034_1.m3u8
相声小品,http://115.48.63.37:9901/tsfile/live/1034_1.m3u8
相声小品,http://115.48.63.221:9901/tsfile/live/1034_1.m3u8
相声小品,http://115.48.61.41:9901/tsfile/live/1034_1.m3u8
相声小品,http://163.177.122.71:9901/tsfile/live/1089_1.m3u8
相声小品,http://115.48.63.125:9901/tsfile/live/1034_1.m3u8
相声小品,http://115.48.61.111:9901/tsfile/live/1034_1.m3u8
社会与法,http://118.77.152.195:9901/tsfile/live/1004_1.m3u8
社会与法,http://118.77.152.185:9901/tsfile/live/1004_1.m3u8
福建东南,http://115.48.60.104:9901/tsfile/live/1018_1.m3u8
福建东南,http://115.48.62.70:9901/tsfile/live/1018_1.m3u8
福建东南,http://115.48.62.82:9901/tsfile/live/1018_1.m3u8
福建东南,http://115.48.61.211:9901/tsfile/live/1018_1.m3u8
福建东南,http://115.48.63.125:9901/tsfile/live/1018_1.m3u8
福建东南,http://115.48.63.221:9901/tsfile/live/1018_1.m3u8
福建东南,http://115.48.61.41:9901/tsfile/live/1018_1.m3u8
福建东南,http://1.198.10.32:9901/tsfile/live/1014_1.m3u8
科教,http://171.14.89.182:9901/tsfile/live/1026_1.m3u8
秦皇岛影视,http://106.118.70.215:9901/tsfile/live/1008_1.m3u8
移动电视,http://113.236.31.149:9901/tsfile/live/1025_1.m3u8
移动电视,http://113.236.17.12:9901/tsfile/live/1025_1.m3u8
移动电视,http://61.243.161.199:9901/tsfile/live/1025_1.m3u8
精彩影视,http://144.52.160.109:9901/tsfile/live/1074_1.m3u8
精彩影视,http://111.160.17.2:59901/tsfile/live/0001_27.m3u8
精选,http://182.32.204.113:3217/tsfile/live/1085_1.m3u8
纪实科教,http://223.166.234.114:7777/tsfile/live/1043_1.m3u8
综艺,http://114.105.187.147:9901/tsfile/live/1015_1.m3u8
老故事,http://114.105.187.147:9901/tsfile/live/1001_1.m3u8
老故事,http://119.125.134.176:9901/tsfile/live/1025_1.m3u8
舒兰,http://175.20.235.74:9901/tsfile/live/1026_1.m3u8
许昌综合,http://182.117.198.1:9901/tsfile/live/1032_1.m3u8
调解剧场,http://123.161.202.170:9901/tsfile/live/1014_1.m3u8
谍战剧场,http://163.177.122.122:9901/tsfile/live/1048_1.m3u8
谍战剧场,http://183.136.148.214:9901/tsfile/live/1009_1.m3u8
谍战剧场,http://115.48.62.70:9901/tsfile/live/1033_1.m3u8
谍战剧场,http://115.48.63.221:9901/tsfile/live/1033_1.m3u8
谍战剧场,http://115.48.61.111:9901/tsfile/live/1033_1.m3u8
谍战剧场,http://115.48.60.104:9901/tsfile/live/1033_1.m3u8
谍战剧场,http://115.48.62.82:9901/tsfile/live/1033_1.m3u8
谍战剧场,http://115.48.63.37:9901/tsfile/live/1033_1.m3u8
谍战剧场,http://115.48.61.41:9901/tsfile/live/1033_1.m3u8
谍战剧场,http://115.48.61.211:9901/tsfile/live/1033_1.m3u8
谍战剧场,http://163.177.122.71:9901/tsfile/live/1048_1.m3u8
谍战剧场,http://115.48.63.125:9901/tsfile/live/1033_1.m3u8
财富天下,http://58.221.214.82:9901/tsfile/live/0014_2.m3u8
财富天下,http://163.177.122.75:9901/tsfile/live/1077_1.m3u8
财富天下,http://119.125.134.176:9901/tsfile/live/1021_1.m3u8
财富天下,http://223.166.234.114:7777/tsfile/live/1040_1.m3u8
财富天下,http://124.231.212.230:9999/tsfile/live/1107_1.m3u8
足球,http://58.19.43.46:9901/tsfile/live/1019_1.m3u8
郑州影视戏曲,http://123.161.202.170:9901/tsfile/live/1008_1.m3u8
郑州都市生活,http://123.161.202.170:9901/tsfile/live/1009_1.m3u8
都市,http://182.113.7.123:9901/tsfile/live/0109_3.m3u8
都市,http://223.166.234.114:7777/tsfile/live/1026_1.m3u8
都市,http://223.166.234.19:7777/tsfile/live/1026_1.m3u8
都市,http://223.166.234.215:7777/tsfile/live/1026_1.m3u8
都市,http://123.161.202.170:9901/tsfile/live/1000_1.m3u8
都市,http://123.7.110.43:9901/tsfile/live/1026_1.m3u8
都市,http://14.204.53.128:9901/tsfile/live/0019_1.m3u8
都市,http://220.164.192.48:50085/tsfile/live/0119_1.m3u8
重庆,http://113.236.17.12:9901/tsfile/live/1127_1.m3u8
重庆,http://113.236.31.149:9901/tsfile/live/1127_1.m3u8
重庆,http://61.243.161.199:9901/tsfile/live/1127_1.m3u8
重庆娱乐,http://183.66.13.82:60033/tsfile/live/1000_1.m3u8
重庆影视,http://183.66.13.82:60033/tsfile/live/0019_1.m3u8
重庆新农村,http://183.66.13.82:60033/tsfile/live/1002_1.m3u8
重庆社会与法,http://183.66.13.82:60033/tsfile/live/1001_1.m3u8
重庆科教,http://183.66.13.82:60033/tsfile/live/1003_1.m3u8
野外,http://120.238.94.10:9901/tsfile/live/1103_1.m3u8
鉴赏,http://182.32.204.113:3217/tsfile/live/1088_1.m3u8
钱江,http://183.136.148.214:9901/tsfile/live/1007_1.m3u8
长影,http://175.20.235.74:9901/tsfile/live/1024_1.m3u8
长影,http://125.32.182.146:9901/tsfile/live/0013_2.m3u8
长影,http://61.138.128.226:19901/tsfile/live/1010_1.m3u8
长影,http://175.16.180.250:9901/tsfile/live/0013_2.m3u8
马鞍山公共,http://223.241.247.214:9901/tsfile/live/0017_1.m3u8
魅力音乐,http://125.43.245.50:9901/tsfile/live/1000_1.m3u8
魅力音乐,http://125.43.253.231:9901/tsfile/live/1000_1.m3u8
魅力音乐,http://125.43.241.34:9901/tsfile/live/1000_1.m3u8
黄河电视,http://118.77.152.195:9901/tsfile/live/1006_1.m3u8
黑龙江,http://113.236.17.12:9901/tsfile/live/1145_1.m3u8
黑龙江,http://113.236.31.149:9901/tsfile/live/1145_1.m3u8
黑龙江,http://61.243.161.199:9901/tsfile/live/1145_1.m3u8
黑龙江,http://14.204.53.128:9901/tsfile/live/1005_1.m3u8
黑龙江,http://220.164.192.48:50085/tsfile/live/0138_1.m3u8
黑龙江公共,http://112.101.78.50:9901/tsfile/live/1006_1.m3u8
齐鲁,http://144.52.160.109:9901/tsfile/live/1018_1.m3u8
龙岩综合,http://117.27.190.42:9998/tsfile/live/23297_1.m3u8
28 AI 智慧赛马,http://aktv.top/AKTV/live/aktv/28ai/AKTV.m3u8
Channel 5,http://aktv.top/AKTV/live/aktv/channel5hd/AKTV.m3u8
Channel 8,http://aktv.top/AKTV/live/aktv/channel8hd/AKTV.m3u8
Channel U,http://aktv.top/AKTV/live/aktv/channeluhd/AKTV.m3u8
myTV SUPER 18,http://aktv.top/AKTV/live/aktv/mytvsuper18/AKTV.m3u8
PopC,http://aktv.top/AKTV/live/aktv/popc/AKTV.m3u8
ROCK Action,http://aktv.top/AKTV/live/aktv/rockaction/AKTV.m3u8
TVB Plus,http://aktv.top/AKTV/live/aktv/tvbplus/AKTV.m3u8
TVBS,http://aktv.top/AKTV/live/aktv/tvbs/AKTV.m3u8
tvN,http://aktv.top/AKTV/live/aktv/tvn/AKTV.m3u8
中视,http://aktv.top/AKTV/live/aktv/null-10/AKTV.m3u8
娱乐新闻,http://aktv.top/AKTV/live/aktv/hk/AKTV.m3u8
日本全天新闻,http://aktv.top/AKTV/live/aktv/null-13/AKTV.m3u8
明珠剧集,http://aktv.top/AKTV/live/aktv/null-19/AKTV.m3u8
翡翠剧集,http://aktv.top/AKTV/live/aktv/null-18/AKTV.m3u8
翡翠综合,http://aktv.top/AKTV/live/aktv/null-17/AKTV.m3u8
华视,http://aktv.top/AKTV/live/aktv/null-11/AKTV.m3u8
黄金翡翠,http://aktv.top/AKTV/live/aktv/null-21/AKTV.m3u8
龙华日韩,http://aktv.top/AKTV/live/aktv/null-22/AKTV.m3u8
龙华经典,http://aktv.top/AKTV/live/aktv/null-7/AKTV.m3u8
AXN,http://aktv.top/AKTV/live/aktv2/axn/AKTV.m3u8
i-Fun 动漫,http://aktv.top/AKTV/live/aktv2/ifun/AKTV.m3u8
Love Nature,http://aktv.top/AKTV/live/aktv2/lovenaturehd/AKTV.m3u8
viutv 99,http://aktv.top/AKTV/live/aktv2/viutv99/AKTV.m3u8
viutv6 96,http://aktv.top/AKTV/live/aktv2/viutv696/AKTV.m3u8
Animax,http://aktv.top/AKTV/live/aktv3/animaxhk/AKTV.m3u8
Astro AEC,http://aktv.top/AKTV/live/aktv3/astroaec/AKTV.m3u8
Astro iQIYI,http://aktv.top/AKTV/live/aktv3/astroiqiyi/AKTV.m3u8
Astro Xing He,http://aktv.top/AKTV/live/aktv3/astroxinghe/AKTV.m3u8
DW,http://aktv.top/AKTV/live/aktv3/dw/AKTV.m3u8
France 24,http://aktv.top/AKTV/live/aktv3/france24/AKTV.m3u8
KIX,http://aktv.top/AKTV/live/aktv3/kix/AKTV.m3u8
Love Nature,http://aktv.top/AKTV/live/aktv3/lovenaturehd/AKTV.m3u8
NHK World-Japan,http://aktv.top/AKTV/live/aktv3/nhkworldjapan/AKTV.m3u8
NHK东京総合,http://aktv.top/AKTV/live/aktv3/nhk/AKTV.m3u8
Nick Jr,http://aktv.top/AKTV/live/aktv3/nickjr/AKTV.m3u8
Nickelodeon,http://aktv.top/AKTV/live/aktv3/nickelodeon/AKTV.m3u8
ZooMoo,http://aktv.top/AKTV/live/aktv3/zoomoo/AKTV.m3u8
东方卫视国际频道,http://aktv.top/AKTV/live/aktv3/null/AKTV.m3u8
无线卫星新闻,http://aktv.top/AKTV/live/aktv3/null-2/AKTV.m3u8
◆◆◆　https://live.zbds.top/tv/iptv4.txt
CCTV2,http://112.27.235.94:8000/hls/2/index.m3u8
支持作者,https://vd2.bdstatic.com/mda-sctj0f6r4u1bpebc/1080p/cae_h264/1774706523506678171/mda-sctj0f6r4u1bpebc.mp4
农林卫视,http://124.116.183.146:9901/tsfile/live/1004_1.m3u8?key=txiptv&playlive=1&authid=0
电影丧尸片,http://live.metshop.top/huya/21059578?cdn=alicdn
电影八点档,http://live.metshop.top/huya/880261?cdn=alicdn
电影刘德华,http://live.metshop.top/huya/11342424?cdn=alicdn
电影嫣然影厅,http://live.metshop.top/huya/11601977?cdn=alicdn
电影战争片,http://live.metshop.top/huya/21059574?cdn=alicdn
电影搞笑喜剧,http://live.metshop.top/huya/11342423?cdn=alicdn
电影梁家辉,http://live.metshop.top/huya/11342429?cdn=alicdn
电影犯罪片,http://live.metshop.top/huya/11352974?cdn=alicdn
电影蜘蛛侠,http://live.metshop.top/huya/21059599?cdn=alicdn
电影谍战,http://live.metshop.top/huya/21059585?cdn=alicdn
电影贺岁,http://live.metshop.top/huya/11601971?cdn=alicdn
万荣综合,http://60.222.246.220:19433/hls1.m3u8
上虞新商都,http://l.cztvcloud.com/channels/lantian/SXshangyu3/720p.m3u8
云霄综合,http://live.zzyxxw.com:85/live/xwzh.m3u8
伊犁哈萨克,http://110.153.180.106:55555/out_3/index.m3u8
余姚新闻综合,http://l.cztvcloud.com/channels/lantian/SXyuyao1/720p.m3u8?cWlkPSZzPTg3OWMwYmMyZDMzYTFhZGY3NDQxMjgyYTg1MmUzNTY0JmVzPTE3MDY2Nzc4NzMmdXVpZD0yMjdiY2MzNGNiNGY0MThlYjRiY2IxYzcwNmZjODNkMS02NzQ3NDY2NyZ2PTImYXM9MCZjZG5leF9pZD10eF9waG9uZV9saXZl
兵团五师双河新闻综合,http://liveout.btzx.com.cn/62ds9e/4nxdih.m3u8?fbl=
大宁综合,http://live.daningtv.com/aac_dngb/playlist.m3u8
太谷新闻综合,https://p2.vzan.com/slowlive/596867413819827251/live.m3u8?zbid=1725814272&amp;tpid=1516989100&amp;type=0
夹江新闻综合,http://tvfile.jjrm.org.cn/nmip-media/channellive/channel106282/playlist.m3u8?zsicd
常熟民生,http://3gvod.zjgonline.com.cn:1935/live/_definst_/shehuishenghuo_app/chunklist.m3u8
广安公共,http://live1.gatv.com.cn:85/live/GGPD.m3u8
延边2,http://stream5.jlntv.cn/wq/playlist.m3u8
德惠综合,http://stream11.jlntv.cn/dehuitv/sd/live.m3u8
怀仁综合,https://1yp7hc5p.live.sxmty.com/live/hls/bff8529922344209985b6e49baa9555a/efa2543628fc4a7ea93d3d6c975f77dc-1.m3u8
文成综合,http://l.cztvcloud.com/channels/lantian/SXwencheng1/720p.m3u8?zzhed
柳河综合,http://stream3.jlntv.cn:80/aac_lhgb/sd/live.m3u8
泸县新闻综合,http://lxfile.lxxcb.cn:80/nmip-media/channellive/channel103799/playlist.m3u8
泸县新闻综合,http://lxfile.lxxcb.cn/nmip-media/channellive/channel103799/playlist.m3u8
泸县新闻综合,http://lxfile.lxxcb.cn/nmip-media/channellive/channel103799/playlist.m3u8?zsicd
浙江留学,http://ali-vl.cztv.com/channels/lantian/channel009/360p.m3u8
滨海新闻综合,http://traffic.jbh.tjbh.com/live/bhtv10/playlist.m3u8
甘孜综合,http://tv.drs.ganzitv.com:8100/channellive/gztv.flv
磐石综合,http://stream3.jlntv.cn:80/aac_psgb/sd/live.m3u8
荥阳综合,http://tvpull.dxhmt.cn:9081/tv/10182-1.m3u8?wsSecret=df15530a0abec41b14bca00fc96270d1&wsTime=1654956569
荥阳综合,http://tvpull.dxhmt.cn:9081/tv/10182-1.m3u8?zhend
人与自然,http://newcntv.qcloudcdn.com/asp/hls/1200/0303000a/3/default/1425e1d505654cb48ba82b807b221193/1200.m3u8
兵团五师双河影,https://liveout.btzx.com.cn/62ds9e/6o77s4.m3u8?zxinjd
珲春新闻,http://stream8.jlntv.cn/hctv/sd/live.m3u8?zjild
白山公共,http://stream8.jlntv.cn/baishan2/playlist.m3u8?zjild
通化县,http://stream5.jlntv.cn/thx/sd/live.m3u8?zjild
AMC音乐,https://AMChls.wns.live/hls/stream.m3u8
◆◆◆　https://raw.githubusercontent.com/altn2025/iptv/main/iptv.m3u
翡翠台 (源1),http://php.jdshipin.com/TVOD/iptv.php?id=fct3
TVB J1 (源1),http://php.jdshipin.com/TVOD/iptv.php?id=j1
TVB J1 (源2),http://php.jdshipin.com/TVOD/iptv.php?id=tvbj1
TVB Plus (源2),http://php.jdshipin.com/TVOD/iptv.php?id=tvbp
TVB千禧经典,http://php.jdshipin.com/smt.php?id=Tvbclassic
HOY TV (源2),http://php.jdshipin.com/TVOD/iptv.php?id=hoytv2
中天娱乐,http://61.221.215.25:8800/hls/47/index.m3u8
动物星球,http://61.221.215.25:8800/hls/57/index.m3u8
非凡新闻,rtmp://f13h.mine.nu/sat/tv581
TVBS Asia,http://38.64.72.148/hls/modn/list/4005/playlist.m3u8
台视新闻,http://38.64.72.148:80/hls/modn/list/4013/chunklist1.m3u8
HBO (VPN),http://125.227.210.55:8153/VideoInput/play.ts
Cinemax (VPN),http://125.227.210.55:8151/VideoInput/play.ts
卡通频道 (VPN),http://125.227.210.55:8167/VideoInput/play.ts
TVBS (VPN),http://125.227.210.55:8188/VideoInput/play.ts
TVBS新闻台 (VPN),http://125.227.210.55:8186/VideoInput/play.ts
TVBS欢乐台 (VPN),http://125.227.210.55:8187/VideoInput/play.ts
BBC News,https://b638a299.wurl.com/master/f36d25e7e52f1ba8d7e56eb859c636563214f541/Vml6aW9fQkJDTmV3c19ITFM/playlist.m3u8
CNN International,https://ds2c506obo7m8.cloudfront.net/v1/master/3722c60a815c199d9c0ef36c5b73da68a62b09d1/cc-7zjq3tdqasbg8/index.m3u8
ABC News Live,https://aegis-cloudfront-1.tubi.video/33c5cde2-7a0c-4dd4-8dd2-edd99dbf1427/index.m3u8
CBS News 24/7,https://cbsn-us.cbsnstream.cbsnews.com/out/v1/55a8648e8f134e82a470f83d562deeca/master.m3u8
NBC News NOW,https://plex-xumoent-nbcnn-x17gi.fast.nbcuni.com/live/master.m3u8
LiveNow from Fox,https://d3tlzddkbbpp5n.cloudfront.net/v1/master/3722c60a815c199d9c0ef36c5b73da68a62b09d1/cc-9uzjfw11uj9nn/LiveNOW_from_FOX.m3u8
Sky News,https://d25w9q07b2mtmw.cloudfront.net/live/master.m3u8
ABC News Australia,https://abc-news-dmd-streams-1.akamaized.net/out/v1/701126012d044971b3fa89406a440133/index.m3u8
CBC News,https://amg00788-cbc-amg00788c4-xumo-us-3045.playouts.now.amagi.tv/master.m3u8
Reuters TV,https://amg00453-reuters-amg00453c1-xumo-us-2073.playouts.now.amagi.tv/reuters-reuters-hls/playlist.m3u8
Euronews,https://aegis-cloudfront-1.tubi.video/4748bce1-cc5e-471f-a922-bcf11fece245/index.m3u8
Al Jazeera English,https://live-hls-web-aje-fa.getaj.net/AJE/index.m3u8
NHK World Japan,https://nhkwlive-ojp.nhkworld.jp/hls/live/2003459/nhkwlive-ojp-en/index.m3u8
Bloomberg TV,https://bloomberg-bloombergtv-5-eu.plex.wurl.tv/playlist.m3u8
France 24,https://amg00106-france24-amg00106c1-plex-us-6491.playouts.now.amagi.tv/playlist.m3u8
BBC News (360p),https://b638a299.wurl.com/manifest/f36d25e7e52f1ba8d7e56eb859c636563214f541/Vml6aW9fQkJDTmV3c19ITFM/d1ee66fb-71e5-408d-945a-31ae598fd476/2.m3u8
BBC News (540p),https://b638a299.wurl.com/manifest/f36d25e7e52f1ba8d7e56eb859c636563214f541/Vml6aW9fQkJDTmV3c19ITFM/d1ee66fb-71e5-408d-945a-31ae598fd476/3.m3u8
BBC News (720p),https://b638a299.wurl.com/manifest/f36d25e7e52f1ba8d7e56eb859c636563214f541/Vml6aW9fQkJDTmV3c19ITFM/d1ee66fb-71e5-408d-945a-31ae598fd476/4.m3u8
BBC News (1080p),https://b638a299.wurl.com/manifest/f36d25e7e52f1ba8d7e56eb859c636563214f541/Vml6aW9fQkJDTmV3c19ITFM/d1ee66fb-71e5-408d-945a-31ae598fd476/5.m3u8
CNN International (360p),https://ds2c506obo7m8.cloudfront.net/v1/manifest/3722c60a815c199d9c0ef36c5b73da68a62b09d1/cc-7zjq3tdqasbg8/51afc09f-23c7-44d8-b866-8c4669d00460/3.m3u8
CNN International (540p),https://ds2c506obo7m8.cloudfront.net/v1/manifest/3722c60a815c199d9c0ef36c5b73da68a62b09d1/cc-7zjq3tdqasbg8/51afc09f-23c7-44d8-b866-8c4669d00460/2.m3u8
CNN International (720p),https://ds2c506obo7m8.cloudfront.net/v1/manifest/3722c60a815c199d9c0ef36c5b73da68a62b09d1/cc-7zjq3tdqasbg8/51afc09f-23c7-44d8-b866-8c4669d00460/1.m3u8
CNN International (1080p),https://ds2c506obo7m8.cloudfront.net/v1/manifest/3722c60a815c199d9c0ef36c5b73da68a62b09d1/cc-7zjq3tdqasbg8/51afc09f-23c7-44d8-b866-8c4669d00460/0.m3u8
ABC News Live (240p),https://aegis-cloudfront-1.tubi.video/9d419cbd-86b2-4f8f-be44-98e043f297cc/index_2.m3u8
ABC News Live (360p),https://aegis-cloudfront-1.tubi.video/9d419cbd-86b2-4f8f-be44-98e043f297cc/index_3.m3u8
ABC News Live (480p),https://aegis-cloudfront-1.tubi.video/9d419cbd-86b2-4f8f-be44-98e043f297cc/index_4.m3u8
ABC News Live (720p),https://aegis-cloudfront-1.tubi.video/9d419cbd-86b2-4f8f-be44-98e043f297cc/index_1.m3u8
CBS News 24/7 (360p),https://cbsn-us.cbsnstream.cbsnews.com/out/v1/55a8648e8f134e82a470f83d562deeca/master_21.m3u8
CBS News 24/7 (540p),https://cbsn-us.cbsnstream.cbsnews.com/out/v1/55a8648e8f134e82a470f83d562deeca/master_22.m3u8
CBS News 24/7 (720p),https://cbsn-us.cbsnstream.cbsnews.com/out/v1/55a8648e8f134e82a470f83d562deeca/master_24.m3u8
NBC News NOW (240p),https://plex-xumoent-nbcnn-x17gi.fast.nbcuni.com/live/master_6.m3u8
NBC News NOW (360p),https://plex-xumoent-nbcnn-x17gi.fast.nbcuni.com/live/master_2.m3u8
NBC News NOW (432p),https://plex-xumoent-nbcnn-x17gi.fast.nbcuni.com/live/master_1.m3u8
NBC News NOW (720p),https://plex-xumoent-nbcnn-x17gi.fast.nbcuni.com/live/master_4.m3u8
NBC News NOW (1080p),https://plex-xumoent-nbcnn-x17gi.fast.nbcuni.com/live/master_5.m3u8
LiveNow from Fox (360p),https://d3tlzddkbbpp5n.cloudfront.net/v1/manifest/3722c60a815c199d9c0ef36c5b73da68a62b09d1/cc-9uzjfw11uj9nn/b3bd0bc8-906e-470e-8f4a-94558dfb0442/0.m3u8
LiveNow from Fox (480p),https://d3tlzddkbbpp5n.cloudfront.net/v1/manifest/3722c60a815c199d9c0ef36c5b73da68a62b09d1/cc-9uzjfw11uj9nn/b3bd0bc8-906e-470e-8f4a-94558dfb0442/1.m3u8
LiveNow from Fox (720p),https://d3tlzddkbbpp5n.cloudfront.net/v1/manifest/3722c60a815c199d9c0ef36c5b73da68a62b09d1/cc-9uzjfw11uj9nn/b3bd0bc8-906e-470e-8f4a-94558dfb0442/2.m3u8
LiveNow from Fox (1080p),https://d3tlzddkbbpp5n.cloudfront.net/v1/manifest/3722c60a815c199d9c0ef36c5b73da68a62b09d1/cc-9uzjfw11uj9nn/b3bd0bc8-906e-470e-8f4a-94558dfb0442/3.m3u8
Sky News (216p),https://d25w9q07b2mtmw.cloudfront.net/live/master_6.m3u8
Sky News (360p),https://d25w9q07b2mtmw.cloudfront.net/live/master_2.m3u8
Sky News (432p),https://d25w9q07b2mtmw.cloudfront.net/live/master_1.m3u8
Sky News (720p),https://d25w9q07b2mtmw.cloudfront.net/live/master_4.m3u8
Sky News (1080p),https://d25w9q07b2mtmw.cloudfront.net/live/master_5.m3u8
ABC News Australia (360p),https://abc-news-dmd-streams-1.akamaized.net/out/v1/701126012d044971b3fa89406a440133/index_7.m3u8
ABC News Australia (576p),https://abc-news-dmd-streams-1.akamaized.net/out/v1/701126012d044971b3fa89406a440133/index_6.m3u8
ABC News Australia (720p),https://abc-news-dmd-streams-1.akamaized.net/out/v1/701126012d044971b3fa89406a440133/index_5.m3u8
CBC News (240p),https://amg00788-cbc-amg00788c4-xumo-us-3045.playouts.now.amagi.tv/master240P.m3u8
CBC News (360p),https://amg00788-cbc-amg00788c4-xumo-us-3045.playouts.now.amagi.tv/master360P.m3u8
CBC News (480p),https://amg00788-cbc-amg00788c4-xumo-us-3045.playouts.now.amagi.tv/master480P.m3u8
CBC News (576p),https://amg00788-cbc-amg00788c4-xumo-us-3045.playouts.now.amagi.tv/master576P.m3u8
CBC News (720p),https://amg00788-cbc-amg00788c4-xumo-us-3045.playouts.now.amagi.tv/master720p.m3u8
CBC News (1080p),https://amg00788-cbc-amg00788c4-xumo-us-3045.playouts.now.amagi.tv/master1080P.m3u8
Reuters TV (240p),https://amg00453-reuters-amg00453c1-xumo-us-2073.playouts.now.amagi.tv/reuters-reuters-hls/playlist240P.m3u8
Reuters TV (360p),https://amg00453-reuters-amg00453c1-xumo-us-2073.playouts.now.amagi.tv/reuters-reuters-hls/playlist360P.m3u8
Reuters TV (480p),https://amg00453-reuters-amg00453c1-xumo-us-2073.playouts.now.amagi.tv/reuters-reuters-hls/playlist480P.m3u8
Reuters TV (576p),https://amg00453-reuters-amg00453c1-xumo-us-2073.playouts.now.amagi.tv/reuters-reuters-hls/playlist576P.m3u8
Reuters TV (720p),https://amg00453-reuters-amg00453c1-xumo-us-2073.playouts.now.amagi.tv/reuters-reuters-hls/playlist720p.m3u8
Reuters TV (1080p),https://amg00453-reuters-amg00453c1-xumo-us-2073.playouts.now.amagi.tv/reuters-reuters-hls/playlist1080P.m3u8
Euronews (240p),https://aegis-cloudfront-1.tubi.video/91f019ef-08a3-4379-9bc3-5080ef53813a/euronews-en-avc1_250000=1-mp4a_143200_eng=2.m3u8
Euronews (360p),https://aegis-cloudfront-1.tubi.video/91f019ef-08a3-4379-9bc3-5080ef53813a/euronews-en-avc1_360000=3-mp4a_143200_eng=2.m3u8
Euronews (480p),https://aegis-cloudfront-1.tubi.video/91f019ef-08a3-4379-9bc3-5080ef53813a/euronews-en-avc1_480000=4-mp4a_143200_eng=2.m3u8
Euronews (576p),https://aegis-cloudfront-1.tubi.video/91f019ef-08a3-4379-9bc3-5080ef53813a/euronews-en-avc1_900000=5-mp4a_143200_eng=2.m3u8
Euronews (720p),https://aegis-cloudfront-1.tubi.video/91f019ef-08a3-4379-9bc3-5080ef53813a/euronews-en-avc1_3300000=7-mp4a_143200_eng=2.m3u8
Al Jazeera English (360p),https://live-hls-web-aje-fa.getaj.net/AJE/05.m3u8
Al Jazeera English (420p),https://live-hls-web-aje-fa.getaj.net/AJE/04.m3u8
Al Jazeera English (540p),https://live-hls-web-aje-fa.getaj.net/AJE/03.m3u8
Al Jazeera English (720p),https://live-hls-web-aje-fa.getaj.net/AJE/02.m3u8
Al Jazeera English (1080p),https://live-hls-web-aje-fa.getaj.net/AJE/01.m3u8
NHK World Japan (360p),https://nhkwlive-ojp.nhkworld.jp/hls/live/2003459/nhkwlive-ojp-en/index_600k.m3u8
NHK World Japan (720p),https://nhkwlive-ojp.nhkworld.jp/hls/live/2003459/nhkwlive-ojp-en/index_2M.m3u8
NHK World Japan (1080p),https://nhkwlive-ojp.nhkworld.jp/hls/live/2003459/nhkwlive-ojp-en/index_4M.m3u8
Bloomberg TV (272p),https://bloomberg-bloombergtv-5-eu.plex.wurl.tv/c2270dd8b41c6356dc14fae747a32c29.m3u8
Bloomberg TV (360p),https://bloomberg-bloombergtv-5-eu.plex.wurl.tv/170f2f717127ac5dc8bbb9f4c8445c51.m3u8
Bloomberg TV (720p),https://bloomberg-bloombergtv-5-eu.plex.wurl.tv/6b37746aa01646b6e8bcdbf391371600.m3u8
Bloomberg TV (1080p),https://bloomberg-bloombergtv-5-eu.plex.wurl.tv/3ea2c48ba0034cc276591c94a5b439c0.m3u8
France 24 (360p),https://amg00106-france24-amg00106c1-plex-us-6491.playouts.now.amagi.tv/360p/index.m3u8
France 24 (480p),https://amg00106-france24-amg00106c1-plex-us-6491.playouts.now.amagi.tv/480p/index.m3u8
France 24 (720p),https://amg00106-france24-amg00106c1-plex-us-6491.playouts.now.amagi.tv/720p/index.m3u8
France 24 (1080p),https://amg00106-france24-amg00106c1-plex-us-6491.playouts.now.amagi.tv/1080p/index.m3u8
Vevo '70s,https://dlpg8tl1ugdoo.cloudfront.net/v1/master/3722c60a815c199d9c0ef36c5b73da68a62b09d1/cc-u38d4zi2bpmec/Vevo_70s.m3u8?ads.device_did=%7BPSID%7D&ads.device_dnt=%7BTARGETOPT%7D&ads.us_privacy=1YNY&ads.app_domain=%7BAPP_DOMAIN%7D&ads.app_name=%7BAPP_NAME%7D&ads.ssai_vendor=SSSLIVE&ads.service_id=USBD300011KQ
Vevo '80s,https://d17i214xp3vw8a.cloudfront.net/v1/master/3722c60a815c199d9c0ef36c5b73da68a62b09d1/cc-5vjb8mjxp73gd/Vevo_80s.m3u8?ads.device_did=%7BPSID%7D&ads.device_dnt=%7BTARGETOPT%7D&ads.us_privacy=1YNY&ads.app_domain=%7BAPP_DOMAIN%7D&ads.app_name=%7BAPP_NAME%7D&ads.ssai_vendor=SSSLIVE&ads.service_id=USBD300012YC
Vevo '90s,https://d321u5fu9qef79.cloudfront.net/v1/master/3722c60a815c199d9c0ef36c5b73da68a62b09d1/cc-yinfe6h5dj8i1/Vevo_90s.m3u8?ads.device_did=%7BPSID%7D&ads.device_dnt=%7BTARGETOPT%7D&ads.us_privacy=1YNY&ads.app_domain=%7BAPP_DOMAIN%7D&ads.app_name=%7BAPP_NAME%7D&ads.ssai_vendor=SSSLIVE&ads.service_id=USBD3000133M
Vevo 2K,https://d4dkvp1ga8v8z.cloudfront.net/v1/master/3722c60a815c199d9c0ef36c5b73da68a62b09d1/cc-pkvocv263tp96/Vevo_2K.m3u8?ads.device_did=%7BPSID%7D&ads.device_dnt=%7BTARGETOPT%7D&ads.us_privacy=1YNY&ads.app_domain=%7BAPP_DOMAIN%7D&ads.app_name=%7BAPP_NAME%7D&ads.ssai_vendor=SSSLIVE&ads.service_id=USBB4400015F5
Vevo 2010s,https://d1td33xo32wcw8.cloudfront.net/v1/master/3722c60a815c199d9c0ef36c5b73da68a62b09d1/cc-eriheq1pngmtd/Vevo_2010s.m3u8?ads.device_did=%7BPSID%7D&ads.device_dnt=%7BTARGETOPT%7D&ads.us_privacy=1YNY&ads.app_domain=%7BAPP_DOMAIN%7D&ads.app_name=%7BAPP_NAME%7D&ads.ssai_vendor=SSSLIVE&ads.service_id=USBD120002431
Vevo Pop,https://d33yiufuiyic30.cloudfront.net/v1/master/3722c60a815c199d9c0ef36c5b73da68a62b09d1/cc-f94huxetzks7d/Vevo_Pop.m3u8?ads.device_did=%7BPSID%7D&ads.device_dnt=%7BTARGETOPT%7D&ads.us_privacy=1YNY&ads.app_domain=%7BAPP_DOMAIN%7D&ads.app_name=%7BAPP_NAME%7D&ads.ssai_vendor=SSSLIVE&ads.service_id=USBC3600008WY
Vevo R&B,https://d3cu9t0v0j3v7r.cloudfront.net/v1/master/3722c60a815c199d9c0ef36c5b73da68a62b09d1/cc-irsyy4yjtdieo/Vevo_R_B.m3u8?ads.device_did=%7BPSID%7D&ads.device_dnt=%7BTARGETOPT%7D&ads.us_privacy=1YNY&ads.app_domain=%7BAPP_DOMAIN%7D&ads.app_name=%7BAPP_NAME%7D&ads.ssai_vendor=SSSLIVE&ads.service_id=USBC3900009K5
Vevo Hip-Hop,https://d14y8035xivxd.cloudfront.net/v1/master/3722c60a815c199d9c0ef36c5b73da68a62b09d1/cc-46idq7bdmcbwf/Vevo_Hip_Hop.m3u8?ads.device_did=%7BPSID%7D&ads.device_dnt=%7BTARGETOPT%7D&ads.us_privacy=1YNY&ads.app_domain=%7BAPP_DOMAIN%7D&ads.app_name=%7BAPP_NAME%7D&ads.ssai_vendor=SSSLIVE&ads.service_id=USBC3600002EK
Vevo Country,https://d3u2u3qzvtw7w.cloudfront.net/v1/master/3722c60a815c199d9c0ef36c5b73da68a62b09d1/cc-apxt8ie33sx6d/Vevo_Country.m3u8?ads.device_did=%7BPSID%7D&ads.device_dnt=%7BTARGETOPT%7D&ads.us_privacy=1YNY&ads.app_domain=%7BAPP_DOMAIN%7D&ads.app_name=%7BAPP_NAME%7D&ads.ssai_vendor=SSSLIVE&ads.service_id=USBC3600001RQ
Vevo Retro Rock,https://d2hdqrshyzxswl.cloudfront.net/v1/master/3722c60a815c199d9c0ef36c5b73da68a62b09d1/cc-neu8sqvbxozkb/Vevo_Retro_Rock.m3u8?ads.device_did=%7BPSID%7D&ads.device_dnt=%7BTARGETOPT%7D&ads.us_privacy=1YNY&ads.app_domain=%7BAPP_DOMAIN%7D&ads.app_name=%7BAPP_NAME%7D&ads.ssai_vendor=SSSLIVE&ads.service_id=USBD3000145P
Vevo Features,https://d1ze674i4apj8g.cloudfront.net/v1/master/3722c60a815c199d9c0ef36c5b73da68a62b09d1/cc-dnsrl2co4rjn8/Vevo_Features.m3u8?ads.device_did=%7BPSID%7D&ads.device_dnt=%7BTARGETOPT%7D&ads.us_privacy=1YNY&ads.app_domain=%7BAPP_DOMAIN%7D&ads.app_name=%7BAPP_NAME%7D&ads.ssai_vendor=SSSLIVE&ads.service_id=USBD1200008GL
Vevo Latino,https://d1ylrwzh4ekdq4.cloudfront.net/v1/master/3722c60a815c199d9c0ef36c5b73da68a62b09d1/cc-2v53vq46l9e0c/Vevo_Latino.m3u8?ads.device_did=%7BPSID%7D&ads.device_dnt=%7BTARGETOPT%7D&ads.us_privacy=1YNY&ads.app_domain=%7BAPP_DOMAIN%7D&ads.app_name=%7BAPP_NAME%7D&ads.ssai_vendor=SSSLIVE&ads.service_id=USBC3600015GF
XITE 80s Flashback,https://d1n314cytqn9r3.cloudfront.net/v1/master/3722c60a815c199d9c0ef36c5b73da68a62b09d1/cc-bklagqy82v0pr/XITE_80s_Flashback.m3u8?ads.device_did=%7BPSID%7D&ads.device_dnt=%7BTARGETOPT%7D&ads.us_privacy=1YNY&ads.app_domain=%7BAPP_DOMAIN%7D&ads.app_name=%7BAPP_NAME%7D&ads.ssai_vendor=SSSLIVE&ads.service_id=USBB320000647
XITE 90s Throwback,https://d284aawtm5vi48.cloudfront.net/v1/master/3722c60a815c199d9c0ef36c5b73da68a62b09d1/cc-fjdfi2br1jtq7/XITE_90s_Throwback.m3u8?ads.device_did=%7BPSID%7D&ads.device_dnt=%7BTARGETOPT%7D&ads.us_privacy=1YNY&ads.app_domain=%7BAPP_DOMAIN%7D&ads.app_name=%7BAPP_NAME%7D&ads.ssai_vendor=SSSLIVE&ads.service_id=USBB3200007AK
XITE Celebrates,https://dt1s4l2cmiyit.cloudfront.net/v1/master/3722c60a815c199d9c0ef36c5b73da68a62b09d1/cc-fcwpee1h7t5cs/XITE_Celebrates.m3u8?ads.device_did=%7BPSID%7D&ads.device_dnt=%7BTARGETOPT%7D&ads.us_privacy=1YNY&ads.app_domain=%7BAPP_DOMAIN%7D&ads.app_name=%7BAPP_NAME%7D&ads.ssai_vendor=SSSLIVE&ads.service_id=USBD350003932
XITE Classic Country,https://d2tcgvmxn0otsl.cloudfront.net/v1/master/3722c60a815c199d9c0ef36c5b73da68a62b09d1/cc-vxf3mwifay8co/XITE_Countrys_Finest.m3u8?ads.device_did=%7BPSID%7D&ads.device_dnt=%7BTARGETOPT%7D&ads.us_privacy=1YNY&ads.app_domain=%7BAPP_DOMAIN%7D&ads.app_name=%7BAPP_NAME%7D&ads.ssai_vendor=SSSLIVE&ads.service_id=USBD3300011UT
XITE Country Today,https://d18gddrg3q1rlq.cloudfront.net/v1/master/3722c60a815c199d9c0ef36c5b73da68a62b09d1/cc-l4hn4yums84y5/XITE_Country_Today.m3u8?ads.device_did=%7BPSID%7D&ads.device_dnt=%7BTARGETOPT%7D&ads.us_privacy=1YNY&ads.app_domain=%7BAPP_DOMAIN%7D&ads.app_name=%7BAPP_NAME%7D&ads.ssai_vendor=SSSLIVE&ads.service_id=USBD3300006O3
XITE Hits,https://d726x48n2pd5h.cloudfront.net/v1/master/3722c60a815c199d9c0ef36c5b73da68a62b09d1/cc-skxr1pazhltvp/XITE_Hits.m3u8?ads.device_did=%7BPSID%7D&ads.device_dnt=%7BTARGETOPT%7D&ads.us_privacy=1YNY&ads.app_domain=%7BAPP_DOMAIN%7D&ads.app_name=%7BAPP_NAME%7D&ads.ssai_vendor=SSSLIVE&ads.service_id=USBD3300004RH
XITE Icons,https://d13bxksjj2abuy.cloudfront.net/v1/master/3722c60a815c199d9c0ef36c5b73da68a62b09d1/cc-yxuum05f6hop9/XITE_Icons.m3u8?ads.device_did=%7BPSID%7D&ads.device_dnt=%7BTARGETOPT%7D&ads.us_privacy=1YNY&ads.app_domain=%7BAPP_DOMAIN%7D&ads.app_name=%7BAPP_NAME%7D&ads.ssai_vendor=SSSLIVE&ads.service_id=USBD3300005EX
XITE Just Chill,https://dvnftgdlbnemm.cloudfront.net/v1/master/3722c60a815c199d9c0ef36c5b73da68a62b09d1/cc-dh48uzd9o895t/XITE_Just_Chill.m3u8?ads.device_did=%7BPSID%7D&ads.device_dnt=%7BTARGETOPT%7D&ads.us_privacy=1YNY&ads.app_domain=%7BAPP_DOMAIN%7D&ads.app_name=%7BAPP_NAME%7D&ads.ssai_vendor=SSSLIVE&ads.service_id=USBB2300003JZ
XITE Nuevo Latino,https://d3bsgqzbpkrvbb.cloudfront.net/v1/master/3722c60a815c199d9c0ef36c5b73da68a62b09d1/cc-w288eaw03izg1/XITE_Nuevo_Latino.m3u8?ads.device_did=%7BPSID%7D&ads.device_dnt=%7BTARGETOPT%7D&ads.us_privacy=1YNY&ads.app_domain=%7BAPP_DOMAIN%7D&ads.app_name=%7BAPP_NAME%7D&ads.ssai_vendor=SSSLIVE&ads.service_id=USBD3300007PB
XITE Only Love,https://d3a9vrmy2tps6h.cloudfront.net/v1/master/3722c60a815c199d9c0ef36c5b73da68a62b09d1/cc-wvkbtotxbhlwq/XITE_Only_Love.m3u8?ads.device_did=%7BPSID%7D&ads.device_dnt=%7BTARGETOPT%7D&ads.us_privacy=1YNY&ads.app_domain=%7BAPP_DOMAIN%7D&ads.app_name=%7BAPP_NAME%7D&ads.ssai_vendor=SSSLIVE&ads.service_id=USBD3300008DG
XITE R&B Classic Jams,https://d163j5tlekse0h.cloudfront.net/v1/master/3722c60a815c199d9c0ef36c5b73da68a62b09d1/cc-133wbycdrwhvy/XITE_RnB_Classic_Jams.m3u8?ads.device_did=%7BPSID%7D&ads.device_dnt=%7BTARGETOPT%7D&ads.us_privacy=1YNY&ads.app_domain=%7BAPP_DOMAIN%7D&ads.app_name=%7BAPP_NAME%7D&ads.ssai_vendor=SSSLIVE&ads.service_id=USBD330000948
XITE Rock x Metal,https://d198ro05q94rc4.cloudfront.net/v1/master/3722c60a815c199d9c0ef36c5b73da68a62b09d1/cc-c5xdq9qwilrd2/XITE_Rock_On.m3u8?ads.device_did=%7BPSID%7D&ads.device_dnt=%7BTARGETOPT%7D&ads.us_privacy=1YNY&ads.app_domain=%7BAPP_DOMAIN%7D&ads.app_name=%7BAPP_NAME%7D&ads.ssai_vendor=SSSLIVE&ads.service_id=USBB2300004KV
XITE Siempre Latino,https://d1xc25jm9e0l4b.cloudfront.net/v1/master/3722c60a815c199d9c0ef36c5b73da68a62b09d1/cc-xplkt8i7m24dc/XITE_Siempre_Latino.m3u8?ads.device_did=%7BPSID%7D&ads.device_dnt=%7BTARGETOPT%7D&ads.us_privacy=1YNY&ads.app_domain=%7BAPP_DOMAIN%7D&ads.app_name=%7BAPP_NAME%7D&ads.ssai_vendor=SSSLIVE&ads.service_id=USBD3300010L9
Stingray Classica,https://lotus.stingray.com/manifest/classica-cla008-montreal/samsungtvplus/master.m3u8
Stingray DJAZZ,https://lotus.stingray.com/manifest/djazz-djaads-montreal/samsungtvplus/master.m3u8
Stingray Naturescape,https://lotus.stingray.com/manifest/naturescape-a003-montreal/samsungtvplus/master.m3u8
Movie Music by Stingray,https://lotus.stingray.com/manifest/cmusic-cme004-montreal/samsungtvplus/master.m3u8
Qello Concerts by Stingray,https://lotus.stingray.com/manifest/qello-qello001-montreal/samsungtvplus/master.m3u8
Now 70s,https://lightning-now70s-samsungnz.amagi.tv/playlist.m3u8
Now 80s,https://lightning-now80s-samsungnz.amagi.tv/playlist.m3u8
Now Rock,https://lightning-now90s-samsungnz.amagi.tv/playlist.m3u8
Deluxe Music,https://sdn-global-live-streaming-packager-cache.3qsdn.com/13456/13456_264_live.m3u8
Schlager Deluxe,https://sdn-global-live-streaming-packager-cache.3qsdn.com/26658/26658_264_live.m3u8
Deluxe Dance by Kontor,https://sdn-global-live-streaming-packager-cache.3qsdn.com/64733/64733_264_live.m3u8
Deluxe Rap,https://d2l1hs6hxlg3df.cloudfront.net/v1/master/3722c60a815c199d9c0ef36c5b73da68a62b09d1/cc-pb0nloqsgtwc2/index.m3u8?ads.device_did=%7BPSID%7D&ads.device_dnt=%7BTARGETOPT%7D&ads.app_domain=%7BAPP_DOMAIN%7D&ads.app_name=%7BAPP_NAME%7D&ads.consent=%7BTC_STRING%7D&ads.ssai_vendor=SSSLIVE&ads.service_id=DEBD3800001QD
Deluxe Deutschpop,https://d46c0ebf9ef94053848fdd7b1f2f6b90.mediatailor.eu-central-1.amazonaws.com/v1/master/81bfcafb76f9c947b24574657a9ce7fe14ad75c0/live-prod/95d6544c-4164-11ec-9c7c-2cf753b8a203/0/master.m3u8?uid=%7BPSID%7D&optout=%7BTARGETOPT%7D&country=DE&vendor=samsung&ads:app_domain=%7BAPP_DOMAIN%7D&ads:app_name=%7BAPP_NAME%7D&coppa=1&ads:tcf=%7BTC_STRING%7D
Deluxe Lounge,https://d46c0ebf9ef94053848fdd7b1f2f6b90.mediatailor.eu-central-1.amazonaws.com/v1/master/81bfcafb76f9c947b24574657a9ce7fe14ad75c0/live-prod/ec8e5c43-6fae-11eb-908d-533d39655269/0/master.m3u8?uid=%7BPSID%7D&optout=%7BTARGETOPT%7D&country=DE&vendor=samsung&ads:app_domain=%7BAPP_DOMAIN%7D&ads:app_name=%7BAPP_NAME%7D&coppa=1&ads:tcf=%7BTC_STRING%7D
New K-Pop,https://newidco-newkid-1-eu.plex.wurl.tv/playlist.m3u8
YG TV,https://newidco-ygtv-1-us.plex.wurl.tv/playlist.m3u8
Classic Arts Showcase,https://classicarts.akamaized.net/hls/live/1024257/CAS/master.m3u8
Clubbing TV,https://clubbingtv-samsungnz.amagi.tv/playlist.m3u8
Afrobeats,https://stream.ecable.tv/afrobeats/index.m3u8
Qwest TV,https://qwest-jazz-plex.amagi.tv/playlist.m3u8
SPIN,https://bec-spin-1-us.plex.wurl.tv/playlist.m3u8
Def Jam,https://aegis-cloudfront-1.tubi.video/b2fc97e6-b98f-42b4-be35-bd0361f1f637/index.m3u8
California Music Channel,https://cmc-ono.amagi.tv/playlist.m3u8
Loupe,https://d2dw21aq0j0l5c.cloudfront.net/playlist.m3u8
Magic TV,https://tv.broadcasting.ro/magictv/925f90db-5c88-4190-a53d-5163cdffe6f4.m3u8
Kiss TV,https://tv.broadcasting.ro/kisstv/a629c031-2170-4ee9-a36d-87a891aa3131.m3u8
Kiss Kiss TV,https://58f12ffd2447a.streamlock.net/KKMulti/livestream/playlist.m3u8
VH1+ Rock Italy (VPN),https://stitcher-ipv4.pluto.tv/v1/stitch/embed/hls/channel/636a4173e34fd50007534542/master.m3u8?advertisingId={PSID}&appVersion=unknown&deviceDNT={TARGETOPT}&deviceId={PSID}&deviceLat=0&deviceLon=0&deviceMake=samsung&deviceModel=samsung&deviceType=samsung-tvplus&deviceVersion=unknown&embedPartner=samsung-tvplus&profileFloor=&profileLimit=&samsung_app_domain={APP_DOMAIN}&samsung_app_name={APP_NAME}&us_privacy=1YNY
Muzzik Rock&Roll,https://muzzik-live.morescreens.com/mts-1/playlist.m3u8
Muzzik MOBA,https://muzzik-live.morescreens.com/mts-2/playlist.m3u8
Muzzik POP STAR,https://muzzik-live.morescreens.com/mts-3/playlist.m3u8
J.E.K.A. Muzzik,https://muzzik-live.morescreens.com/mts-4/playlist.m3u8
Muzzik ZZ TV,https://muzzik-live.morescreens.com/mts-a4/playlist.m3u8
Worldwide Muzzik,https://muzzik-live.morescreens.com/mts-5/playlist.m3u8
Muzzik TIKTAK,https://muzzik-live.morescreens.com/mts-a5/playlist.m3u8
MUZZIK,https://muzzik-live.morescreens.com/mts-6/playlist.m3u8
Muzzik SENSE,https://muzzik-live.morescreens.com/mts-7/playlist.m3u8
Muzzik FLASHBACK,https://muzzik-live.morescreens.com/mts-8/playlist.m3u8
Muzzik ELECTRO,https://muzzik-live.morescreens.com/mts-9/playlist.m3u8
Vevo '70s (240p),https://amg00056-vevotv-vevo70s-plex-83ipk.amagi.tv/playlist/amg00056-vevotv-vevo70s-plex/cb51341f65706d909bc9216fd9d34ddd844c3bdd0b61cb3071aa448f1298410ddafbb2d3932fff6e429e14ce0548340508398f06d96201ccce38ee5b357d09748388ee2282cc027ee78b547538a7781a56a80c47852d4e71dabe1e45d46cb07f484aed596c1b64dbe458ab275b90835bda7c4be297fa59b09ade6ebf6c77d7dc3bb1c59d180d8d31f3ee590ac20d64ddb037acf4806f4de671a836c334ae54c8b8c091e31295beb542a022c52690e70a5de0806fbcb72b7ca2ba2348b9643a490e50a98f86e64b318448564effc52cde0fa23ec1932c8d6c36f455d61fc478bd62a40da8f65de0838f9f140f68ff846f732ea4e0ae9eb4627ded3dbbb0ff87222dd7a65d384bc066dd620c3d93f6c466f7a97ca1bf2d81bb7e0e7897e323b5a9f2d5a1e1f71bf64ce7cef78a325141651078fd74ac8e68c927d86ce8eb0b31504256a8881589c6ee573e664091931cb3371eaad09f8ccf04589b394e428980b8e7d5fd1752b3ad16329ecca1c4a585696066ca1edc/195/426x240_511680/index.m3u8
Vevo '70s (360p),https://amg00056-vevotv-vevo70s-plex-83ipk.amagi.tv/playlist/amg00056-vevotv-vevo70s-plex/cb51341f65706d909bc9216fd9d34ddd844c3bdd0b61cb3071aa448f1298410ddafbb2d3932fff6e429e14ce0548340508398f06d96201ccce38ee5b357d09748388ee2282cc027ee78b547538a7781a56a80c47852d4e71dabe1e45d46cb07f484aed596c1b64dbe458ab275b90835bda7c4be297fa59b09ade6ebf6c77d7dc3bb1c59d180d8d31f3ee590ac20d64ddb037acf4806f4de671a836c334ae54c8b8c091e31295beb542a022c52690e70a5de0806fbcb72b7ca2ba2348b9643a490e50a98f86e64b318448564effc52cde0fa23ec1932c8d6c36f455d61fc478bd62a40da8f65de0838f9f140f68ff846f732ea4e0ae9eb4627ded3dbbb0ff87222dd7a65d384bc066dd620c3d93f6c466f7a97ca1bf2d81bb7e0e7897e323b5a9f2d5a1e1f71bf64ce7cef78a325141651078fd74ac8e68c927d86ce8eb0b31504256a8881589c6ee573e664091931cb3371eaad09f8ccf04589b394e428980b8e7d5fd1752b3ad16329ecca1c4a585696066ca1edc/195/640x360_1057680/index.m3u8
Vevo '70s (480p),https://amg00056-vevotv-vevo70s-plex-83ipk.amagi.tv/playlist/amg00056-vevotv-vevo70s-plex/cb51341f65706d909bc9216fd9d34ddd844c3bdd0b61cb3071aa448f1298410ddafbb2d3932fff6e429e14ce0548340508398f06d96201ccce38ee5b357d09748388ee2282cc027ee78b547538a7781a56a80c47852d4e71dabe1e45d46cb07f484aed596c1b64dbe458ab275b90835bda7c4be297fa59b09ade6ebf6c77d7dc3bb1c59d180d8d31f3ee590ac20d64ddb037acf4806f4de671a836c334ae54c8b8c091e31295beb542a022c52690e70a5de0806fbcb72b7ca2ba2348b9643a490e50a98f86e64b318448564effc52cde0fa23ec1932c8d6c36f455d61fc478bd62a40da8f65de0838f9f140f68ff846f732ea4e0ae9eb4627ded3dbbb0ff87222dd7a65d384bc066dd620c3d93f6c466f7a97ca1bf2d81bb7e0e7897e323b5a9f2d5a1e1f71bf64ce7cef78a325141651078fd74ac8e68c927d86ce8eb0b31504256a8881589c6ee573e664091931cb3371eaad09f8ccf04589b394e428980b8e7d5fd1752b3ad16329ecca1c4a585696066ca1edc/195/848x480_2284360/index.m3u8
Vevo '70s (720p),https://amg00056-vevotv-vevo70s-plex-83ipk.amagi.tv/playlist/amg00056-vevotv-vevo70s-plex/cb51341f65706d909bc9216fd9d34ddd844c3bdd0b61cb3071aa448f1298410ddafbb2d3932fff6e429e14ce0548340508398f06d96201ccce38ee5b357d09748388ee2282cc027ee78b547538a7781a56a80c47852d4e71dabe1e45d46cb07f484aed596c1b64dbe458ab275b90835bda7c4be297fa59b09ade6ebf6c77d7dc3bb1c59d180d8d31f3ee590ac20d64ddb037acf4806f4de671a836c334ae54c8b8c091e31295beb542a022c52690e70a5de0806fbcb72b7ca2ba2348b9643a490e50a98f86e64b318448564effc52cde0fa23ec1932c8d6c36f455d61fc478bd62a40da8f65de0838f9f140f68ff846f732ea4e0ae9eb4627ded3dbbb0ff87222dd7a65d384bc066dd620c3d93f6c466f7a97ca1bf2d81bb7e0e7897e323b5a9f2d5a1e1f71bf64ce7cef78a325141651078fd74ac8e68c927d86ce8eb0b31504256a8881589c6ee573e664091931cb3371eaad09f8ccf04589b394e428980b8e7d5fd1752b3ad16329ecca1c4a585696066ca1edc/195/1280x720_4473040/index.m3u8
Vevo '70s (1080p),https://amg00056-vevotv-vevo70s-plex-83ipk.amagi.tv/playlist/amg00056-vevotv-vevo70s-plex/cb51341f65706d909bc9216fd9d34ddd844c3bdd0b61cb3071aa448f1298410ddafbb2d3932fff6e429e14ce0548340508398f06d96201ccce38ee5b357d09748388ee2282cc027ee78b547538a7781a56a80c47852d4e71dabe1e45d46cb07f484aed596c1b64dbe458ab275b90835bda7c4be297fa59b09ade6ebf6c77d7dc3bb1c59d180d8d31f3ee590ac20d64ddb037acf4806f4de671a836c334ae54c8b8c091e31295beb542a022c52690e70a5de0806fbcb72b7ca2ba2348b9643a490e50a98f86e64b318448564effc52cde0fa23ec1932c8d6c36f455d61fc478bd62a40da8f65de0838f9f140f68ff846f732ea4e0ae9eb4627ded3dbbb0ff87222dd7a65d384bc066dd620c3d93f6c466f7a97ca1bf2d81bb7e0e7897e323b5a9f2d5a1e1f71bf64ce7cef78a325141651078fd74ac8e68c927d86ce8eb0b31504256a8881589c6ee573e664091931cb3371eaad09f8ccf04589b394e428980b8e7d5fd1752b3ad16329ecca1c4a585696066ca1edc/195/1920x1080_7333040/index.m3u8
Vevo '80s (240p),https://amg00056-vevotv-vevo80s-plex-v3m0l.amagi.tv/playlist/amg00056-vevotv-vevo80s-plex/cb503f19657b7b8d9ed43c6ef2fc3dff915f3edd062fd12b6fba4cf02c9f4b06c2ffe1bd895be9765d940fba235339040323d41ec07c0ad79c3ca2503562176d8ac4eb208c89655ce18350383ebb2f4f52aa5b17d63800738aba5759d438b3340443b95d230764deed5bae7e57c2d55e8e1d95ba97f559e886976db56f3886b263c6a1b819108c7cc2f54d0cc06c67cfb870b7a53c26541969b47ef829b350c58281d68652dbd5c049976f64f2c33a501aba887090c85ab998e901840cbb4a347c7ccad9fbd742308f494c55ebb5acd500a94398d873d3285fcf71a39e5bbc74e78e29dee2c09a8fe55777e1791ea0110e06ade0b283f8347c9e6ef2a1e8da7c467e977e256ac677d12e2739dfa88544c48b229fb8278aa37a5d16f4d113d5cce9c3dba2844e992bde88a3d66d190e711258d70cecca249b25d473ad8e34245f464bdfe93fadb1d050346d5895c009a675358d9bddcd8e746aa0093653eb72d6480a6ad84e1755eb39fc8832699d662f9d2531f44a309202b1f81bfca9dfea1128f7b9e347ec64fbba1ad89553fa342438e2d27bcfdd9e2a9939236539c5cc98ff6a7a41110afc05/139/426x240_511680/index.m3u8
Vevo '80s (360p),https://amg00056-vevotv-vevo80s-plex-v3m0l.amagi.tv/playlist/amg00056-vevotv-vevo80s-plex/cb503f19657b7b8d9ed43c6ef2fc3dff915f3edd062fd12b6fba4cf02c9f4b06c2ffe1bd895be9765d940fba235339040323d41ec07c0ad79c3ca2503562176d8ac4eb208c89655ce18350383ebb2f4f52aa5b17d63800738aba5759d438b3340443b95d230764deed5bae7e57c2d55e8e1d95ba97f559e886976db56f3886b263c6a1b819108c7cc2f54d0cc06c67cfb870b7a53c26541969b47ef829b350c58281d68652dbd5c049976f64f2c33a501aba887090c85ab998e901840cbb4a347c7ccad9fbd742308f494c55ebb5acd500a94398d873d3285fcf71a39e5bbc74e78e29dee2c09a8fe55777e1791ea0110e06ade0b283f8347c9e6ef2a1e8da7c467e977e256ac677d12e2739dfa88544c48b229fb8278aa37a5d16f4d113d5cce9c3dba2844e992bde88a3d66d190e711258d70cecca249b25d473ad8e34245f464bdfe93fadb1d050346d5895c009a675358d9bddcd8e746aa0093653eb72d6480a6ad84e1755eb39fc8832699d662f9d2531f44a309202b1f81bfca9dfea1128f7b9e347ec64fbba1ad89553fa342438e2d27bcfdd9e2a9939236539c5cc98ff6a7a41110afc05/139/640x360_1057680/index.m3u8
Vevo '80s (480p),https://amg00056-vevotv-vevo80s-plex-v3m0l.amagi.tv/playlist/amg00056-vevotv-vevo80s-plex/cb503f19657b7b8d9ed43c6ef2fc3dff915f3edd062fd12b6fba4cf02c9f4b06c2ffe1bd895be9765d940fba235339040323d41ec07c0ad79c3ca2503562176d8ac4eb208c89655ce18350383ebb2f4f52aa5b17d63800738aba5759d438b3340443b95d230764deed5bae7e57c2d55e8e1d95ba97f559e886976db56f3886b263c6a1b819108c7cc2f54d0cc06c67cfb870b7a53c26541969b47ef829b350c58281d68652dbd5c049976f64f2c33a501aba887090c85ab998e901840cbb4a347c7ccad9fbd742308f494c55ebb5acd500a94398d873d3285fcf71a39e5bbc74e78e29dee2c09a8fe55777e1791ea0110e06ade0b283f8347c9e6ef2a1e8da7c467e977e256ac677d12e2739dfa88544c48b229fb8278aa37a5d16f4d113d5cce9c3dba2844e992bde88a3d66d190e711258d70cecca249b25d473ad8e34245f464bdfe93fadb1d050346d5895c009a675358d9bddcd8e746aa0093653eb72d6480a6ad84e1755eb39fc8832699d662f9d2531f44a309202b1f81bfca9dfea1128f7b9e347ec64fbba1ad89553fa342438e2d27bcfdd9e2a9939236539c5cc98ff6a7a41110afc05/139/848x480_2284360/index.m3u8
Vevo '80s (720p),https://amg00056-vevotv-vevo80s-plex-v3m0l.amagi.tv/playlist/amg00056-vevotv-vevo80s-plex/cb503f19657b7b8d9ed43c6ef2fc3dff915f3edd062fd12b6fba4cf02c9f4b06c2ffe1bd895be9765d940fba235339040323d41ec07c0ad79c3ca2503562176d8ac4eb208c89655ce18350383ebb2f4f52aa5b17d63800738aba5759d438b3340443b95d230764deed5bae7e57c2d55e8e1d95ba97f559e886976db56f3886b263c6a1b819108c7cc2f54d0cc06c67cfb870b7a53c26541969b47ef829b350c58281d68652dbd5c049976f64f2c33a501aba887090c85ab998e901840cbb4a347c7ccad9fbd742308f494c55ebb5acd500a94398d873d3285fcf71a39e5bbc74e78e29dee2c09a8fe55777e1791ea0110e06ade0b283f8347c9e6ef2a1e8da7c467e977e256ac677d12e2739dfa88544c48b229fb8278aa37a5d16f4d113d5cce9c3dba2844e992bde88a3d66d190e711258d70cecca249b25d473ad8e34245f464bdfe93fadb1d050346d5895c009a675358d9bddcd8e746aa0093653eb72d6480a6ad84e1755eb39fc8832699d662f9d2531f44a309202b1f81bfca9dfea1128f7b9e347ec64fbba1ad89553fa342438e2d27bcfdd9e2a9939236539c5cc98ff6a7a41110afc05/139/1280x720_4473040/index.m3u8
Vevo '80s (1080p),https://amg00056-vevotv-vevo80s-plex-v3m0l.amagi.tv/playlist/amg00056-vevotv-vevo80s-plex/cb503f19657b7b8d9ed43c6ef2fc3dff915f3edd062fd12b6fba4cf02c9f4b06c2ffe1bd895be9765d940fba235339040323d41ec07c0ad79c3ca2503562176d8ac4eb208c89655ce18350383ebb2f4f52aa5b17d63800738aba5759d438b3340443b95d230764deed5bae7e57c2d55e8e1d95ba97f559e886976db56f3886b263c6a1b819108c7cc2f54d0cc06c67cfb870b7a53c26541969b47ef829b350c58281d68652dbd5c049976f64f2c33a501aba887090c85ab998e901840cbb4a347c7ccad9fbd742308f494c55ebb5acd500a94398d873d3285fcf71a39e5bbc74e78e29dee2c09a8fe55777e1791ea0110e06ade0b283f8347c9e6ef2a1e8da7c467e977e256ac677d12e2739dfa88544c48b229fb8278aa37a5d16f4d113d5cce9c3dba2844e992bde88a3d66d190e711258d70cecca249b25d473ad8e34245f464bdfe93fadb1d050346d5895c009a675358d9bddcd8e746aa0093653eb72d6480a6ad84e1755eb39fc8832699d662f9d2531f44a309202b1f81bfca9dfea1128f7b9e347ec64fbba1ad89553fa342438e2d27bcfdd9e2a9939236539c5cc98ff6a7a41110afc05/139/1920x1080_7333040/index.m3u8
Vevo '90s (240p),https://amg00056-vevotv-vevo90s-plex-px1tg.amagi.tv/playlist/amg00056-vevotv-vevo90s-plex/cb503f19657b7b8d9ed43c6ef2fc3dff915f3edd062fd12b6fba4cf02c9f4b06c2ffe1bd895be9765d940fba235339040323d41ec07c0ad79c3ca2503562176d8ac4eb208c89655ce18350383ee7294b02f85b15d73800738aba5759d438b3340445bc0c2306648fbb0bff2406978903df1d95ba97f559e886976db56f3886b263c6a1b819108c7cc2f54d0cc06c67cfb870b7a53c26541969b47ef829b350c58281d68652dbd5c049976f64f2c33a501aba887090c85ab998e901840cbb4a347c7ccad9fbd742308f494c55ebb5acd500a94398d873d3285fcf71a39e5bbc74e78e29dee2c09a8fe55777e1791ea0110e06ade0b283f8347c9e6ef2a1e8da7c467e977e256ac677d12e2739dfa88544c48b229fb8278aa37a5d16f4d113d5cce9c3dba2844e992bde88a3d66d190e711258d70cecca249b25d473ad8e34245f464bdfe93fadb1d050346d5895c009a675358d9bddcd8e746aa0093653eb72d6480a6ad84e1755eb39fc8832699d662f9d2531f44a309202b1f81bfca9dfea1128f7b9e347ec64fbba1ad89553ff392438e2d27fc8dd9e2a69ac0f1dbadd136280bbf02a187ef774/164/426x240_511680/index.m3u8
Vevo '90s (360p),https://amg00056-vevotv-vevo90s-plex-px1tg.amagi.tv/playlist/amg00056-vevotv-vevo90s-plex/cb503f19657b7b8d9ed43c6ef2fc3dff915f3edd062fd12b6fba4cf02c9f4b06c2ffe1bd895be9765d940fba235339040323d41ec07c0ad79c3ca2503562176d8ac4eb208c89655ce18350383ee7294b02f85b15d73800738aba5759d438b3340445bc0c2306648fbb0bff2406978903df1d95ba97f559e886976db56f3886b263c6a1b819108c7cc2f54d0cc06c67cfb870b7a53c26541969b47ef829b350c58281d68652dbd5c049976f64f2c33a501aba887090c85ab998e901840cbb4a347c7ccad9fbd742308f494c55ebb5acd500a94398d873d3285fcf71a39e5bbc74e78e29dee2c09a8fe55777e1791ea0110e06ade0b283f8347c9e6ef2a1e8da7c467e977e256ac677d12e2739dfa88544c48b229fb8278aa37a5d16f4d113d5cce9c3dba2844e992bde88a3d66d190e711258d70cecca249b25d473ad8e34245f464bdfe93fadb1d050346d5895c009a675358d9bddcd8e746aa0093653eb72d6480a6ad84e1755eb39fc8832699d662f9d2531f44a309202b1f81bfca9dfea1128f7b9e347ec64fbba1ad89553ff392438e2d27fc8dd9e2a69ac0f1dbadd136280bbf02a187ef774/164/640x360_1057680/index.m3u8
Vevo '90s (480p),https://amg00056-vevotv-vevo90s-plex-px1tg.amagi.tv/playlist/amg00056-vevotv-vevo90s-plex/cb503f19657b7b8d9ed43c6ef2fc3dff915f3edd062fd12b6fba4cf02c9f4b06c2ffe1bd895be9765d940fba235339040323d41ec07c0ad79c3ca2503562176d8ac4eb208c89655ce18350383ee7294b02f85b15d73800738aba5759d438b3340445bc0c2306648fbb0bff2406978903df1d95ba97f559e886976db56f3886b263c6a1b819108c7cc2f54d0cc06c67cfb870b7a53c26541969b47ef829b350c58281d68652dbd5c049976f64f2c33a501aba887090c85ab998e901840cbb4a347c7ccad9fbd742308f494c55ebb5acd500a94398d873d3285fcf71a39e5bbc74e78e29dee2c09a8fe55777e1791ea0110e06ade0b283f8347c9e6ef2a1e8da7c467e977e256ac677d12e2739dfa88544c48b229fb8278aa37a5d16f4d113d5cce9c3dba2844e992bde88a3d66d190e711258d70cecca249b25d473ad8e34245f464bdfe93fadb1d050346d5895c009a675358d9bddcd8e746aa0093653eb72d6480a6ad84e1755eb39fc8832699d662f9d2531f44a309202b1f81bfca9dfea1128f7b9e347ec64fbba1ad89553ff392438e2d27fc8dd9e2a69ac0f1dbadd136280bbf02a187ef774/164/848x480_2284360/index.m3u8
Vevo '90s (720p),https://amg00056-vevotv-vevo90s-plex-px1tg.amagi.tv/playlist/amg00056-vevotv-vevo90s-plex/cb503f19657b7b8d9ed43c6ef2fc3dff915f3edd062fd12b6fba4cf02c9f4b06c2ffe1bd895be9765d940fba235339040323d41ec07c0ad79c3ca2503562176d8ac4eb208c89655ce18350383ee7294b02f85b15d73800738aba5759d438b3340445bc0c2306648fbb0bff2406978903df1d95ba97f559e886976db56f3886b263c6a1b819108c7cc2f54d0cc06c67cfb870b7a53c26541969b47ef829b350c58281d68652dbd5c049976f64f2c33a501aba887090c85ab998e901840cbb4a347c7ccad9fbd742308f494c55ebb5acd500a94398d873d3285fcf71a39e5bbc74e78e29dee2c09a8fe55777e1791ea0110e06ade0b283f8347c9e6ef2a1e8da7c467e977e256ac677d12e2739dfa88544c48b229fb8278aa37a5d16f4d113d5cce9c3dba2844e992bde88a3d66d190e711258d70cecca249b25d473ad8e34245f464bdfe93fadb1d050346d5895c009a675358d9bddcd8e746aa0093653eb72d6480a6ad84e1755eb39fc8832699d662f9d2531f44a309202b1f81bfca9dfea1128f7b9e347ec64fbba1ad89553ff392438e2d27fc8dd9e2a69ac0f1dbadd136280bbf02a187ef774/164/1280x720_4473040/index.m3u8
Vevo '90s (1080p),https://amg00056-vevotv-vevo90s-plex-px1tg.amagi.tv/playlist/amg00056-vevotv-vevo90s-plex/cb503f19657b7b8d9ed43c6ef2fc3dff915f3edd062fd12b6fba4cf02c9f4b06c2ffe1bd895be9765d940fba235339040323d41ec07c0ad79c3ca2503562176d8ac4eb208c89655ce18350383ee7294b02f85b15d73800738aba5759d438b3340445bc0c2306648fbb0bff2406978903df1d95ba97f559e886976db56f3886b263c6a1b819108c7cc2f54d0cc06c67cfb870b7a53c26541969b47ef829b350c58281d68652dbd5c049976f64f2c33a501aba887090c85ab998e901840cbb4a347c7ccad9fbd742308f494c55ebb5acd500a94398d873d3285fcf71a39e5bbc74e78e29dee2c09a8fe55777e1791ea0110e06ade0b283f8347c9e6ef2a1e8da7c467e977e256ac677d12e2739dfa88544c48b229fb8278aa37a5d16f4d113d5cce9c3dba2844e992bde88a3d66d190e711258d70cecca249b25d473ad8e34245f464bdfe93fadb1d050346d5895c009a675358d9bddcd8e746aa0093653eb72d6480a6ad84e1755eb39fc8832699d662f9d2531f44a309202b1f81bfca9dfea1128f7b9e347ec64fbba1ad89553ff392438e2d27fc8dd9e2a69ac0f1dbadd136280bbf02a187ef774/164/1920x1080_7333040/index.m3u8
Vevo 2K (240p),https://amg00056-vevotv-vevo2k-plex-6jb4q.amagi.tv/playlist/amg00056-vevotv-vevo2k-plex/cb51341f65706d909bc9216fd9d34ddd844c3bdd0b61cb3071aa448f1298410ddafbb2d3932fff6e429e14ce0548340508398f06d96201ccce38ee5b357d09748388ee2282cc027ee78b547538a72e4d02ab0d15d52c4e71dab14b45d46cb07f4812bc5c3b1b6188ed0bab235bc2d35c832a4be297fa59b09ade6ebf6c77d7dc3bb1c59d180d8d31f3ee590ac20d64ddb037acf4806f4de671a836c334ae54c8b8c091e31295beb542a022c52690e70a5de0806fbcb72b7ca2ba2348b9643a490e50a98f86e64b318448564effc52cde0fa23ec1932c8d6c36f455d61fc478bd62a40da8f65de0838f9f140f68ff846f732ea4e0ae9eb4627ded3dbbb0ff87222dd7a65d384bc066dd620c3d93f6c466f7a97ca1bf2d81bb7e0e7897e323b5a9f2d5a1e1f71bf64ce7cef78a325141651078fd74ac8e68c927d86ce8eb0b31504256a8881589c6ee573e664091931cb3371eaad09f8ccf045a9f787aba89c779cade0a87fac86e4ce04c0304b01478ec443b03/5/426x240_511680/index.m3u8
Vevo 2K (360p),https://amg00056-vevotv-vevo2k-plex-6jb4q.amagi.tv/playlist/amg00056-vevotv-vevo2k-plex/cb51341f65706d909bc9216fd9d34ddd844c3bdd0b61cb3071aa448f1298410ddafbb2d3932fff6e429e14ce0548340508398f06d96201ccce38ee5b357d09748388ee2282cc027ee78b547538a72e4d02ab0d15d52c4e71dab14b45d46cb07f4812bc5c3b1b6188ed0bab235bc2d35c832a4be297fa59b09ade6ebf6c77d7dc3bb1c59d180d8d31f3ee590ac20d64ddb037acf4806f4de671a836c334ae54c8b8c091e31295beb542a022c52690e70a5de0806fbcb72b7ca2ba2348b9643a490e50a98f86e64b318448564effc52cde0fa23ec1932c8d6c36f455d61fc478bd62a40da8f65de0838f9f140f68ff846f732ea4e0ae9eb4627ded3dbbb0ff87222dd7a65d384bc066dd620c3d93f6c466f7a97ca1bf2d81bb7e0e7897e323b5a9f2d5a1e1f71bf64ce7cef78a325141651078fd74ac8e68c927d86ce8eb0b31504256a8881589c6ee573e664091931cb3371eaad09f8ccf045a9f787aba89c779cade0a87fac86e4ce04c0304b01478ec443b03/5/640x360_1057680/index.m3u8
Vevo 2K (480p),https://amg00056-vevotv-vevo2k-plex-6jb4q.amagi.tv/playlist/amg00056-vevotv-vevo2k-plex/cb51341f65706d909bc9216fd9d34ddd844c3bdd0b61cb3071aa448f1298410ddafbb2d3932fff6e429e14ce0548340508398f06d96201ccce38ee5b357d09748388ee2282cc027ee78b547538a72e4d02ab0d15d52c4e71dab14b45d46cb07f4812bc5c3b1b6188ed0bab235bc2d35c832a4be297fa59b09ade6ebf6c77d7dc3bb1c59d180d8d31f3ee590ac20d64ddb037acf4806f4de671a836c334ae54c8b8c091e31295beb542a022c52690e70a5de0806fbcb72b7ca2ba2348b9643a490e50a98f86e64b318448564effc52cde0fa23ec1932c8d6c36f455d61fc478bd62a40da8f65de0838f9f140f68ff846f732ea4e0ae9eb4627ded3dbbb0ff87222dd7a65d384bc066dd620c3d93f6c466f7a97ca1bf2d81bb7e0e7897e323b5a9f2d5a1e1f71bf64ce7cef78a325141651078fd74ac8e68c927d86ce8eb0b31504256a8881589c6ee573e664091931cb3371eaad09f8ccf045a9f787aba89c779cade0a87fac86e4ce04c0304b01478ec443b03/5/848x480_2284360/index.m3u8
Vevo 2K (720p),https://amg00056-vevotv-vevo2k-plex-6jb4q.amagi.tv/playlist/amg00056-vevotv-vevo2k-plex/cb51341f65706d909bc9216fd9d34ddd844c3bdd0b61cb3071aa448f1298410ddafbb2d3932fff6e429e14ce0548340508398f06d96201ccce38ee5b357d09748388ee2282cc027ee78b547538a72e4d02ab0d15d52c4e71dab14b45d46cb07f4812bc5c3b1b6188ed0bab235bc2d35c832a4be297fa59b09ade6ebf6c77d7dc3bb1c59d180d8d31f3ee590ac20d64ddb037acf4806f4de671a836c334ae54c8b8c091e31295beb542a022c52690e70a5de0806fbcb72b7ca2ba2348b9643a490e50a98f86e64b318448564effc52cde0fa23ec1932c8d6c36f455d61fc478bd62a40da8f65de0838f9f140f68ff846f732ea4e0ae9eb4627ded3dbbb0ff87222dd7a65d384bc066dd620c3d93f6c466f7a97ca1bf2d81bb7e0e7897e323b5a9f2d5a1e1f71bf64ce7cef78a325141651078fd74ac8e68c927d86ce8eb0b31504256a8881589c6ee573e664091931cb3371eaad09f8ccf045a9f787aba89c779cade0a87fac86e4ce04c0304b01478ec443b03/5/1280x720_4473040/index.m3u8
Vevo 2K (1080p),https://amg00056-vevotv-vevo2k-plex-6jb4q.amagi.tv/playlist/amg00056-vevotv-vevo2k-plex/cb51341f65706d909bc9216fd9d34ddd844c3bdd0b61cb3071aa448f1298410ddafbb2d3932fff6e429e14ce0548340508398f06d96201ccce38ee5b357d09748388ee2282cc027ee78b547538a72e4d02ab0d15d52c4e71dab14b45d46cb07f4812bc5c3b1b6188ed0bab235bc2d35c832a4be297fa59b09ade6ebf6c77d7dc3bb1c59d180d8d31f3ee590ac20d64ddb037acf4806f4de671a836c334ae54c8b8c091e31295beb542a022c52690e70a5de0806fbcb72b7ca2ba2348b9643a490e50a98f86e64b318448564effc52cde0fa23ec1932c8d6c36f455d61fc478bd62a40da8f65de0838f9f140f68ff846f732ea4e0ae9eb4627ded3dbbb0ff87222dd7a65d384bc066dd620c3d93f6c466f7a97ca1bf2d81bb7e0e7897e323b5a9f2d5a1e1f71bf64ce7cef78a325141651078fd74ac8e68c927d86ce8eb0b31504256a8881589c6ee573e664091931cb3371eaad09f8ccf045a9f787aba89c779cade0a87fac86e4ce04c0304b01478ec443b03/5/1920x1080_7333040/index.m3u8
Vevo Pop (240p),https://amg00056-vevotv-vevopop-plex-56zvo.amagi.tv/playlist/amg00056-vevotv-vevopop-plex/cb51341f65706d909bc9216fd9d34ddd844c3bdd0b61cb3071aa448f1298410ddafbb2d3932fff6e429e14ce0548340508398f06d96201ccce38ee5b357d09748388ee2282cc027ee78b547538a77c1602ac5a46d8714e71dab14845d46cb07f4812b059371b64dfb808ac7557c2d402837f4be297fa59b09ade6ebf6c77d7dc3bb1c59d180d8d31f3ee590ac20d64ddb037acf4806f4de671a836c334ae54c8b8c091e31295beb542a022c52690e70a5de0806fbcb72b7ca2ba2348b9643a490e50a98f86e64b318448564effc52cde0fa23ec1932c8d6c36f455d61fc478bd62a40da8f65de0838f9f140f68ff846f732ea4e0ae9eb4627ded3dbbb0ff87222dd7a65d384bc066dd620c3d93f6c466f7a97ca1bf2d81bb7e0e7897e323b5a9f2d5a1e1f71bf64ce7cef78a325141651078fd74ac8e68c927d86ce8eb0b31504256a8881589c6ee573e664091931cb3371eaad09f8ccf04599934033b08010bf994b7aa857618246b4d91ce38af70ec12d6cf03/34/426x240_511680/index.m3u8
Vevo Pop (360p),https://amg00056-vevotv-vevopop-plex-56zvo.amagi.tv/playlist/amg00056-vevotv-vevopop-plex/cb51341f65706d909bc9216fd9d34ddd844c3bdd0b61cb3071aa448f1298410ddafbb2d3932fff6e429e14ce0548340508398f06d96201ccce38ee5b357d09748388ee2282cc027ee78b547538a77c1602ac5a46d8714e71dab14845d46cb07f4812b059371b64dfb808ac7557c2d402837f4be297fa59b09ade6ebf6c77d7dc3bb1c59d180d8d31f3ee590ac20d64ddb037acf4806f4de671a836c334ae54c8b8c091e31295beb542a022c52690e70a5de0806fbcb72b7ca2ba2348b9643a490e50a98f86e64b318448564effc52cde0fa23ec1932c8d6c36f455d61fc478bd62a40da8f65de0838f9f140f68ff846f732ea4e0ae9eb4627ded3dbbb0ff87222dd7a65d384bc066dd620c3d93f6c466f7a97ca1bf2d81bb7e0e7897e323b5a9f2d5a1e1f71bf64ce7cef78a325141651078fd74ac8e68c927d86ce8eb0b31504256a8881589c6ee573e664091931cb3371eaad09f8ccf04599934033b08010bf994b7aa857618246b4d91ce38af70ec12d6cf03/34/640x360_1057680/index.m3u8
Vevo Pop (480p),https://amg00056-vevotv-vevopop-plex-56zvo.amagi.tv/playlist/amg00056-vevotv-vevopop-plex/cb51341f65706d909bc9216fd9d34ddd844c3bdd0b61cb3071aa448f1298410ddafbb2d3932fff6e429e14ce0548340508398f06d96201ccce38ee5b357d09748388ee2282cc027ee78b547538a77c1602ac5a46d8714e71dab14845d46cb07f4812b059371b64dfb808ac7557c2d402837f4be297fa59b09ade6ebf6c77d7dc3bb1c59d180d8d31f3ee590ac20d64ddb037acf4806f4de671a836c334ae54c8b8c091e31295beb542a022c52690e70a5de0806fbcb72b7ca2ba2348b9643a490e50a98f86e64b318448564effc52cde0fa23ec1932c8d6c36f455d61fc478bd62a40da8f65de0838f9f140f68ff846f732ea4e0ae9eb4627ded3dbbb0ff87222dd7a65d384bc066dd620c3d93f6c466f7a97ca1bf2d81bb7e0e7897e323b5a9f2d5a1e1f71bf64ce7cef78a325141651078fd74ac8e68c927d86ce8eb0b31504256a8881589c6ee573e664091931cb3371eaad09f8ccf04599934033b08010bf994b7aa857618246b4d91ce38af70ec12d6cf03/34/848x480_2284360/index.m3u8
Vevo Pop (720p),https://amg00056-vevotv-vevopop-plex-56zvo.amagi.tv/playlist/amg00056-vevotv-vevopop-plex/cb51341f65706d909bc9216fd9d34ddd844c3bdd0b61cb3071aa448f1298410ddafbb2d3932fff6e429e14ce0548340508398f06d96201ccce38ee5b357d09748388ee2282cc027ee78b547538a77c1602ac5a46d8714e71dab14845d46cb07f4812b059371b64dfb808ac7557c2d402837f4be297fa59b09ade6ebf6c77d7dc3bb1c59d180d8d31f3ee590ac20d64ddb037acf4806f4de671a836c334ae54c8b8c091e31295beb542a022c52690e70a5de0806fbcb72b7ca2ba2348b9643a490e50a98f86e64b318448564effc52cde0fa23ec1932c8d6c36f455d61fc478bd62a40da8f65de0838f9f140f68ff846f732ea4e0ae9eb4627ded3dbbb0ff87222dd7a65d384bc066dd620c3d93f6c466f7a97ca1bf2d81bb7e0e7897e323b5a9f2d5a1e1f71bf64ce7cef78a325141651078fd74ac8e68c927d86ce8eb0b31504256a8881589c6ee573e664091931cb3371eaad09f8ccf04599934033b08010bf994b7aa857618246b4d91ce38af70ec12d6cf03/34/1280x720_4473040/index.m3u8
Vevo Pop (1080p),https://amg00056-vevotv-vevopop-plex-56zvo.amagi.tv/playlist/amg00056-vevotv-vevopop-plex/cb51341f65706d909bc9216fd9d34ddd844c3bdd0b61cb3071aa448f1298410ddafbb2d3932fff6e429e14ce0548340508398f06d96201ccce38ee5b357d09748388ee2282cc027ee78b547538a77c1602ac5a46d8714e71dab14845d46cb07f4812b059371b64dfb808ac7557c2d402837f4be297fa59b09ade6ebf6c77d7dc3bb1c59d180d8d31f3ee590ac20d64ddb037acf4806f4de671a836c334ae54c8b8c091e31295beb542a022c52690e70a5de0806fbcb72b7ca2ba2348b9643a490e50a98f86e64b318448564effc52cde0fa23ec1932c8d6c36f455d61fc478bd62a40da8f65de0838f9f140f68ff846f732ea4e0ae9eb4627ded3dbbb0ff87222dd7a65d384bc066dd620c3d93f6c466f7a97ca1bf2d81bb7e0e7897e323b5a9f2d5a1e1f71bf64ce7cef78a325141651078fd74ac8e68c927d86ce8eb0b31504256a8881589c6ee573e664091931cb3371eaad09f8ccf04599934033b08010bf994b7aa857618246b4d91ce38af70ec12d6cf03/34/1920x1080_7333040/index.m3u8
Vevo Hip-Hop (240p),https://amg00056-vevotv-vevohiphop-plex-om085.amagi.tv/playlist/amg00056-vevotv-vevohiphop-plex/cb543d1f786c648884cb3a67cef341a7f90b1fde1d6988693eb5518975d1073edce2a59caa08ff16388f19c060017d351f3e9f4c80381ec0c07aa341763a1d759b86b262c9c54b52e7c8787f79e8250c45ab0d1d832654278ca41909d43ef8285416ee446f0f648ef05aab7551c3805e8a792edff8bf3a034262a04c0377d7d320b1ca92051c863d838e267ae44c657c568ffbfe28cac38d0ab47ebefb2c49bfa58eda8d4edbd8c671886f49ef072a405aa1fa1eb4dc5cb8dd826073fc236b2e7f244e5b4808be93d0673afbd3a8229e11c43384e404926936f433904e8a37826aa333408024fd80b4c54b4d35a58b0e2f77e0ad9783f5313caa75bb8cdd9d2532c8ad544c55c069dd2c3f77c7b39b4fc4d103cce772cbe4205d34c99a40dbbab780e4bfff39f64cfdcefa9c32555d235370e07396da3b9578a729c2a73e285f5f4bbe9553d0fca2773e764a948e5bc0533ea1cb878ccd0b298a2d5b6de16edd54127f8e534879f626ed952c66ea7752d02d5c1b39b457c327de48b9c4059036fe3caa21f827f8ce3333/185/426x240_511680/index.m3u8
Vevo Hip-Hop (360p),https://amg00056-vevotv-vevohiphop-plex-om085.amagi.tv/playlist/amg00056-vevotv-vevohiphop-plex/cb543d1f786c648884cb3a67cef341a7f90b1fde1d6988693eb5518975d1073edce2a59caa08ff16388f19c060017d351f3e9f4c80381ec0c07aa341763a1d759b86b262c9c54b52e7c8787f79e8250c45ab0d1d832654278ca41909d43ef8285416ee446f0f648ef05aab7551c3805e8a792edff8bf3a034262a04c0377d7d320b1ca92051c863d838e267ae44c657c568ffbfe28cac38d0ab47ebefb2c49bfa58eda8d4edbd8c671886f49ef072a405aa1fa1eb4dc5cb8dd826073fc236b2e7f244e5b4808be93d0673afbd3a8229e11c43384e404926936f433904e8a37826aa333408024fd80b4c54b4d35a58b0e2f77e0ad9783f5313caa75bb8cdd9d2532c8ad544c55c069dd2c3f77c7b39b4fc4d103cce772cbe4205d34c99a40dbbab780e4bfff39f64cfdcefa9c32555d235370e07396da3b9578a729c2a73e285f5f4bbe9553d0fca2773e764a948e5bc0533ea1cb878ccd0b298a2d5b6de16edd54127f8e534879f626ed952c66ea7752d02d5c1b39b457c327de48b9c4059036fe3caa21f827f8ce3333/185/640x360_1057680/index.m3u8
Vevo Hip-Hop (480p),https://amg00056-vevotv-vevohiphop-plex-om085.amagi.tv/playlist/amg00056-vevotv-vevohiphop-plex/cb543d1f786c648884cb3a67cef341a7f90b1fde1d6988693eb5518975d1073edce2a59caa08ff16388f19c060017d351f3e9f4c80381ec0c07aa341763a1d759b86b262c9c54b52e7c8787f79e8250c45ab0d1d832654278ca41909d43ef8285416ee446f0f648ef05aab7551c3805e8a792edff8bf3a034262a04c0377d7d320b1ca92051c863d838e267ae44c657c568ffbfe28cac38d0ab47ebefb2c49bfa58eda8d4edbd8c671886f49ef072a405aa1fa1eb4dc5cb8dd826073fc236b2e7f244e5b4808be93d0673afbd3a8229e11c43384e404926936f433904e8a37826aa333408024fd80b4c54b4d35a58b0e2f77e0ad9783f5313caa75bb8cdd9d2532c8ad544c55c069dd2c3f77c7b39b4fc4d103cce772cbe4205d34c99a40dbbab780e4bfff39f64cfdcefa9c32555d235370e07396da3b9578a729c2a73e285f5f4bbe9553d0fca2773e764a948e5bc0533ea1cb878ccd0b298a2d5b6de16edd54127f8e534879f626ed952c66ea7752d02d5c1b39b457c327de48b9c4059036fe3caa21f827f8ce3333/185/848x480_2284360/index.m3u8
Vevo Hip-Hop (720p),https://amg00056-vevotv-vevohiphop-plex-om085.amagi.tv/playlist/amg00056-vevotv-vevohiphop-plex/cb543d1f786c648884cb3a67cef341a7f90b1fde1d6988693eb5518975d1073edce2a59caa08ff16388f19c060017d351f3e9f4c80381ec0c07aa341763a1d759b86b262c9c54b52e7c8787f79e8250c45ab0d1d832654278ca41909d43ef8285416ee446f0f648ef05aab7551c3805e8a792edff8bf3a034262a04c0377d7d320b1ca92051c863d838e267ae44c657c568ffbfe28cac38d0ab47ebefb2c49bfa58eda8d4edbd8c671886f49ef072a405aa1fa1eb4dc5cb8dd826073fc236b2e7f244e5b4808be93d0673afbd3a8229e11c43384e404926936f433904e8a37826aa333408024fd80b4c54b4d35a58b0e2f77e0ad9783f5313caa75bb8cdd9d2532c8ad544c55c069dd2c3f77c7b39b4fc4d103cce772cbe4205d34c99a40dbbab780e4bfff39f64cfdcefa9c32555d235370e07396da3b9578a729c2a73e285f5f4bbe9553d0fca2773e764a948e5bc0533ea1cb878ccd0b298a2d5b6de16edd54127f8e534879f626ed952c66ea7752d02d5c1b39b457c327de48b9c4059036fe3caa21f827f8ce3333/185/1280x720_4473040/index.m3u8
Vevo Hip-Hop (1080p),https://amg00056-vevotv-vevohiphop-plex-om085.amagi.tv/playlist/amg00056-vevotv-vevohiphop-plex/cb543d1f786c648884cb3a67cef341a7f90b1fde1d6988693eb5518975d1073edce2a59caa08ff16388f19c060017d351f3e9f4c80381ec0c07aa341763a1d759b86b262c9c54b52e7c8787f79e8250c45ab0d1d832654278ca41909d43ef8285416ee446f0f648ef05aab7551c3805e8a792edff8bf3a034262a04c0377d7d320b1ca92051c863d838e267ae44c657c568ffbfe28cac38d0ab47ebefb2c49bfa58eda8d4edbd8c671886f49ef072a405aa1fa1eb4dc5cb8dd826073fc236b2e7f244e5b4808be93d0673afbd3a8229e11c43384e404926936f433904e8a37826aa333408024fd80b4c54b4d35a58b0e2f77e0ad9783f5313caa75bb8cdd9d2532c8ad544c55c069dd2c3f77c7b39b4fc4d103cce772cbe4205d34c99a40dbbab780e4bfff39f64cfdcefa9c32555d235370e07396da3b9578a729c2a73e285f5f4bbe9553d0fca2773e764a948e5bc0533ea1cb878ccd0b298a2d5b6de16edd54127f8e534879f626ed952c66ea7752d02d5c1b39b457c327de48b9c4059036fe3caa21f827f8ce3333/185/1920x1080_7333040/index.m3u8
Vevo Country (240p),https://amg00056-vevotv-vevocountry-plex-o6fj6.amagi.tv/playlist/amg00056-vevotv-vevocountry-plex/cb51341f65706d909bc9216fd9d34ddd844c3bdd0b61cb3071aa448f1298410ddafbb2d3932fff6e429e14ce0548340508398f06d96201ccce38ee5b357d09748388ee2282cc027ee78b547538a77f1957ab0710d9274e71dab14945d46cb07f484beb0b371b3188e85aab7200c389098b774be297fa59b09ade6ebf6c77d7dc3bb1c59d180d8d31f3ee590ac20d64ddb037acf4806f4de671a836c334ae54c8b8c091e31295beb542a022c52690e70a5de0806fbcb72b7ca2ba2348b9643a490e50a98f86e64b318448564effc52cde0fa23ec1932c8d6c36f455d61fc478bd62a40da8f65de0838f9f140f68ff846f732ea4e0ae9eb4627ded3dbbb0ff87222dd7a65d384bc066dd620c3d93f6c466f7a97ca1bf2d81bb7e0e7897e323b5a9f2d5a1e1f71bf64ce7cef78a325141651078fd74ac8e68c927d86ce8eb0b31504256a8881589c6ee573e664091931cb3371eaad09f8ccf04589b3442428980b8f8a0fd17520a00a3bceda3e7d6fada647a338f18de/149/426x240_511680/index.m3u8
Vevo Country (360p),https://amg00056-vevotv-vevocountry-plex-o6fj6.amagi.tv/playlist/amg00056-vevotv-vevocountry-plex/cb51341f65706d909bc9216fd9d34ddd844c3bdd0b61cb3071aa448f1298410ddafbb2d3932fff6e429e14ce0548340508398f06d96201ccce38ee5b357d09748388ee2282cc027ee78b547538a77f1957ab0710d9274e71dab14945d46cb07f484beb0b371b3188e85aab7200c389098b774be297fa59b09ade6ebf6c77d7dc3bb1c59d180d8d31f3ee590ac20d64ddb037acf4806f4de671a836c334ae54c8b8c091e31295beb542a022c52690e70a5de0806fbcb72b7ca2ba2348b9643a490e50a98f86e64b318448564effc52cde0fa23ec1932c8d6c36f455d61fc478bd62a40da8f65de0838f9f140f68ff846f732ea4e0ae9eb4627ded3dbbb0ff87222dd7a65d384bc066dd620c3d93f6c466f7a97ca1bf2d81bb7e0e7897e323b5a9f2d5a1e1f71bf64ce7cef78a325141651078fd74ac8e68c927d86ce8eb0b31504256a8881589c6ee573e664091931cb3371eaad09f8ccf04589b3442428980b8f8a0fd17520a00a3bceda3e7d6fada647a338f18de/149/640x360_1057680/index.m3u8
Vevo Country (480p),https://amg00056-vevotv-vevocountry-plex-o6fj6.amagi.tv/playlist/amg00056-vevotv-vevocountry-plex/cb51341f65706d909bc9216fd9d34ddd844c3bdd0b61cb3071aa448f1298410ddafbb2d3932fff6e429e14ce0548340508398f06d96201ccce38ee5b357d09748388ee2282cc027ee78b547538a77f1957ab0710d9274e71dab14945d46cb07f484beb0b371b3188e85aab7200c389098b774be297fa59b09ade6ebf6c77d7dc3bb1c59d180d8d31f3ee590ac20d64ddb037acf4806f4de671a836c334ae54c8b8c091e31295beb542a022c52690e70a5de0806fbcb72b7ca2ba2348b9643a490e50a98f86e64b318448564effc52cde0fa23ec1932c8d6c36f455d61fc478bd62a40da8f65de0838f9f140f68ff846f732ea4e0ae9eb4627ded3dbbb0ff87222dd7a65d384bc066dd620c3d93f6c466f7a97ca1bf2d81bb7e0e7897e323b5a9f2d5a1e1f71bf64ce7cef78a325141651078fd74ac8e68c927d86ce8eb0b31504256a8881589c6ee573e664091931cb3371eaad09f8ccf04589b3442428980b8f8a0fd17520a00a3bceda3e7d6fada647a338f18de/149/848x480_2284360/index.m3u8
Vevo Country (720p),https://amg00056-vevotv-vevocountry-plex-o6fj6.amagi.tv/playlist/amg00056-vevotv-vevocountry-plex/cb51341f65706d909bc9216fd9d34ddd844c3bdd0b61cb3071aa448f1298410ddafbb2d3932fff6e429e14ce0548340508398f06d96201ccce38ee5b357d09748388ee2282cc027ee78b547538a77f1957ab0710d9274e71dab14945d46cb07f484beb0b371b3188e85aab7200c389098b774be297fa59b09ade6ebf6c77d7dc3bb1c59d180d8d31f3ee590ac20d64ddb037acf4806f4de671a836c334ae54c8b8c091e31295beb542a022c52690e70a5de0806fbcb72b7ca2ba2348b9643a490e50a98f86e64b318448564effc52cde0fa23ec1932c8d6c36f455d61fc478bd62a40da8f65de0838f9f140f68ff846f732ea4e0ae9eb4627ded3dbbb0ff87222dd7a65d384bc066dd620c3d93f6c466f7a97ca1bf2d81bb7e0e7897e323b5a9f2d5a1e1f71bf64ce7cef78a325141651078fd74ac8e68c927d86ce8eb0b31504256a8881589c6ee573e664091931cb3371eaad09f8ccf04589b3442428980b8f8a0fd17520a00a3bceda3e7d6fada647a338f18de/149/1280x720_4473040/index.m3u8
Vevo Country (1080p),https://amg00056-vevotv-vevocountry-plex-o6fj6.amagi.tv/playlist/amg00056-vevotv-vevocountry-plex/cb51341f65706d909bc9216fd9d34ddd844c3bdd0b61cb3071aa448f1298410ddafbb2d3932fff6e429e14ce0548340508398f06d96201ccce38ee5b357d09748388ee2282cc027ee78b547538a77f1957ab0710d9274e71dab14945d46cb07f484beb0b371b3188e85aab7200c389098b774be297fa59b09ade6ebf6c77d7dc3bb1c59d180d8d31f3ee590ac20d64ddb037acf4806f4de671a836c334ae54c8b8c091e31295beb542a022c52690e70a5de0806fbcb72b7ca2ba2348b9643a490e50a98f86e64b318448564effc52cde0fa23ec1932c8d6c36f455d61fc478bd62a40da8f65de0838f9f140f68ff846f732ea4e0ae9eb4627ded3dbbb0ff87222dd7a65d384bc066dd620c3d93f6c466f7a97ca1bf2d81bb7e0e7897e323b5a9f2d5a1e1f71bf64ce7cef78a325141651078fd74ac8e68c927d86ce8eb0b31504256a8881589c6ee573e664091931cb3371eaad09f8ccf04589b3442428980b8f8a0fd17520a00a3bceda3e7d6fada647a338f18de/149/1920x1080_7333040/index.m3u8
Vevo Retro Rock (240p),https://amg00056-vevotv-vevoretrorock-ono-yv23d.amagi.tv/playlist/amg00056-vevotv-vevoretrorock-ono/cb51341f65706d909bc9216fd9d34ddd844c3bdd0b61cb3071aa448f1298410ddafbb2d3932fff6e429e14ce0548340508398f06d96201ccce38ee5b357d09748388ee2282cc027ee78b547538a72b1650fc5814852d4e71dab14945d46cb07f484aed596c1b64dbe458ab275b90835bda7c4be297fa59b09ade6ebf6c77d7dc3bb1c59d180d8d31f3ee590ac20d64ddb037acf4806f4de671a836c334ae54c8b8c091e31295beb542a022c52690e70a5de0806fbcb72b7ca2ba2348b9643a490e50a98f86e64b318448564effc52cde0fa23ec1932c8d6c36f455d61fc478bd62a40da8f65de0838f9f140f68ff846f732ea4e0ae9eb4627ded3dbbb0ff87222dd7a65d384bc066dd620c3d93f6c466f7a97ca1bf2d81bb7e0e7897e323b5a9f2d5a1e1f71bf64ce7cef78a325141651078fd74ac8e68c927d86ce8eb0b31504256a8881589c6ee573e664091931cb3371eaad09f8ccf04599c33033b080173fd94b7aa8a624d8eed8d3f51d8cb3a99bd73edfe/63/426x240_511680/index.m3u8
Vevo Retro Rock (360p),https://amg00056-vevotv-vevoretrorock-ono-yv23d.amagi.tv/playlist/amg00056-vevotv-vevoretrorock-ono/cb51341f65706d909bc9216fd9d34ddd844c3bdd0b61cb3071aa448f1298410ddafbb2d3932fff6e429e14ce0548340508398f06d96201ccce38ee5b357d09748388ee2282cc027ee78b547538a72b1650fc5814852d4e71dab14945d46cb07f484aed596c1b64dbe458ab275b90835bda7c4be297fa59b09ade6ebf6c77d7dc3bb1c59d180d8d31f3ee590ac20d64ddb037acf4806f4de671a836c334ae54c8b8c091e31295beb542a022c52690e70a5de0806fbcb72b7ca2ba2348b9643a490e50a98f86e64b318448564effc52cde0fa23ec1932c8d6c36f455d61fc478bd62a40da8f65de0838f9f140f68ff846f732ea4e0ae9eb4627ded3dbbb0ff87222dd7a65d384bc066dd620c3d93f6c466f7a97ca1bf2d81bb7e0e7897e323b5a9f2d5a1e1f71bf64ce7cef78a325141651078fd74ac8e68c927d86ce8eb0b31504256a8881589c6ee573e664091931cb3371eaad09f8ccf04599c33033b080173fd94b7aa8a624d8eed8d3f51d8cb3a99bd73edfe/63/640x360_1057680/index.m3u8
Vevo Retro Rock (480p),https://amg00056-vevotv-vevoretrorock-ono-yv23d.amagi.tv/playlist/amg00056-vevotv-vevoretrorock-ono/cb51341f65706d909bc9216fd9d34ddd844c3bdd0b61cb3071aa448f1298410ddafbb2d3932fff6e429e14ce0548340508398f06d96201ccce38ee5b357d09748388ee2282cc027ee78b547538a72b1650fc5814852d4e71dab14945d46cb07f484aed596c1b64dbe458ab275b90835bda7c4be297fa59b09ade6ebf6c77d7dc3bb1c59d180d8d31f3ee590ac20d64ddb037acf4806f4de671a836c334ae54c8b8c091e31295beb542a022c52690e70a5de0806fbcb72b7ca2ba2348b9643a490e50a98f86e64b318448564effc52cde0fa23ec1932c8d6c36f455d61fc478bd62a40da8f65de0838f9f140f68ff846f732ea4e0ae9eb4627ded3dbbb0ff87222dd7a65d384bc066dd620c3d93f6c466f7a97ca1bf2d81bb7e0e7897e323b5a9f2d5a1e1f71bf64ce7cef78a325141651078fd74ac8e68c927d86ce8eb0b31504256a8881589c6ee573e664091931cb3371eaad09f8ccf04599c33033b080173fd94b7aa8a624d8eed8d3f51d8cb3a99bd73edfe/63/848x480_2284360/index.m3u8
Vevo Retro Rock (720p),https://amg00056-vevotv-vevoretrorock-ono-yv23d.amagi.tv/playlist/amg00056-vevotv-vevoretrorock-ono/cb51341f65706d909bc9216fd9d34ddd844c3bdd0b61cb3071aa448f1298410ddafbb2d3932fff6e429e14ce0548340508398f06d96201ccce38ee5b357d09748388ee2282cc027ee78b547538a72b1650fc5814852d4e71dab14945d46cb07f484aed596c1b64dbe458ab275b90835bda7c4be297fa59b09ade6ebf6c77d7dc3bb1c59d180d8d31f3ee590ac20d64ddb037acf4806f4de671a836c334ae54c8b8c091e31295beb542a022c52690e70a5de0806fbcb72b7ca2ba2348b9643a490e50a98f86e64b318448564effc52cde0fa23ec1932c8d6c36f455d61fc478bd62a40da8f65de0838f9f140f68ff846f732ea4e0ae9eb4627ded3dbbb0ff87222dd7a65d384bc066dd620c3d93f6c466f7a97ca1bf2d81bb7e0e7897e323b5a9f2d5a1e1f71bf64ce7cef78a325141651078fd74ac8e68c927d86ce8eb0b31504256a8881589c6ee573e664091931cb3371eaad09f8ccf04599c33033b080173fd94b7aa8a624d8eed8d3f51d8cb3a99bd73edfe/63/1280x720_4473040/index.m3u8
Vevo Retro Rock (1080p),https://amg00056-vevotv-vevoretrorock-ono-yv23d.amagi.tv/playlist/amg00056-vevotv-vevoretrorock-ono/cb51341f65706d909bc9216fd9d34ddd844c3bdd0b61cb3071aa448f1298410ddafbb2d3932fff6e429e14ce0548340508398f06d96201ccce38ee5b357d09748388ee2282cc027ee78b547538a72b1650fc5814852d4e71dab14945d46cb07f484aed596c1b64dbe458ab275b90835bda7c4be297fa59b09ade6ebf6c77d7dc3bb1c59d180d8d31f3ee590ac20d64ddb037acf4806f4de671a836c334ae54c8b8c091e31295beb542a022c52690e70a5de0806fbcb72b7ca2ba2348b9643a490e50a98f86e64b318448564effc52cde0fa23ec1932c8d6c36f455d61fc478bd62a40da8f65de0838f9f140f68ff846f732ea4e0ae9eb4627ded3dbbb0ff87222dd7a65d384bc066dd620c3d93f6c466f7a97ca1bf2d81bb7e0e7897e323b5a9f2d5a1e1f71bf64ce7cef78a325141651078fd74ac8e68c927d86ce8eb0b31504256a8881589c6ee573e664091931cb3371eaad09f8ccf04599c33033b080173fd94b7aa8a624d8eed8d3f51d8cb3a99bd73edfe/63/1920x1080_7333040/index.m3u8
Stingray Classica (360p),https://lotus.stingray.com/manifest/classica-cla008-montreal/samsungtvplus/ab2001ec-760a-3ffc-94e5-f8a15e702859/1020800/manifest.m3u8
Stingray Classica (474p),https://lotus.stingray.com/manifest/classica-cla008-montreal/samsungtvplus/ab2001ec-760a-3ffc-94e5-f8a15e702859/1751200/manifest.m3u8
Stingray Classica (720p),https://lotus.stingray.com/manifest/classica-cla008-montreal/samsungtvplus/ab2001ec-760a-3ffc-94e5-f8a15e702859/3291200/manifest.m3u8
Stingray Classica (1080p),https://lotus.stingray.com/manifest/classica-cla008-montreal/samsungtvplus/ab2001ec-760a-3ffc-94e5-f8a15e702859/5711200/manifest.m3u8
Stingray DJAZZ (360p),https://lotus.stingray.com/manifest/djazz-djaads-montreal/samsungtvplus/73e02e1d-5121-3c33-b4f9-5fe1cc759880/1020800/manifest.m3u8
Stingray DJAZZ (474p),https://lotus.stingray.com/manifest/djazz-djaads-montreal/samsungtvplus/73e02e1d-5121-3c33-b4f9-5fe1cc759880/1751200/manifest.m3u8
Stingray DJAZZ (720p),https://lotus.stingray.com/manifest/djazz-djaads-montreal/samsungtvplus/73e02e1d-5121-3c33-b4f9-5fe1cc759880/3291200/manifest.m3u8
Stingray DJAZZ (1080p),https://lotus.stingray.com/manifest/djazz-djaads-montreal/samsungtvplus/73e02e1d-5121-3c33-b4f9-5fe1cc759880/5711200/manifest.m3u8
Stingray Naturescape (360p),https://lotus.stingray.com/manifest/naturescape-a003-montreal/samsungtvplus/f7ed86a4-b8ac-38e0-a745-710077a95be6/1020800/manifest.m3u8
Stingray Naturescape (474p),https://lotus.stingray.com/manifest/naturescape-a003-montreal/samsungtvplus/f7ed86a4-b8ac-38e0-a745-710077a95be6/1751200/manifest.m3u8
Stingray Naturescape (720p),https://lotus.stingray.com/manifest/naturescape-a003-montreal/samsungtvplus/f7ed86a4-b8ac-38e0-a745-710077a95be6/3291200/manifest.m3u8
Stingray Naturescape (1080p),https://lotus.stingray.com/manifest/naturescape-a003-montreal/samsungtvplus/f7ed86a4-b8ac-38e0-a745-710077a95be6/5711200/manifest.m3u8
Movie Music by Stingray (360p),https://lotus.stingray.com/manifest/cmusic-cme004-montreal/samsungtvplus/dee3e3af-2706-3e77-a952-91b99f6d1819/1020800/manifest.m3u8
Movie Music by Stingray (474p),https://lotus.stingray.com/manifest/cmusic-cme004-montreal/samsungtvplus/dee3e3af-2706-3e77-a952-91b99f6d1819/1751200/manifest.m3u8
Movie Music by Stingray (720p),https://lotus.stingray.com/manifest/cmusic-cme004-montreal/samsungtvplus/dee3e3af-2706-3e77-a952-91b99f6d1819/3291200/manifest.m3u8
Movie Music by Stingray (1080p),https://lotus.stingray.com/manifest/cmusic-cme004-montreal/samsungtvplus/dee3e3af-2706-3e77-a952-91b99f6d1819/5711200/manifest.m3u8
Qello Concerts by Stingray (360p),https://lotus.stingray.com/manifest/qello-qello001-montreal/samsungtvplus/f3b3b889-e519-3156-810f-18850e58a304/1020800/manifest.m3u8
Qello Concerts by Stingray (474p),https://lotus.stingray.com/manifest/qello-qello001-montreal/samsungtvplus/f3b3b889-e519-3156-810f-18850e58a304/1751200/manifest.m3u8
Qello Concerts by Stingray (720p),https://lotus.stingray.com/manifest/qello-qello001-montreal/samsungtvplus/f3b3b889-e519-3156-810f-18850e58a304/3291200/manifest.m3u8
Qello Concerts by Stingray (1080p),https://lotus.stingray.com/manifest/qello-qello001-montreal/samsungtvplus/f3b3b889-e519-3156-810f-18850e58a304/5711200/manifest.m3u8
Now 70s (360p),https://lightning-now70s-samsungnz.amagi.tv/playlist360p.m3u8
Now 70s (480p),https://lightning-now70s-samsungnz.amagi.tv/playlist480p.m3u8
Now 70s (720p),https://lightning-now70s-samsungnz.amagi.tv/playlist720p.m3u8
Now 80s (360p),https://lightning-now80s-samsungnz.amagi.tv/playlist360p.m3u8
Now 80s (480p),https://lightning-now80s-samsungnz.amagi.tv/playlist480p.m3u8
Now 80s (720p),https://lightning-now80s-samsungnz.amagi.tv/playlist720p.m3u8
Now Rock (360p),https://lightning-now90s-samsungnz.amagi.tv/playlist360p.m3u8
Now Rock (480p),https://lightning-now90s-samsungnz.amagi.tv/playlist480p.m3u8
Now Rock (720p),https://lightning-now90s-samsungnz.amagi.tv/playlist720p.m3u8
Xite Hits (240p),https://xite-hitsuk-lg.amagi.tv/240p/index.m3u8
Xite Hits (360p),https://xite-hitsuk-lg.amagi.tv/360p/index.m3u8
Xite Hits (480p),https://xite-hitsuk-lg.amagi.tv/480p/index.m3u8
Xite Hits (720p),https://xite-hitsuk-lg.amagi.tv/720p/index.m3u8
Xite Hits (1080p),https://xite-hitsuk-lg.amagi.tv/1080p/index.m3u8
XITE Rock x Metal (240p),https://xite-rockoneu-lg.amagi.tv/240p/index.m3u8
XITE Rock x Metal (360p),https://xite-rockoneu-lg.amagi.tv/360p/index.m3u8
XITE Rock x Metal (480p),https://xite-rockoneu-lg.amagi.tv/480p/index.m3u8
XITE Rock x Metal (720p),https://xite-rockoneu-lg.amagi.tv/720p/index.m3u8
XITE Rock x Metal (1080p),https://xite-rockoneu-lg.amagi.tv/1080p/index.m3u8
Staccs Music TV 80's Hits (360p),https://b9c1982ea06743cca84fc96bd88dad38.mediatailor.us-east-1.amazonaws.com/v1/manifest/f4e8c53a8367a5b58e20ce054ea3ce25a3e904d3/Samsung-es_STACCSTVThrowback/c6383a68-7837-4998-9804-e8786fd0d232/0.m3u8
Staccs Music TV 80's Hits (540p),https://b9c1982ea06743cca84fc96bd88dad38.mediatailor.us-east-1.amazonaws.com/v1/manifest/f4e8c53a8367a5b58e20ce054ea3ce25a3e904d3/Samsung-es_STACCSTVThrowback/c6383a68-7837-4998-9804-e8786fd0d232/1.m3u8
Staccs Music TV 80's Hits (720p),https://b9c1982ea06743cca84fc96bd88dad38.mediatailor.us-east-1.amazonaws.com/v1/manifest/f4e8c53a8367a5b58e20ce054ea3ce25a3e904d3/Samsung-es_STACCSTVThrowback/c6383a68-7837-4998-9804-e8786fd0d232/2.m3u8
New K-Pop (360p),https://newidco-newkid-1-eu.plex.wurl.tv/1200.m3u8
New K-Pop (540p),https://newidco-newkid-1-eu.plex.wurl.tv/2000.m3u8
New K-Pop (720p),https://newidco-newkid-1-eu.plex.wurl.tv/3000.m3u8
New K-Pop (1080p),https://newidco-newkid-1-eu.plex.wurl.tv/4300.m3u8
YG TV (216p),https://newidco-ygtv-1-us.plex.wurl.tv/512.m3u8
YG TV (360p),https://newidco-ygtv-1-us.plex.wurl.tv/1200.m3u8
YG TV (540p),https://newidco-ygtv-1-us.plex.wurl.tv/2000.m3u8
YG TV (720p),https://newidco-ygtv-1-us.plex.wurl.tv/3000.m3u8
YG TV (1080p),https://newidco-ygtv-1-us.plex.wurl.tv/4300.m3u8
Classic Arts Showcase (360p),https://classicarts.akamaized.net/hls/live/1024257/CAS/master_360p30.m3u8
Classic Arts Showcase (480p),https://classicarts.akamaized.net/hls/live/1024257/CAS/master_480p30.m3u8
Classic Arts Showcase (720p),https://classicarts.akamaized.net/hls/live/1024257/CAS/master_720p30.m3u8
Clubbing TV (360p),https://clubbingtv-samsungnz.amagi.tv/playlist360_p.m3u8
Clubbing TV (540p),https://clubbingtv-samsungnz.amagi.tv/playlist540_p.m3u8
Clubbing TV (720p),https://clubbingtv-samsungnz.amagi.tv/playlist720_p.m3u8
Afrobeats (240p),https://stream.ecable.tv/afrobeats/tracks-v6a1/mono.m3u8
Afrobeats (360p),https://stream.ecable.tv/afrobeats/tracks-v5a1/mono.m3u8
Afrobeats (480p),https://stream.ecable.tv/afrobeats/tracks-v4a1/mono.m3u8
Afrobeats (576p),https://stream.ecable.tv/afrobeats/tracks-v3a1/mono.m3u8
Afrobeats (720p),https://stream.ecable.tv/afrobeats/tracks-v2a1/mono.m3u8
Afrobeats (1080p),https://stream.ecable.tv/afrobeats/tracks-v1a1/mono.m3u8
Qwest TV (240p),https://qwest-jazz-plex.amagi.tv/240p-cc/index.m3u8
Qwest TV (360p),https://qwest-jazz-plex.amagi.tv/360p-cc/index.m3u8
Qwest TV (480p),https://qwest-jazz-plex.amagi.tv/480p-cc/index.m3u8
Qwest TV (720p),https://qwest-jazz-plex.amagi.tv/720p-cc/index.m3u8
Qwest TV (1080p),https://qwest-jazz-plex.amagi.tv/1080p-cc/index.m3u8
SPIN (216p),https://bec-spin-1-us.plex.wurl.tv/512.m3u8
SPIN (360p),https://bec-spin-1-us.plex.wurl.tv/1200.m3u8
SPIN (540p),https://bec-spin-1-us.plex.wurl.tv/2000.m3u8
SPIN (720p),https://bec-spin-1-us.plex.wurl.tv/3000.m3u8
SPIN (1080p),https://bec-spin-1-us.plex.wurl.tv/4300.m3u8
Def Jam (360p),https://aegis-cloudfront-1.tubi.video/b2fc97e6-b98f-42b4-be35-bd0361f1f637/index_4.m3u8
Def Jam (480p),https://aegis-cloudfront-1.tubi.video/b2fc97e6-b98f-42b4-be35-bd0361f1f637/index_3.m3u8
Def Jam (540p),https://aegis-cloudfront-1.tubi.video/b2fc97e6-b98f-42b4-be35-bd0361f1f637/index_2.m3u8
Def Jam (720p),https://aegis-cloudfront-1.tubi.video/b2fc97e6-b98f-42b4-be35-bd0361f1f637/index_1.m3u8
California Music Channel (360p),https://cmc-ono.amagi.tv/playlist360_p.m3u8
California Music Channel (504p),https://cmc-ono.amagi.tv/playlist504_p.m3u8
California Music Channel (720p),https://cmc-ono.amagi.tv/playlist720_p.m3u8
California Music Channel (1080p),https://cmc-ono.amagi.tv/playlist1080_p.m3u8
Loupe (720p),https://d2dw21aq0j0l5c.cloudfront.net/playlist_1280x720.m3u8
Loupe (1080p),https://d2dw21aq0j0l5c.cloudfront.net/playlist_1920x1080.m3u8
Loupe (1440p),https://d2dw21aq0j0l5c.cloudfront.net/playlist_2560x1440.m3u8
Loupe (2160p),https://d2dw21aq0j0l5c.cloudfront.net/playlist_3840x2160.m3u8
Retro TV,https://stream.mediawork.cz/retrotv/retrotvHQ1/chunklist_w2024688549.m3u8
Magic TV,https://tv.broadcasting.ro/magictv/925f90db-5c88-4190-a53d-5163cdffe6f4_output_0.m3u8
Kiss TV,https://tv.broadcasting.ro/kisstv/a629c031-2170-4ee9-a36d-87a891aa3131_output_0.m3u8
Kiss Kiss TV,https://58f12ffd2447a.streamlock.net/KKMulti/livestream/chunklist_w92801553.m3u8
Muzzik Rock&Roll,https://muzzik-live.morescreens.com/mts-1/576p/chunklist.m3u8
Muzzik FLASHBACK,https://muzzik-live.morescreens.com/mts-8/576p/chunklist.m3u8
Muzzik ELECTRO,https://muzzik-live.morescreens.com/mts-9/576p/chunklist.m3u8
Global Fashion Channel (360p),https://pubgfc.teleosmedia.com/linear/globalfashionchannel/globalfashionchannel/cdbe280e-0aea-4bbe-861f-fd115abcfec7_360p.m3u8
Global Fashion Channel (540p),https://pubgfc.teleosmedia.com/linear/globalfashionchannel/globalfashionchannel/cdbe280e-0aea-4bbe-861f-fd115abcfec7_540p.m3u8
Global Fashion Channel (720p),https://pubgfc.teleosmedia.com/linear/globalfashionchannel/globalfashionchannel/cdbe280e-0aea-4bbe-861f-fd115abcfec7_720p.m3u8
Global Fashion Channel (1080p),https://pubgfc.teleosmedia.com/linear/globalfashionchannel/globalfashionchannel/cdbe280e-0aea-4bbe-861f-fd115abcfec7_1080p.m3u8
Fashion TV (360p),https://amg01546-ftv-fashiontv-xiaomi-i9oiw.amagi.tv/playlist/amg01546-ftv-fashiontv-xiaomi/cb553d1c7f6c648a9cd43e63d6ef42a1df246ffc087a8d6933fb4b926bc10f41e2e5af97b20cac7822fb0fd87f0b66413925924d8b2245d8d964a85a243e517e9b99ac7bc0894e50e98d1f5d7fe0214143ea0b15d7230624daba57098068ed345442ed0f230f33d5bb44fe7001cd86028b7a7f8bf9df03404765676ba61ccf9224c3edd42714983dff932372a75e26c7199604e6368ff19702cf69b66cc1168caa34b8f2aeb446b71b4126c24d9bea0f7fe99678b3833797c9936876a87e235f116f01c2f9a363339c4e4f50f9b09ef135bf5bf9802b856f20a840b67bc466c43af14993f347a4a8b5cb0d1677f49f1b7331fab4f1c4ab7c73b16ff0a7a9fa767f92f9660b2da05ad12c2f3787ee8b43f6a53ba2f675cbe5134c52a9bc4c988fbd90e0b69930e70cc4d3f18a33475a23211a9651ad8868c96990389fc71d25535a57effd71c195d24a3f7245e5d1068c0b7a59ba476818d45d9943b3e94b79be6c7b8eb0c18add5701/188/640x360_1020800/index.m3u8
Fashion TV (480p),https://amg01546-ftv-fashiontv-xiaomi-i9oiw.amagi.tv/playlist/amg01546-ftv-fashiontv-xiaomi/cb553d1c7f6c648a9cd43e63d6ef42a1df246ffc087a8d6933fb4b926bc10f41e2e5af97b20cac7822fb0fd87f0b66413925924d8b2245d8d964a85a243e517e9b99ac7bc0894e50e98d1f5d7fe0214143ea0b15d7230624daba57098068ed345442ed0f230f33d5bb44fe7001cd86028b7a7f8bf9df03404765676ba61ccf9224c3edd42714983dff932372a75e26c7199604e6368ff19702cf69b66cc1168caa34b8f2aeb446b71b4126c24d9bea0f7fe99678b3833797c9936876a87e235f116f01c2f9a363339c4e4f50f9b09ef135bf5bf9802b856f20a840b67bc466c43af14993f347a4a8b5cb0d1677f49f1b7331fab4f1c4ab7c73b16ff0a7a9fa767f92f9660b2da05ad12c2f3787ee8b43f6a53ba2f675cbe5134c52a9bc4c988fbd90e0b69930e70cc4d3f18a33475a23211a9651ad8868c96990389fc71d25535a57effd71c195d24a3f7245e5d1068c0b7a59ba476818d45d9943b3e94b79be6c7b8eb0c18add5701/188/848x480_1249600/index.m3u8
Fashion TV (720p),https://amg01546-ftv-fashiontv-xiaomi-i9oiw.amagi.tv/playlist/amg01546-ftv-fashiontv-xiaomi/cb553d1c7f6c648a9cd43e63d6ef42a1df246ffc087a8d6933fb4b926bc10f41e2e5af97b20cac7822fb0fd87f0b66413925924d8b2245d8d964a85a243e517e9b99ac7bc0894e50e98d1f5d7fe0214143ea0b15d7230624daba57098068ed345442ed0f230f33d5bb44fe7001cd86028b7a7f8bf9df03404765676ba61ccf9224c3edd42714983dff932372a75e26c7199604e6368ff19702cf69b66cc1168caa34b8f2aeb446b71b4126c24d9bea0f7fe99678b3833797c9936876a87e235f116f01c2f9a363339c4e4f50f9b09ef135bf5bf9802b856f20a840b67bc466c43af14993f347a4a8b5cb0d1677f49f1b7331fab4f1c4ab7c73b16ff0a7a9fa767f92f9660b2da05ad12c2f3787ee8b43f6a53ba2f675cbe5134c52a9bc4c988fbd90e0b69930e70cc4d3f18a33475a23211a9651ad8868c96990389fc71d25535a57effd71c195d24a3f7245e5d1068c0b7a59ba476818d45d9943b3e94b79be6c7b8eb0c18add5701/188/1280x720_2657600/index.m3u8
Fashion TV (1080p),https://amg01546-ftv-fashiontv-xiaomi-i9oiw.amagi.tv/playlist/amg01546-ftv-fashiontv-xiaomi/cb553d1c7f6c648a9cd43e63d6ef42a1df246ffc087a8d6933fb4b926bc10f41e2e5af97b20cac7822fb0fd87f0b66413925924d8b2245d8d964a85a243e517e9b99ac7bc0894e50e98d1f5d7fe0214143ea0b15d7230624daba57098068ed345442ed0f230f33d5bb44fe7001cd86028b7a7f8bf9df03404765676ba61ccf9224c3edd42714983dff932372a75e26c7199604e6368ff19702cf69b66cc1168caa34b8f2aeb446b71b4126c24d9bea0f7fe99678b3833797c9936876a87e235f116f01c2f9a363339c4e4f50f9b09ef135bf5bf9802b856f20a840b67bc466c43af14993f347a4a8b5cb0d1677f49f1b7331fab4f1c4ab7c73b16ff0a7a9fa767f92f9660b2da05ad12c2f3787ee8b43f6a53ba2f675cbe5134c52a9bc4c988fbd90e0b69930e70cc4d3f18a33475a23211a9651ad8868c96990389fc71d25535a57effd71c195d24a3f7245e5d1068c0b7a59ba476818d45d9943b3e94b79be6c7b8eb0c18add5701/188/1920x1080_4716800/index.m3u8
Love Nature (240p),https://bamus-lovenature-lg.amagi.tv/240p-cc/index.m3u8
Love Nature (360p),https://bamus-lovenature-lg.amagi.tv/360p-cc/index.m3u8
Love Nature (480p),https://bamus-lovenature-lg.amagi.tv/480p-cc/index.m3u8
Love Nature (720p),https://bamus-lovenature-lg.amagi.tv/720p-cc/index.m3u8
Love Nature (1080p),https://bamus-lovenature-lg.amagi.tv/1080p-cc/index.m3u8
NBC LX Home (360p),https://nbculocallive.akamaized.net/hls/live/2037096/lx/use1-2.m3u8
NBC LX Home (432p),https://nbculocallive.akamaized.net/hls/live/2037096/lx/use1-1.m3u8
NBC LX Home (720p),https://nbculocallive.akamaized.net/hls/live/2037096/lx/use1-4.m3u8
NBC LX Home (1080p),https://nbculocallive.akamaized.net/hls/live/2037096/lx/use1-5.m3u8
MTV 80s,http://iuhqittr.otttv.pw/iptv/TH7AMEND7RFRKH77776RQDDT/31558/index.m3u8
MTV 90s,http://iuhqittr.otttv.pw/iptv/TH7AMEND7RFRKH77776RQDDT/31560/index.m3u8
MTV 00s,http://iuhqittr.otttv.pw/iptv/TH7AMEND7RFRKH77776RQDDT/31559/index.m3u8
MTV Live,http://iuhqittr.otttv.pw/iptv/TH7AMEND7RFRKH77776RQDDT/221/index.m3u8
MTV Classic,http://iuhqittr.otttv.pw/iptv/TH7AMEND7RFRKH77776RQDDT/142/index.m3u8
MTV Hits,http://iuhqittr.otttv.pw/iptv/TH7AMEND7RFRKH77776RQDDT/153/index.m3u8
Club MTV,http://iuhqittr.otttv.pw/iptv/TH7AMEND7RFRKH77776RQDDT/558/index.m3u8
MTV Music,http://iuhqittr.otttv.pw/iptv/TH7AMEND7RFRKH77776RQDDT/19192/index.m3u8
MTV India,http://iuhqittr.otttv.pw/iptv/TH7AMEND7RFRKH77776RQDDT/6582/index.m3u8
MyTime Movie Network,https://amg00500-studiocitypictu-mytimemovientus-plex-00p3m.amagi.tv/playlist/amg00500-studiocitypictu-mytimemovientus-plex/playlist.m3u8
Miramax Movie Channel,https://linear-798.frequency.stream/mt/plex/798/hls/master/playlist.m3u8
MovieSphere,https://plexaaaaa-moviesphere-plex-efzys.amagi.tv/playlist/plexaaaaa-moviesphere-plex/playlist.m3u8
Universal Movies,https://xumo-xumoent-ch839-d5ey0.fast.nbcuni.com/live/master.m3u8
CineLife,https://magnoliaa-cinelife-oando-n6z8u.amagi.tv/playlist/magnoliaA-cinelife-oando/playlist.m3u8
◆◆◆　https://raw.githubusercontent.com/iptv-org/iptv/master/streams/cn.m3u
Ando TV (1080p),http://play.kankanlive.com/live/1711956137852982.m3u8
Anshun Comprehensive News Channel,https://hplayer1.juyun.tv/camera/154379194.m3u8
Beijing Traffic Radio TV [Geo-blocked],http://123.56.24.28:1935/live/fm1039/96K/tzwj_video.m3u8
Beijing Youth Radio [Geo-blocked],http://audiolive.rbc.cn:1935/live/am927/96K/tzwj_video.m3u8
BRTV Kaku Childrens Channel,http://223.111.191.105/downflv.brtvcloud.com/kkkkasd/winfr.m3u8
BRTV 北京卫视 (1080p),http://go.bkpcp.top/mg/bjws
BRTV 北京卫视 [Not 24/7],http://ivi.bupt.edu.cn/hls/btv1.m3u8
BRTV 北京卫视,http://118.81.195.79:9003/hls/20/index.m3u8
CGTN (1080p),https://amg00405-rakutentv-cgtn-rakuten-i9tar.amagi.tv/master.m3u8
CGTN (1080p),https://english-livebkali.cgtn.com/live/encgtn.m3u8
CGTN (720p),http://217.20.112.199:8080/cgtn/index.m3u8
CGTN Documentary (1080p),https://amg00405-rakutentv-cgtndocumentary-rakuten-0ql8j.amagi.tv/master.m3u8
CGTN Spanish (720p),http://45.165.82.19/test/index.m3u8
Chifeng Comprehensive News Chanel,http://play1-qk.nmtv.cn/live/1735546697341033.m3u8
CND Film Middle School Channel,http://live2.rxip.sc96655.com/live/zxs_4000.m3u8?A=&E=&K=&P=&S=&U=
CND Film Middle School Channel,http://live-play.zxstv.com.cn/zhongxuesheng/zhongxuesheng.m3u8
Foshan News TV,http://dslive.grtn.cn/fszh/sd/live.m3u8
Golden Eagle Cartoon,http://1.24.190.98:10080/hls/51/index.m3u8
Guangzhou TV,https://tencentplaybusiness.gztv.com/live/zonghes.m3u8
Harbin Comprehensive News Channel,https://stream.hrbtv.net/xwzh/playlist.m3u8?_upt=ef41dd531755913594
Harbin Movie Channel,https://stream.hrbtv.net/yspd/playlist.m3u8
Hebei TV (2160p),https://event.pull.hebtv.com/live/live101.m3u8
Jiangxi Children's Channel,https://play-live-hls.jxtvcn.com.cn/live-city/tv_jxtv6.m3u8
Jiangxi City Channel,https://play-live-hls.jxtvcn.com.cn/live-city/tv_jxtv2.m3u8
Jiangxi Economy & Life Channel,https://play-live-hls.jxtvcn.com.cn/live-city/tv_jxtv3.m3u8
Jiangxi Movie Channel,https://play-live-hls.jxtvcn.com.cn/live-city/tv_jxtv4.m3u8
Jiangxi Public & Agriculture Channel,https://play-live-hls.jxtvcn.com.cn/live-city/tv_jxtv5.m3u8
Jilin City Channel,https://lsfb.avap.jilintv.cn/zqvk7vpj/channel/7e8474e6daea44ccaa5aa2300191439e/index.m3u8
Jilin Lifestyle Channel,https://lsfb.avap.jilintv.cn/zqvk7vpj/channel/0a76740c72b74fabae611845aa21e06a/index.m3u8
Jilin Movie Channel,https://lsfb.avap.jilintv.cn/zqvk7vpj/channel/906341e6f19b4c4bacdc89941eb85d12/index.m3u8
Jilin Rural Channel,https://lsfb.avap.jilintv.cn/zqvk7vpj/channel/3ffc4824dce54b92be185555923ce382/index.m3u8
Liangshan TV [Not 24/7],http://118.122.2.29:9999/hls/47/index.m3u8
Nanchang News & Generalist Channel,https://play-live-hls.jxtvcn.com.cn/live-city/tv_nanchang.m3u8
Nei Monggol TV (1080i) [Not 24/7],http://play1-qk.nmtv.cn/live/1769652018126032.m3u8
Nei Monggol TV,http://1.24.190.98:10080/hls/39/index.m3u8
Nei Monggol TV,http://110.19.156.172:9901/tsfile/live/1003_1.m3u8
Nei Monggol TV 2 Mongolian Culture Channel,http://1.24.190.98:10080/hls/40/index.m3u8
QTV-1,http://video10.qtv.com.cn/drm/qtv1at/manifest.m3u8
QTV-2,http://video10.qtv.com.cn/drm/qtv2at/manifest.m3u8
QTV-3,http://video10.qtv.com.cn/drm/qtv3at/manifest.m3u8
QTV-4,http://video10.qtv.com.cn/drm/qtv4at/manifest.m3u8
QTV-5,http://video10.qtv.com.cn/drm/qtv5at/manifest.m3u8
QTV-6,http://video10.qtv.com.cn/drm/qtv6at/manifest.m3u8
Shaanxi Satelital TV,http://stream.snrtv.com/sxbc-star-cdxWY0.m3u8
Shenzhen Satellite TV (2160p),https://livepull-tcms.sztv.com.cn/live/sz4Kpgm.m3u8
Siping TV,http://stream2.jlntv.cn/sptv/sd/live.m3u8?_upt=f27750421743154598
STV City,http://61.173.144.157:9901/tsfile/live/1001_1.m3u8?authid=0&key=txiptv&playlive=1
STV News and General,http://61.173.144.157:9901/tsfile/live/1000_1.m3u8?authid=0&key=txiptv&playlive=1
Tonghua TV (1080p),http://lsfb.avap.jilintv.cn/zqvk7vpj/channel/43ea5771aa44421591f9dfd2b71f1b9b/index.m3u8
Tonghua TV (1080p),https://lsfb.avap.jilintv.cn/zqvk7vpj/channel/43ea5771aa44421591f9dfd2b71f1b9b/index.m3u8
VOA美国之音 (1080p),https://voa-ingest.akamaized.net/hls/live/2033878/tvmc08/playlist.m3u8
Xinjiang TV 1,https://klmysjtzb.rcsxzx.com/hls/klmy2.m3u8
Xinjiang TV 3,http://120.70.60.179:9901/tsfile/live/1006_1.m3u8?authid=0&key=txiptv&playlive=1
Xinjiang TV 3,http://218.84.35.38:3000/m3u8/live/tctv-2/index.m3u8
Xinjiang TV 3,https://st-video.xjmty.com/fs/livedit/e55abfa37af26e19/8ce9971c2177b3dd.m3u8
Xinjiang TV 8,http://120.70.60.179:9901/tsfile/live/1002_1.m3u8?authid=0&key=txiptv&playlive=1
Xizang TV Tibetan (720p) [Not 24/7],http://php.jdshipin.com:8880/xztv.php?id=zy
Zhejiang Satellite TV,https://play-qukan.cztv.com/live/1758879019692345.m3u8
Zhejiang TV International,https://ali-m-l.cztv.com/channels/lantian/channel10/1080p.m3u8
万州三峡移民 (576p) [Not 24/7],http://123.146.162.24:8013/tslslive/PU2vzMI/hls/live_sd.m3u8
万州影视 (576p) [Not 24/7],http://123.146.162.24:8013/tslslive/vWlnEzU/hls/live_sd.m3u8
上虞1新闻综合 (720p) [Not 24/7],https://l.cztvcloud.com/channels/lantian/SXshangyu1/720p.m3u8
上虞3新商都 (720p) [Not 24/7],https://l.cztvcloud.com/channels/lantian/SXshangyu3/720p.m3u8
上虞经济文化 (720p) [Not 24/7],https://l.cztvcloud.com/channels/lantian/SXshangyu2/720p.m3u8
乐清新闻 [Geo-blocked],http://33809.hlsplay.aodianyun.com/guangdianyun_33809/tv_channel_170.m3u8
乐清生活 [Geo-blocked],http://33809.hlsplay.aodianyun.com/guangdianyun_33809/tv_channel_171.m3u8
云南 Ⅰ 文山公共台 (1080p),http://tvdrs.wsrtv.com.cn:8100/channellive/ch2.flv
云南 Ⅰ 文山综合台 (1080p) [Not 24/7],http://tvdrs.wsrtv.com.cn:8100/channellive/ch1.flv
亚太台 (480p),http://174.127.67.246/live330/playlist.m3u8
交城电视台 (576p),http://sxjc.chinashadt.com:2036/live/stream:jctv.stream/playlist.m3u8
京视剧场 (576p),http://223.110.245.143/ott.js.chinamobile.com/PLTV/3/224/3221227040/index.m3u8
亳州新闻频道 (360p),http://220.180.110.101:8083/videos/live/33/59/NC7XQdEveyncq/NC7XQdEveyncq.m3u8
仙桃新闻综合 (576p),http://221.233.242.239:280/live/71/playlist.m3u8
仙桃生活文体 (576p),http://221.233.242.239:280/live/72/playlist.m3u8
内江公共 (720p),http://njzb.scnj.tv:90/live/gggy_gggy800.m3u8
内江科教 (720p),http://njzb.scnj.tv:90/live/kjpd_kjpd800.m3u8
农安新闻综合 [Geo-blocked],https://stream2.jlntv.cn/naxw/sd/live.m3u8
利川公共 (576p) [Geo-blocked],http://lichuan.live.tempsource.cjyun.org/videotmp/s10093-lcgg.m3u8
利川公共 (180p) [Not 24/7],http://uni6rtmp.tulix.tv:1935/vbstv/vbsabr.smil/chunklist_w1847269952_b204800.m3u8
利川新闻综合 (480p) [Not 24/7],http://uni6rtmp.tulix.tv:1935/vbstv/vbsabr.smil/chunklist_w439903609_b1228800.m3u8
前郭综合 [Geo-blocked],https://stream2.jlntv.cn/qg/sd/live.m3u8
动作电影 (1080p),http://39.134.19.68/dbiptv.sn.chinamobile.com/PLTV/88888888/224/3221226465/index.m3u8
动画王国 (1080p),http://183.207.248.71/cntv/live1/donghuawg/donghuawg
北京纪实 (1080p),http://39.134.115.163:8080/PLTV/88888910/224/3221225675/index.m3u8
北京纪实 (1080p),http://39.134.115.163:8080/PLTV/88888910/224/3221225676/index.m3u8
华亭电视台 (1080p),http://117.156.28.119/270000001111/1110000148/index.m3u8
华数 (720p) [Not 24/7],http://hls-ott-zhibo.wasu.tv/live/442/index.m3u8
南川新闻综合 (360p),http://221.5.213.4:30000/1111.m3u8
南川旅游经济 (360p),http://221.5.213.4:30000/2222.m3u8
南阳新闻 (1080p) [Not 24/7],http://30539.hlsplay.aodianyun.com/lms_30539/tv_channel_142.m3u8
南阳科教频道 (1080p) [Not 24/7],http://30539.hlsplay.aodianyun.com/lms_30539/tv_channel_296.m3u8
吉州新闻综合 (1080p),http://218.204.153.158/10.m3u8
吉林市新闻综合 [Geo-blocked],https://stream2.jlntv.cn/jilin1/sd/live.m3u8
吴江新闻综合 (720p) [Not 24/7],http://30515.hlsplay.aodianyun.com/lms_30515/tv_channel_239.m3u8
和政电视,http://117.156.28.119/270000001111/1110000149/index.m3u8
四川 Ⅰ 四川影视台 (720p) [Not 24/7],http://scgctvshow.sctv.com/hdlive/sctv5/index.m3u8
四川 Ⅰ 四川新闻台 (720p) [Not 24/7],http://scgctvshow.sctv.com/hdlive/sctv4/index.m3u8
四川 Ⅰ 巴中综合台 (1080p) [Not 24/7],http://30814.hlsplay.aodianyun.com/lms_30814/tv_channel_246.flv
四川 Ⅰ 星空购物台 (720p) [Not 24/7],http://scgctvshow.sctv.com/hdlive/sctv6/index.m3u8
四川 Ⅰ 达州公共台 (720p) [Not 24/7],http://m3u8.channellive.dzxw.net/cms/videos/nmip-media/channellive/channel36/playlist.m3u8
四川 Ⅰ 达州综合台 (720p) [Not 24/7],http://m3u8.channellive.dzxw.net/cms/videos/nmip-media/channellive/channel35/playlist.m3u8
四川公共 (720p),http://scgctvshow.sctv.com/hdlive/sctv9/index.m3u8
四川妇女儿童 (720p) [Not 24/7],http://scgctvshow.sctv.com/hdlive/sctv7/index.m3u8
大冶一套 [Geo-blocked],http://dayeyun.live.tempsource.cjyun.org/videotmp/s10102-TC1T.m3u8
大冶二套 [Geo-blocked],http://dayeyun.live.tempsource.cjyun.org/videotmp/s10102-TC2T.m3u8
大悟综合 [Geo-blocked],http://yunshangdawu.live.tempsource.cjyun.org/videotmp/s10129-dwzhpd.m3u8
大爱海外 (720p),https://pulltv3.wanfudaluye.com/live/tv3.m3u8
孟州电视台 (1080p) [Not 24/7],http://live.dxhmt.cn:9081/tv/10883-1.m3u8
完美游戏 (1080p) [Not 24/7],http://183.207.248.71/cntv/live1/wmyx/wmyx
家庭理财 (576p),http://223.110.245.139/PLTV/4/224/3221227011/index.m3u8
家有购物 (720p) [Not 24/7],http://183.207.248.71/cntv/live1/SD-1500k-576P-jiayougw/SD-1500k-576P-jiayougw
宿州公共 (1080p) [Not 24/7],http://live.ahsz.tv/video/s10001-ggpd/index.m3u8
少儿科教,http://121.19.134.246:808/hls/23/index.m3u8
山东影视 (406p) [Geo-blocked],http://livealone302.iqilu.com/iqilu/yspd.m3u8
岳阳公共 (576p),http://live.hnxttv.com:9601/live/dspd/800K/tzwj_video.m3u8?BVUUID=C236454D-5355-2F5F-FA96-1887C72E55CE&auth=654837809071524@615@2E9A5FD0B225B012E3178551CF3754A8
岷县电视台 (1080p),http://117.156.28.119/270000001111/1110000130/index.m3u8
嵊州综合 (720p) [Not 24/7],https://l.cztvcloud.com/channels/lantian/SXshengzhou1/720p.m3u8
广东 Ⅰ 韶关公共台 (720p) [Not 24/7],https://www.sgmsw.cn/videos/tv/201805/1308/9P424TC5M000AFO13CXK6GN6BOA889D2/hls/live.m3u8
广水新闻综合 [Geo-blocked],http://guangshui.live.tempsource.cjyun.org/videotmp/s10146-GSXW.m3u8
延边新闻综合 [Geo-blocked],https://stream2.jlntv.cn/jlyb/sd/live.m3u8
建安电视台 (1080p) [Not 24/7],http://live.dxhmt.cn:9081/tv/11003-1.m3u8
弈坛春秋 (576p),http://223.110.245.139/PLTV/4/224/3221227031/index.m3u8
张家界1 (240p) [Not 24/7],http://stream.zjjrtv.com/zjjtv1/hd/live.m3u8
张家界2台 (240p) [Not 24/7],http://stream.zjjrtv.com/zjjtv2/hd/live.m3u8
徐州新闻综合 (1080p),http://223.110.245.165/ott.js.chinamobile.com/PLTV/3/224/3221225945/index.m3u8
徐州经济生活 (1080p),http://223.110.245.167/ott.js.chinamobile.com/PLTV/3/224/3221225947/index.m3u8
房山电视台 (576p),https://live.funhillrm.com/2/playlist.m3u8
抚州公共 (270p),http://111.75.179.195:30767/video/live_vide2.m3u8
抚州综合频道 (270p) [Not 24/7],http://111.75.179.195:30767/video/live_vide.m3u8
敦煌电视台 (1080p),http://117.156.28.119/270000001111/1110000028/index.m3u8
文山综合 (1080p) [Not 24/7],http://m3u8.channel.wsrtv.com.cn/cms/videos/nmip-media/channellive/channel7/playlist.m3u8
新昌休闲影视 (1080p) [Not 24/7],https://l.cztvcloud.com/channels/lantian/SXxinchang2/720p.m3u8
新泰乡村党建 (480p) [Not 24/7],http://live.xtgdw.cn:1935/live/xtxc/playlist.m3u8
新泰影视频道 (480p) [Not 24/7],http://111.17.214.4:1935/live/xtys/playlist.m3u8
新泰影视频道 (480p) [Not 24/7],http://live.xtgdw.cn:1935/live/xtys/playlist.m3u8
新泰生活 (480p) [Not 24/7],http://111.17.214.4:1935/live/xtsh/playlist.m3u8
新泰生活 (480p) [Not 24/7],http://live.xtgdw.cn:1935/live/xtsh/playlist.m3u8
新泰综合 (480p) [Not 24/7],http://111.17.214.4:1935/live/xtzh/playlist.m3u8
新泰综合 (480p) [Not 24/7],http://live.xtgdw.cn:1935/live/xtzh/playlist.m3u8
新泰乡村党建 (480p) [Not 24/7],http://111.17.214.4:1935/live/xtxc/playlist.m3u8
新郑综合 (1080p) [Not 24/7],http://live.dxhmt.cn:9081/tv/10184-1.m3u8
晋中公共 (1080p) [Not 24/7],http://jzlive.jztvnews.com:90/live/jzgg.m3u8
晋中综合 (1080p),http://jzlive.jztvnews.com:90/live/jzzh.m3u8
景县电视一套 (576p) [Not 24/7],http://hbjx.chinashadt.com:1935/live/jx1.stream/playlist.m3u8
景县电视一套 (360p) [Not 24/7],http://hbjx.chinashadt.com:1935/live/stream:jx1.stream_360p/playlist.m3u8
智慧教育 (576p),http://111.63.117.13:6060/030000001000/G_CETV-4/G_CETV-4.m3u8
松原新闻综合 [Geo-blocked],https://stream2.jlntv.cn/sytv/sd/live.m3u8
武进生活 (576p) [Not 24/7],https://live.wjyanghu.com/live/CH2.m3u8
江津经济生活 (480p),http://222.179.155.21:1935/ch0.m3u8
江苏 Ⅰ 连云港公共 (480p) [Not 24/7],https://live.lyg1.com/ggpd/sd/live.m3u8
江苏 Ⅰ 连云港综合 (480p) [Not 24/7],https://live.lyg1.com/zhpd/sd/live.m3u8
江苏综艺 (576p) [Not 24/7],http://183.207.248.71/gitv/live1/G_JSZY/G_JSZY
河北公共,http://121.19.134.246:808/hls/24/index.m3u8
河北影视,http://121.19.134.246:808/hls/22/index.m3u8
河北经济,http://121.19.134.246:808/hls/20/index.m3u8
洪雅新闻综合 (1080p),http://117.172.215.250:8083/videos/live/35/39/GQVbrgob5CGJM/GQVbrgob5CGJM.m3u8
浙江 Ⅰ 绍兴影视 (720p),http://live.shaoxing.com.cn/video/s10001-sxtv3/index.m3u8
浙江 Ⅰ 绍兴综合 (576p),http://live.shaoxing.com.cn/video/s10001-sxtv1/index.m3u8
浙江公共 (1080p) [Not 24/7],https://ct-m-l.cztv.com/channels/lantian/channel007/1080p.m3u8
浙江公共 (1080p) [Not 24/7],https://qiniup-m-l.cztv.com/channels/lantian/channel007/1080p.m3u8
海西州综合 (576p),http://stream.haixitv.cn/1/sd/live.m3u8
涡阳新闻综合 (360p),http://220.180.110.101:8083/videos/live/36/57/hwEHU4UVQ1Iv5/hwEHU4UVQ1Iv5.m3u8
湘潭公共 (576p),http://live.hnxttv.com:9601/live/dspd/800K/tzwj_video.m3u8
滁州市广播电视台 科教 (400p),http://live.cztv.cc:85/live/sjpd.m3u8
滨州公共电视剧 (576p),http://stream.bzcm.net/1/sd/live.m3u8
滨州测试 (576p),http://stream.bzcm.net/4/sd/live.m3u8
滨海新闻 (1080p),http://60.30.52.41/live/bhtv1/playlist.m3u8
滨海都市 (1080p),http://60.30.52.41/live/bhtv2/playlist.m3u8
灵台新闻综合 (1080p),http://117.156.28.119/270000001111/1110000145/index.m3u8
甘肃移动 (540p) [Not 24/7],https://hls.gstv.com.cn/49048r/y72q36.m3u8
生活 (576p),http://223.110.245.153/ott.js.chinamobile.com/PLTV/3/224/3221227311/index.m3u8
电白视窗 (576p) [Not 24/7],http://gddb.chinashadt.com:1935/live/video2.stream/playlist.m3u8
电白视窗 (360p) [Not 24/7],http://gddb.chinashadt.com:1935/live/video2.stream_360p/playlist.m3u8
电白综合 (576p) [Not 24/7],http://gddb.chinashadt.com:1935/live/video1.stream/playlist.m3u8
电白综合 (360p) [Not 24/7],http://gddb.chinashadt.com:1935/live/video1.stream_360p/playlist.m3u8
百事通体育1 (1080p) [Not 24/7],http://112.25.48.68/live/program/live/hdnba1/4000000/mnf.m3u8
百事通体育2 (1080p) [Not 24/7],http://112.25.48.68/live/program/live/hdnba2/4000000/mnf.m3u8
百事通体育3 (1080p) [Not 24/7],http://112.25.48.68/live/program/live/hdnba3/4000000/mnf.m3u8
百事通体育5 (1080p),http://112.25.48.68/live/program/live/hdnba5/4000000/mnf.m3u8
百事通体育7 (1080p) [Not 24/7],http://112.25.48.68/live/program/live/hdnba7/4000000/mnf.m3u8
福山生活 (576p) [Not 24/7],http://live.jiaodong.net:82/tvfushan/hls/tv_shenghuo.m3u8
万州三峡移民 (576p),http://123.146.162.24:8017/c2F0hmi/1000/live.m3u8
万州影视文艺 (576p) [Not 24/7],http://123.146.162.24:8017/d4ceB1a/1000/live.m3u8
万州影视文艺 (576p),http://wanzhoulive.cbg.cn:8017/d4ceB1a/1000/live.m3u8
万州科教频道 (576p),http://123.146.162.24:8017/Cz7WPb8/800/live.m3u8
万州科教频道 (576p),http://wanzhoulive.cbg.cn:8017/Cz7WPb8/800/live.m3u8
积石山电视台 (1080p),http://117.156.28.119/270000001111/1110000152/index.m3u8
娄底综合 (720p),http://119.39.242.52:1935/live/zonghe/playlist.m3u8
精品电影 (1080p),http://183.207.248.71/cntv/live1/jdianying/jdianying
继续教育 (576p),http://111.63.117.13:6060/030000001000/G_CETV-2/G_CETV-2.m3u8
罗山电视台 (1080p) [Not 24/7],http://live.dxhmt.cn:9081/tv/11521-1.m3u8
置业 (576p),http://223.110.245.161/ott.js.chinamobile.com/PLTV/3/224/3221227037/index.m3u8
耀才财经 (288p),http://202.69.67.66:443/webcast/bshdlive-mobile/playlist.m3u8
肃州电视台 (1080p),http://117.156.28.119/270000001111/1110000123/index.m3u8
莒县图文频道 (720p),http://61.162.225.122:8181/live/test3.m3u8
莒县电视一套 (576p),http://61.162.225.122:8181/live/test1.m3u8
莒县电视二套 (576p) [Not 24/7],http://61.162.225.122:8181/live/test2.m3u8
萍乡公共频道 (1080p) [Not 24/7],http://www.pxitv.com:8099/hls-live/livepkgr/_definst_/pxitvevent/pxtv3stream.m3u8
萍乡教育频道 (480p),http://www.pxitv.com:8099/hls-live/livepkgr/_definst_/pxitvevent/pxtv2stream.m3u8
萍乡新闻综合 (576p) [Not 24/7],http://www.pxitv.com:8099/hls-live/livepkgr/_definst_/pxitvevent/pxtv1stream.m3u8
芜湖教育频道 (576p),http://live1.wuhubtv.com/channel4/sd/live.m3u8
西安丝路 (404p) [Not 24/7],http://stream2.xiancity.cn/xatv5/playlist.m3u8
西安乐购购物 (180p) [Not 24/7],http://stream2.xiancity.cn/xatv6/playlist.m3u8
西安商务资讯 (180p) [Not 24/7],http://stream2.xiancity.cn/xatv3/playlist.m3u8
西安影视 (180p) [Not 24/7],http://stream2.xiancity.cn/xatv4/playlist.m3u8
西安新闻 (1080p) [Not 24/7],http://stream2.xiancity.cn/xatv1/playlist.m3u8
西安白鸽 (180p) [Not 24/7],http://stream2.xiancity.cn/xatv2/playlist.m3u8
辛集新闻频道 (480p) [Not 24/7],http://zsxj.chinashadt.com:1935/live/xjxw.stream_360p/playlist.m3u8
辛集生活频道 (480p) [Not 24/7],http://zsxj.chinashadt.com:1935/live/xjsh.stream_360p/playlist.m3u8
通化新闻 [Geo-blocked],https://stream2.jlntv.cn/tonghua1/sd/live.m3u8
邗江资讯 (576p),http://223.110.245.139/PLTV/4/224/3221227154/index.m3u8
酒泉新闻综合 (576p),http://117.156.28.119/270000001111/1110000001/index.m3u8
金昌公共频道 (240p) [Geo-blocked],http://stream4.liveyun.hoge.cn/ch01/sd/live.m3u8
金昌综合频道 (720p) [Geo-blocked],http://stream4.liveyun.hoge.cn/ch02/sd/live.m3u8
长乐综合 [Geo-blocked],http://35908.hlsplay.aodianyun.com/guangdianyun_35908/tv_channel_327.m3u8
长春综合 [Geo-blocked],https://stream2.jlntv.cn/jlcc/sd/live.m3u8
长沙地铁移动 [Geo-blocked],http://35848.hlsplay.aodianyun.com/guangdianyun_35848/tv_channel_356.m3u8
长沙女性 [Geo-blocked],http://35848.hlsplay.aodianyun.com/guangdianyun_35848/tv_channel_349.m3u8
长沙经贸 [Geo-blocked],http://35848.hlsplay.aodianyun.com/guangdianyun_35848/tv_channel_350.m3u8
长沙购物 [Geo-blocked],http://35848.hlsplay.aodianyun.com/guangdianyun_35848/tv_channel_354.m3u8
随州综合 (720p) [Not 24/7],http://34766.hlsplay.aodianyun.com/guangdianyun_34766/tv_channel_304.m3u8
随州农村 (720p) [Not 24/7],http://34766.hlsplay.aodianyun.com/guangdianyun_34766/tv_channel_305.m3u8
集安综合 [Geo-blocked],https://stream2.jlntv.cn/ja/sd/live.m3u8
霸州公共频道 (576p) [Not 24/7],http://hbbz.chinashadt.com:2036/live/stream:bzgg.stream/playlist.m3u8
霸州少儿频道 (576p) [Not 24/7],http://hbbz.chinashadt.com:2036/live/stream:bzse.stream/playlist.m3u8
靖江新闻综合 (480p) [Not 24/7],http://visit.jjbctv.com:1935/live/xwzhmb/playlist.m3u8
静宁综合 (1080p),http://117.156.28.119/270000001111/1110000147/index.m3u8
风尚购物 (1080p),http://183.207.248.71/cntv/live1/fengshanggw/fengshanggw
余姚姚江文化 (576p) [Not 24/7],https://l.cztvcloud.com/channels/lantian/SXyuyao2/720p.m3u8
高台电视台 (1080p),http://117.156.28.119/270000001111/1110000146/index.m3u8
电影 (1080p),http://39.134.19.76/dbiptv.sn.chinamobile.com/PLTV/88888888/224/3221226463/index.m3u8
鹤壁新闻综合 (480p) [Not 24/7],http://pili-live-hls.hebitv.com/hebi/hebi.m3u8
鹤峰综合 [Geo-blocked],http://hefeng.live.tempsource.cjyun.org/videotmp/s10100-hftv.m3u8
鹿泉一套 (576p) [Not 24/7],http://hblq.chinashadt.com:2036/live/stream:luquan1.stream/playlist.m3u8
鹿泉二套 (576p) [Not 24/7],http://hblq.chinashadt.com:2036/live/stream:luquan2.stream/playlist.m3u8
黑龙卫视 (1080p),http://223.110.243.169/PLTV/3/224/3221227252/index.m3u8
黑龙卫视 (1080p),http://223.110.245.139/PLTV/4/224/3221227492/index.m3u8
黑龙卫视 (1080p),http://223.110.245.170/PLTV/3/224/3221227252/index.m3u8
黑龙卫视 (720p),http://125.210.152.18:9090/live/HLJWSHD_H265.m3u8
黑龙江 (1080p),http://223.110.245.161/ott.js.chinamobile.com/PLTV/3/224/3221227492/index.m3u8
黑龙江 (576p),http://183.207.248.71/gitv/live1/G_HEILONGJIANG/G_HEILONGJIANG
黑龙江卫 (1080p),http://183.207.248.71/cntv/live1/HD-2500k-1080P-heilongjiangstv/HD-2500k-1080P-heilongjiangstv
Xinjiang TV 2,https://hls.quklive.com/live/play-sh-21.quklive.com/1777511615189085.m3u8?auth_key=2092871636-a39d8614688744d0b170b856b086ba80-0-33900446b83fa0b5befeb6bedbcd51a0
Xinjiang TV 1,https://p8.vzan.com/218800995/242196610130883766/live.m3u8?zbid=218800995&tpid=208366456
Nei Monggol TV 2 Mongolian Culture Channel (1080i) [Not 24/7],http://play1-qk.nmtv.cn/live/1769652109096027.m3u8
◆◆◆　https://m3u.ibert.me/txt/fmml_ipv6.txt
CCTV-1综合,http://[2409:8087:8:21::18]:6610/otttv.bj.chinamobile.com/PLTV/88888888/224/3221226895/1.m3u8?
◆◆◆　https://m3u.ibert.me/txt/ycl_iptv.txt
北京文艺,rtp://239.3.1.242:8000
体育休闲,rtp://239.3.1.243:8000
北京影视,rtp://239.3.1.158:8000
北京国际,rtp://239.3.1.235:8000
证券服务,rtp://239.3.1.24:8001
爱上4K,rtp://239.3.1.236:2000
城市剧场,rtp://239.3.1.67:4120
精选,rtp://239.3.1.74:4120
武侠剧场,rtp://239.3.1.90:4120
喜剧影院,rtp://239.3.1.91:4120
星影,rtp://239.3.1.94:4120
光影,rtp://239.3.1.84:4120
动画,rtp://239.3.1.80:4120
group-title="数字"_zz-definition="HD",重温经典
◆◆◆　https://raw.githubusercontent.com/gaotianliuyun/gao/master/list.txt
CGTN英语,http://ottrrs.hl.chinamobile.com/PLTV/88888888/224/3221225604/index.m3u8
超级电视剧,http://ottrrs.hl.chinamobile.com/PLTV/88888888/224/3221225716/index.m3u8
体育,http://ottrrs.hl.chinamobile.com/PLTV/88888888/224/3221226398/index.m3u8
精品萌宠,http://ottrrs.hl.chinamobile.com/PLTV/88888888/224/3221226505/index.m3u8
潮妈辣婆,http://ottrrs.hl.chinamobile.com/PLTV/88888888/224/3221225685/index.m3u8
东北热剧,http://ottrrs.hl.chinamobile.com/PLTV/88888888/224/3221225741/index.m3u8
欢乐剧场,http://ottrrs.hl.chinamobile.com/PLTV/88888888/224/3221225742/index.m3u8
炫舞未来,http://ottrrs.hl.chinamobile.com/PLTV/88888888/224/3221225719/index.m3u8
足球,https://nmglive.imfc.cn/5n1r1c/182396.m3u8
◆◆◆　https://gitee.com/xxy002/zhiboyuan/raw/master/dsy
◆◆◆　https://raw.githubusercontent.com/zwc456baby/iptv_alive/master/live.txt
义乌新闻综合,https://44911.hlsplay.aodianyun.com/tv_radio_44911/tv_channel_1796.m3u8?auth_key=4830573978-0-0-92824c2c03f95906a3c49a4aa28f1709&extra_key=Yc1XsmxOKy2UBoPM4Wy5vCPsEYqnj06taCR2SRB2Xrg2w28NPilH03KdIbbM5wgSql-VBohSnoO9AOKl94q2t2DWMftz-XB-2qUX-UjXcS80StcSZahBFjrKLivXaRjiY5r2NOMKWMKFbv-S0Bz2G6iEXgCK8yGjtrFHDcPfAQEE0pvXq0Bwy34b7We8zARN&ali_ffmpeg_version=mpengine
萧山新闻综合,http://l.cztvcloud.com/channels/lantian/SXxiaoshan1/720p.m3u8?zzhed
上虞文化影院,http://l.cztvcloud.com/channels/lantian/SXshangyu2/720p.m3u8?zzhed
◆◆◆　https://gitlab.com/p2v5/wangtv/-/raw/main/lunbo.txt
浙江教育,https://ali-m-l.cztv.com/channels/lantian/channel004/1080p.m3u8?
上虞新商都,http://l.cztvcloud.com/channels/lantian/SXshangyu3/720p.m3u8?zzhed?
诸暨新闻,http://l.cztvcloud.com/channels/lantian/SXzhuji3/720p.m3u8?zzhed?
青田电视,http://l.cztvcloud.com/channels/lantian/SXqingtian1/720p.m3u8?zzhed?
陕西1套,http://123.138.22.30:9901/tsfile/live/1000_1.m3u8
杭州西湖明珠,http://www.jeremyoto.com:82/rtp/233.50.201.174:5140
A计划,https://vip.ffzy-play7.com/20221115/4631_7c6bb09a/index.m3u8
A计划续集,https://vip.ffzy-play7.com/20221115/4412_bf4bdaf6/index.m3u8
97家有喜事,https://vip.ffzy-play6.com/20221129/9285_97e3dfc9/index.m3u8
阿虎,https://vip.ffzy-play2.com/20221019/3_0fc63857/index.m3u8
阿飞正传,https://vip.ffzy-play7.com/20221112/3705_a3bb4cae/index.m3u8
阿郎的故事,https://vip.ffzy-play6.com/20221116/7213_5f9198b2/index.m3u8
爱情呼叫转移,https://vip.ffzy-play2.com/20221021/64_ed0aeec3/index.m3u8
爱情呼叫转移:爱情左右,https://vip.ffzy-play2.com/20221021/65_57ffccd0/index.m3u8
爱情神话,https://vip.ffzy-online.com/20221015/575_a2c32b8f/index.m3u8
暗战,https://vip.ffzy-online.com/20221015/583_fb343007/index.m3u8
澳门风云1,https://vip.ffzy-online.com/20221015/587_536debfc/index.m3u8
澳门风云2,https://vip.lz-cdn8.com/20220903/25590_a12ec6f7/index.m3u8
澳门风云3,https://vip.lz-cdn8.com/20220903/25592_5fdbb860/index.m3u8
八星报喜,https://vip.ffzy-play6.com/20221116/7216_cb25f71a/index.m3u8
霸王别姬,https://vip.ffzy-play7.com/20221112/3726_f8288d50/index.m3u8
白蛇传说,https://vip.ffzy-play7.com/20221224/9605_263ee1e0/index.m3u8
半生缘,https://vip.ffzy-play7.com/20221112/3733_3f971a67/index.m3u8
玻璃樽,https://vip.ffzy-play7.com/20221112/3750_97a1bebc/index.m3u8
宝贝计划,https://vip.ffzy-play2.com/20221021/73_d5c05ae2/index.m3u8
不二神探,https://cdn2.yzzy-tv-cdn.com/20220330/4069_8714f6bb/index.m3u8
不见不散,https://vip.ffzy-play7.com/20221112/3752_596da0f3/index.m3u8
超级计划,https://vip.ffzy-play7.com/20221112/3764_fd2b007a/index.m3u8
超时空同居,https://vip.ffzy-online.com/20221015/745_b4a413ef/index.m3u8
城市猎人,https://vip.ffzy-play7.com/20230112/11075_f5a96711/index.m3u8
春娇与志明,https://vip.ffzy-play6.com/20221021/451_53670596/index.m3u8
催眠大师,https://vip.ffzy-play7.com/20221028/433_adf31dfd/index.m3u8
大腕,https://vip.ffzy-play6.com/20221019/66_5c1f5d09/index.m3u8
大上海,https://vip.ffzy-play6.com/20221126/8327_89044d87/index.m3u8
大唐玄奘,https://vip.ffzy-play7.com/20230306/17314_0230edb6/index.m3u8
大兵小将,https://vip.ffzy-play7.com/20230101/10714_0de1384d/index.m3u8
刀剑笑,https://vip.ffzy-play7.com/20221112/3808_6690be34/index.m3u8
狄仁杰之通天帝国,https://vip.ffzy-play2.com/20221021/129_ed646884/index.m3u8
第三个人,https://vip.ffzy-play7.com/20230407/21350_043ad4f7/index.m3u8
刁手怪招,https://cdn7.yzzy-tv-cdn.com/20220625/561_337bba55/index.m3u8
喋血双雄,https://vip.ffzy-play7.com/20221115/4440_bd914a4d/index.m3u8
东方巨龙,https://vip.ffzy-play6.com/20221117/7362_01e144e6/index.m3u8
东方秃鹰,https://vip.ffzy-play7.com/20221209/9044_d3e0dbd4/index.m3u8
赌霸,https://vip.ffzy-play7.com/20221209/9045_b3cb4c1c/index.m3u8
赌城大亨之新哥传奇,https://vip.ffzy-online.com/20221017/864_5fbb1d87/index.m3u8
赌城大亨II之至尊无敌,https://vip.ffzy-online.com/20221017/863_ed22c0c3/index.m3u8
赌神1,https://vip.ffzy-online.com/20221017/865_74da177a/index.m3u8
赌神2,https://vip.lz-cdn.com/20220622/20003_820596d4/index.m3u8
赌侠大战拉斯维加斯,https://vip.ffzy-online.com/20221017/873_cf765959/index.m3u8
法内情,https://vip.ffzy-play6.com/20221128/8900_ee5eabf3/index.m3u8
方世玉,https://cdn4.yzzy-tv-cdn.com/20220606/17350_39c4425b/index.m3u8
方世玉续集,https://vip.ffzy-play6.com/20221129/9315_1d7ec0af/index.m3u8
飞龙猛将,https://vip.ffzy-play6.com/20221207/10806_a4b679fd/index.m3u8
飞龙再生,https://vip.ffzy-play6.com/20221019/72_1934eddc/index.m3u8
飞鹰计划,https://vip.ffzy-play6.com/20221112/6252_a77ddc97/index.m3u8
非诚勿扰1,https://vip.ffzy-play2.com/20221021/162_cb2bb175/index.m3u8
非诚勿扰2,https://vip.ffzy-play2.com/20221021/163_a55441c0/index.m3u8
疯狂的赛车,https://vip.ffzy-play2.com/20221021/169_37d917eb/index.m3u8
疯狂的石头,https://vip.ffzy-play2.com/20221021/170_91678c84/index.m3u8
疯狂的外星人,https://vip.ffzy-online2.com/20230607/38938_95adfc88/index.m3u8
福星高照,https://vip.ffzy-play6.com/20221128/8904_328483ba/index.m3u8
富贵兵团,https://vip.ffzy-play7.com/20221209/9048_80e2a1cb/index.m3u8
富贵列车,https://vip.ffzy-play7.com/20221206/8232_7462fce8/index.m3u8
肝胆相照,https://vip.ffzy-play7.com/20221115/4468_44f459bb/index.m3u8
搞定岳父大人,https://vip.ffzy-play6.com/20221021/474_a64f2156/index.m3u8
给爸爸的信,https://cdn2.yzzy-tv-cdn.com/20220414/13070_86734093/index.m3u8
功夫瑜伽,https://vip.ffzy-play2.com/20221124/1291_468b2efb/index.m3u8
孤男寡女,https://vip.ffzy-play6.com/20221021/643_da3f8354/index.m3u8
古董局中局,https://vip.ffzy-online.com/20221017/983_2bd33011/index.m3u8
鬼干部,https://vip.ffzy-play6.com/20221112/6298_1dd44909/index.m3u8
鬼咬鬼,https://vip.ffzy-play7.com/20221208/8822_26a70529/index.m3u8
鬼打鬼,https://vip.ffzy-play7.com/20221115/4476_05997c13/index.m3u8
鬼打鬼之黄金道士,https://vip.ffzy-play6.com/20221112/6296_32b14901/index.m3u8
过年,https://vip.ffzy-play6.com/20221112/6307_79a4bfc2/index.m3u8
行运一条龙,https://vip.ffzy-play6.com/20221112/6024_432f2afd/index.m3u8
豪门夜宴,https://vip.ffzy-play.com/20221204/29458_3909f6d0/index.m3u8
和平饭店,https://vip.ffzy-play6.com/20221129/9326_fb193a3f/index.m3u8
黑金,https://vip.ffzy-play6.com/20221022/751_a7889097/index.m3u8
黑侠,https://vip.ffzy-play6.com/20221112/6336_a08140a7/index.m3u8
红番区,https://vip.ffzy-play6.com/20221112/6346_239e11e8/index.m3u8
洪熙官,https://vip.ffzy-play7.com/20221223/9381_0fb84a1d/index.m3u8
花木兰,https://cdn2.yzzy-tv-cdn.com/20220405/7667_13f7046c/index.m3u8
花旗少林,https://vip.ffzy-play6.com/20221112/6363_411e98e2/index.m3u8
哗！英雄,https://vip.ffzy-play6.com/20221112/6371_9b5bf930/index.m3u8
画皮之阴阳法王,https://vip.ffzy-play6.com/20221112/6372_478fbcc6/index.m3u8
黄河遥,https://vip.ffzy-play7.com/20221117/5148_d5633e82/index.m3u8
黄大仙,https://vip.ffzy-play6.com/20221129/9334_1b618e68/index.m3u8
黄飞鸿92之龙行天下,https://vip.ffzy-play7.com/20221129/7657_0e98ee6f/index.m3u8
黄飞鸿系列之一代宗师,https://vip.ffzy-play6.com/20221129/9335_097bc8c1/index.m3u8
黄飞鸿之铁鸡斗蜈蚣,https://cdn2.yzzy-tv-cdn.com/20220415/13227_56714be0/index.m3u8
黄飞鸿之一:壮志凌云,https://cdn4.yzzy-tv-cdn.com/20220617/21900_8ceba9f5/index.m3u8
黄飞鸿之二:男儿当自强,https://cdn4.yzzy-tv-cdn.com/20220606/17341_21dfaf46/index.m3u8
活着,https://vip.ffzy-play.com/20221011/100_192cffb5/index.m3u8
火烧岛,https://vip.ffzy-play6.com/20221129/9336_58c74ab9/index.m3u8
火星没事,https://vip.ffzy-play2.com/20221021/232_89153806/index.m3u8
霍元甲,https://vip.ffzy-play2.com/20221021/234_50a8a4b6/index.m3u8
急先锋,https://vip.ffzy-play6.com/20221113/6503_476b3f6c/index.m3u8
记忆切割,https://vip.ffzy-play.com/20221017/1473_691592bd/index.m3u8
没完没了,https://vip.ffzy-play6.com/20221129/9376_7f06747a/index.m3u8
甲方乙方,https://vip.ffzy-play6.com/20221206/10068_4bfccafe/index.m3u8
建党伟业,https://vip.ffzy-play6.com/20221019/168_f44e1477/index.m3u8
江湖,https://vip.ffzy-play6.com/20221019/84_a64c541f/index.m3u8
江湖情,https://vip.ffzy-play7.com/20221115/4682_5ffb4872/index.m3u8
江湖儿女,https://vip.ffzy-play7.com/20230205/13419_960c8951/index.m3u8
江湖龙虎斗,https://vip.ffzy-play7.com/20221115/4681_38b34b56/index.m3u8
僵尸先生,https://vip.ffzy-play7.com/20230507/24165_799a7b4a/index.m3u8
僵尸至尊,https://vip.ffzy-play6.com/20221129/9344_44b64a1a/index.m3u8
解救吾先生,https://vip.ffzy-play.com/20221017/1618_2e6027ee/index.m3u8
精武英雄,https://cdn5.yzzy-tv-cdn.com/20220607/22255_9e00edb7/index.m3u8
精装追女仔,https://vip.ffzy-play7.com/20221115/4686_d56a5b6c/index.m3u8
精装追女仔之2,https://vip.ffzy-play6.com/20221116/7250_93049e15/index.m3u8
精装追女仔之3狼之一族,https://vip.ffzy-play6.com/20221129/9346_67ee848d/index.m3u8
警察故事,https://ukzy.ukubf3.com/20220402/N3nfxJ6i/index.m3u8
警察故事2013,https://vip.ffzy-play6.com/20221021/494_7e9bef86/index.m3u8
警察故事3,https://vip.ffzy-play7.com/20221206/8266_97359a93/index.m3u8
警察故事4,https://vip.ffzy-play6.com/20221129/9292_f6b1a849/index.m3u8
警察故事续集,https://vip.ffzy-play7.com/20221115/4687_1e3f6f8c/index.m3u8
九一神雕侠侣,https://vip.ffzy-play6.com/20221112/6044_68796407/index.m3u8
决战紫禁之巅,https://vip.ffzy-play7.com/20230413/22211_bfb8d6b2/index.m3u8
绝代双骄,https://vip.ffzy-play6.com/20221129/9355_e351af0a/index.m3u8
咖喱辣椒,https://vip.ffzy-play7.com/20221112/3509_1a0443fd/index.m3u8
卡拉是条狗,https://vip.ffzy-play6.com/20221020/264_d622ce7f/index.m3u8
孔子,https://vip.ffzy-play6.com/20221027/2108_7c929ef0/index.m3u8
快餐车,https://vip.ffzy-play7.com/20221115/4694_6f7f88ac/index.m3u8
辣手神探,https://vip.ffzy-play7.com/20221112/3526_ba428b29/index.m3u8
老虎田鸡,https://vip.ffzy-play7.com/20221224/9583_f95a6383/index.m3u8
老鼠爱上猫,https://vip.ffzy-play2.com/20221019/50_7eedcf07/index.m3u8
离婚大战,https://vip.ffzy-play7.com/20230409/21638_281e50c4/index.m3u8
两只老虎,https://vip.ffzy-play7.com/20221117/5047_beb0a18c/index.m3u8
林世荣,https://vip.ffzy-play7.com/20221209/9096_70ae66c7/index.m3u8
灵幻先生,https://vip.ffzy-play7.com/20221115/4538_ddf6020e/index.m3u8
灵幻至尊,https://vip.ffzy-play7.com/20221112/3550_cbc3226a/index.m3u8
龙拳,https://vip.ffzy-play6.com/20221128/9052_3612e0ff/index.m3u8
龙少爷,https://vip.ffzy-play7.com/20221115/4703_5132dc98/index.m3u8
龙的心,https://vip.ffzy-play7.com/20221115/4539_8b9150f6/index.m3u8
龙凤斗,https://vip.ffzy-play2.com/20221019/18_d8d1ad76/index.m3u8
龙虎风云,https://vip.ffzy-play6.com/20221128/8945_9b4193cd/index.m3u8
龙的传人,https://vip.ffzy-play7.com/20221112/3556_7788de32/index.m3u8
龙腾虎跃,https://vip.ffzy-play7.com/20221117/5171_c2d4c959/index.m3u8
龙腾四海,https://vip.ffzy-play7.com/20221112/3563_422b85c5/index.m3u8
龙兄虎弟,https://vip.ffzy-play6.com/20221116/7264_5b0b594e/index.m3u8
龙在边缘,https://vip.ffzy-play.com/20221017/1754_95490c99/index.m3u8
龙在江湖,https://vip.ffzy-play.com/20221017/1755_28d3688d/index.m3u8
龙之家族,https://vip.ffzy-play6.com/20221116/7265_dd503587/index.m3u8
冒险王,https://cdn4.yzzy-tv-cdn.com/20220608/17622_c083f16b/index.m3u8
门徒,https://vip.ffzy-play.com/20221017/1787_03664048/index.m3u8
猛鬼旅行团,https://vip.ffzy-play6.com/20221129/9331_792c1e13/index.m3u8
猛鬼旅行团,https://vip.ffzy-play6.com/20221207/10600_7cbfb482/index.m3u8
迷你特工队,https://vip.ffzy-play7.com/20221117/5052_54ce37e4/index.m3u8
密宗威龙,https://vip.ffzy-play7.com/20221112/3607_e49d9e93/index.m3u8
命运呼叫转移,https://vip.ffzy-play6.com/20221030/2878_fd228534/index.m3u8
摩登年代,https://vip.ffzy-play6.com/20221021/516_0ef76f45/index.m3u8
墨攻,https://vip.ffzy-play2.com/20221022/308_7d10fa04/index.m3u8
幕后玩家,https://vip.ffzy-play.com/20221018/1847_f9676687/index.m3u8
南北少林,https://cdn2.yzzy-tv-cdn.com/20220428/16621_c12279b7/index.m3u8
你好北京,https://vip.ffzy-play7.com/20230416/22452_5318e52a/index.m3u8
攀登者,https://vip.ffzy-play7.com/20221111/3124_7cca31fc/index.m3u8
霹雳大喇叭,https://vip.ffzy-play6.com/20221116/7273_4a3cfe1f/index.m3u8
七小福,https://vip.ffzy-play6.com/20221117/7398_2ddb4dac/index.m3u8
奇迹,https://vip.ffzy-play7.com/20221125/6961_0c69f3cf/index.m3u8
奇谋妙计五福星,https://vip.ffzy-play7.com/20221115/4730_a7515224/index.m3u8
千机变,https://vip.ffzy-play2.com/20221019/21_687fe198/index.m3u8
钱作怪,https://vip.ffzy-play7.com/20230204/13185_290d13f1/index.m3u8
秦颂,https://vip.ffzy-play7.com/20221112/3653_ad708d24/index.m3u8
秋天的童话,https://vip.ffzy-play6.com/20221130/9473_24b3f22f/index.m3u8
驱魔道长,https://vip.ffzy-play7.com/20221112/3670_136b232e/index.m3u8
驱魔警察,https://vip.ffzy-play6.com/20221205/9856_18a53055/index.m3u8
拳精,https://vip.ffzy-play6.com/20221128/9094_13caae92/index.m3u8
群龙夺宝,https://vip.ffzy-play7.com/20221115/4561_89102ea4/index.m3u8
群龙戏凤,https://vip.ffzy-play7.com/20230423/22931_b2b1c621/index.m3u8
人潮汹涌,https://vip.ffzy-play.com/20221018/1947_3d44a6ed/index.m3u8
人海孤鸿,https://vip.ffzy-play6.com/20221128/8983_f4dd65d1/index.m3u8
人吓鬼,https://vip.ffzy-play7.com/20221115/4745_3dce763c/index.m3u8
人吓人,https://vip.ffzy-play7.com/20230131/12897_66998969/index.m3u8
三德和尚与舂米六,https://vip.ffzy-play6.com/20221128/9099_38718b59/index.m3u8
三国之见龙卸甲,https://vip.ffzy-play6.com/20221022/935_ffb2fe05/index.m3u8
扫毒2,https://vip.ffzy-play6.com/20221111/5625_f06cc476/index.m3u8
杀手的童话,https://vip.ffzy-play7.com/20221112/3690_803bfb83/index.m3u8
杀手之王,https://cdn10.yzzy-tv-cdn.com/20221023/2307_200a0670/index.m3u8
上海红美丽,https://vip.ffzy-play6.com/20221126/8466_47514053/index.m3u8
上海十三太保,https://vip.ffzy-play.com/20221018/2001_3ef7be69/index.m3u8
少林寺,https://cdn4.yzzy-tv-cdn.com/20220606/17324_133ab69b/index.m3u8
少林小子,https://vip.ffzy-play7.com/20230216/14926_434969e4/index.m3u8
少林英雄,https://vip.ffzy-play6.com/20221206/10385_35db0937/index.m3u8
少林木人巷,https://vip.ffzy-play6.com/20221128/9115_ff8a121e/index.m3u8
蛇鹤八步,https://vip.ffzy-play6.com/20221128/9119_1b13e298/index.m3u8
神话,https://vip.ffzy-play6.com/20221017/20_989dd1f8/index.m3u8
神奇燕尾服,https://vip.ffzy-play6.com/20221019/127_851b9820/index.m3u8
神枪手与咖喱鸡,https://vip.ffzy-play7.com/20221129/7684_7ac9e104/index.m3u8
神探蒲松龄,https://vip.ffzy-play6.com/20221111/5646_d1cd614b/index.m3u8
失孤,https://vip.ffzy-play1.com/20221018/299_06ee96a1/index.m3u8
师弟出马,https://vip.ffzy-play7.com/20221115/4764_aba20ecc/index.m3u8
师兄撞鬼,https://vip.ffzy-play6.com/20221207/10610_200b5bd4/index.m3u8
十二生肖,https://vip.ffzy-play6.com/20221019/191_dba04d04/index.m3u8
十面埋伏,https://vip.ffzy-play7.com/20221117/5218_ad30347f/index.m3u8
时来运转,https://vip.ffzy-play7.com/20221209/9156_396eac04/index.m3u8
手机,https://vip.ffzy-play6.com/20221019/107_6107b581/index.m3u8
甩皮鬼,https://vip.ffzy-play6.com/20221112/6431_ce84a705/index.m3u8
双龙会,https://vip.ffzy-play6.com/20221112/6064_afbd5214/index.m3u8
说出你的秘密,https://vip.ffzy-play6.com/20221112/6077_927afdf1/index.m3u8
私人订制,https://vip.ffzy-play6.com/20221019/192_52684124/index.m3u8
算死草,https://vip.ffzy-play6.com/20221112/6085_3636efbb/index.m3u8
太极张三丰,https://cdn8.yzzy-tv-cdn.com/20220713/4780_8d927b57/index.m3u8
逃学威龙2,https://vip.ffzy-play6.com/20221112/6101_3ea56df6/index.m3u8
逃学威龙3之龙过鸡年,https://vip.ffzy-play6.com/20221112/6103_d6c1afdb/index.m3u8
桃花运,https://vip.ffzy-play7.com/20230204/13202_2844d10a/index.m3u8
特警新人类,https://vip.ffzy-play6.com/20221112/6113_c01821f3/index.m3u8
特务迷城,https://vip.ffzy-play6.com/20221019/111_6edaadc7/index.m3u8
天地雄心,https://vip.ffzy-play7.com/20221113/4187_a7c41927/index.m3u8
天地玄门,https://vip.ffzy-play6.com/20221112/6127_d615f342/index.m3u8
天将雄师,https://vip.ffzy-play6.com/20221031/3078_d47ea8cc/index.m3u8
天若有情,https://vip.ffzy-play6.com/20221112/6132_760d67fd/index.m3u8
天若有情3之烽火佳人,https://vip.ffzy-play6.com/20221207/10617_a0d97cd1/index.m3u8
天生胆小,https://vip.ffzy-play6.com/20221129/9417_4ed30e0d/index.m3u8
天下无贼,https://vip.ffzy-play6.com/20221018/39_d0036fb2/index.m3u8
天与地,https://vip.ffzy-play6.com/20221112/6144_016eb00a/index.m3u8
铜雀台,https://vip.ffzy-play6.com/20221019/200_4eede94c/index.m3u8
投名状,https://cdn13.yzzy-tv-cdn.com/20230128/9592_3d21d729/index.m3u8
顽主,https://vip.ffzy-play7.com/20221115/4578_af3f092c/index.m3u8
旺角卡门,https://vip.ffzy-play1.com/20221018/469_ab458c38/index.m3u8
卫斯理之蓝血人,https://vip.ffzy-play6.com/20221020/234_4fc21f9b/index.m3u8
未来警察,https://vip.ffzy-play6.com/20221022/1000_fa615f2b/index.m3u8
我是谁,https://vip.ffzy-play6.com/20221022/881_da82c5bb/index.m3u8
我和我的父辈,https://vip.ffzy-play7.com/20230307/17542_0c58cae5/index.m3u8
我和我的家乡,https://vip.ffzy-play1.com/20221018/511_7936e28c/index.m3u8
我和我的祖国,https://vip.ffzy-play1.com/20221018/512_4544d0ed/index.m3u8
无人区,https://vip.ffzy-play6.com/20221019/203_ce8ad9b0/index.m3u8
无双,https://vip.ffzy-play6.com/20221108/5250_e3bbb4e4/index.m3u8
五虎将之决裂,https://vip.ffzy-play6.com/20221112/6190_0250331a/index.m3u8
五亿探长雷洛传1:雷老虎,https://vip.ffzy-online.com/20221015/672_cd3f2629/index.m3u8
五亿探长雷洛传2:父子情仇,https://vip.ffzy-online.com/20221015/676_0dc45896/index.m3u8
西游降魔篇,https://vip.ffzy-play6.com/20221019/206_b74a99b9/index.m3u8
嘻游记,https://vip.ffzy-play6.com/20221022/1023_fae8e09f/index.m3u8
喜剧明星,https://vip.ffzy-play7.com/20230409/21692_463322cf/index.m3u8
侠盗高飞,https://vip.ffzy-play7.com/20221112/3315_eef8cb87/index.m3u8
侠盗联盟,https://vip.ffzy-play7.com/20221104/1442_e5eca889/index.m3u8
侠圣,https://vip.ffzy-online.com/20221015/741_196889fc/index.m3u8
夏日福星,https://vip.ffzy-play7.com/20230118/11937_84244e52/index.m3u8
咸鱼翻身,https://vip.ffzy-play6.com/20221116/7303_5bfc21ee/index.m3u8
消失的女人,https://vip.ffzy-online2.com/20230521/37660_a7ca3135/index.m3u8
笑傲江湖1,https://vip.ffzy-play7.com/20221129/7696_58fbd289/index.m3u8
笑傲江湖2:东方不败,https://cdn2.yzzy-tv-cdn.com/20220331/4843_724c1ac5/index.m3u8
笑拳怪招,https://vip.ffzy-play6.com/20221128/9213_05050bb8/index.m3u8
心花路放,https://vip.ffzy-play6.com/20221027/2366_e83b4d22/index.m3u8
辛亥革命,https://vip.ffzy-play6.com/20221021/591_72533d75/index.m3u8
新僵尸先生,https://vip.ffzy-play6.com/20221129/9451_47cd067c/index.m3u8
新警察故事,https://vip.ffzy-play6.com/20221017/15_7bd9a94d/index.m3u8
新上海滩,https://vip.ffzy-play.com/20221015/880_937cdc1a/index.m3u8
新少林寺,https://vip.ffzy-play.com/20221015/881_3dbc4077/index.m3u8
新宿事件,https://vip.ffzy-play7.com/20230314/18148_991eeb8a/index.m3u8
兄弟之生死同盟,https://vip.ffzy-play.com/20221015/897_d3a4e80f/index.m3u8
学校风云,https://vip.ffzy-play7.com/20221209/9201_9f4d986a/index.m3u8
血玫瑰,https://vip.ffzy-play6.com/20221116/7310_02f7420d/index.m3u8
妖怪都市,https://vip.ffzy-play6.com/20221129/9462_bbbcc871/index.m3u8
夜店,https://vip.ffzy-play6.com/20221022/1049_8ee06bf6/index.m3u8
一步之遥,https://vip.ffzy-play2.com/20221122/1201_e24fce85/index.m3u8
一出好戏,https://vip.ffzy-play.com/20221015/949_ecf3b061/index.m3u8
一个好人,https://vip.ffzy-play7.com/20221129/7713_3a3bd3ff/index.m3u8
一眉道人,https://vip.ffzy-play7.com/20221115/4803_1731be32/index.m3u8
一夜惊喜,https://vip.ffzy-play6.com/20221019/211_225bbe08/index.m3u8
义本无言,https://vip.ffzy-play6.com/20221116/7316_f568756b/index.m3u8
义不容辞,https://vip.ffzy-play7.com/20221208/8724_89db1c6d/index.m3u8
义胆红唇,https://vip.ffzy-play6.com/20221116/7315_8765f39c/index.m3u8
义胆雄心,https://vip.ffzy-play7.com/20221129/7714_a0c75de1/index.m3u8
音乐僵尸,https://vip.ffzy-play6.com/20221207/10627_09b3f2e5/index.m3u8
英雄,https://vip.ffzy-play7.com/20221227/9993_9681b67b/index.m3u8
英雄本色1,https://vip.ffzy-play7.com/20221115/4617_be0491ea/index.m3u8
英雄本色2,https://vip.ffzy-play7.com/20221115/4807_eeca808f/index.m3u8
英雄好汉,https://vip.ffzy-play.com/20221015/981_2ca5b5f9/index.m3u8
英雄无泪,https://vip.ffzy-play6.com/20221207/10694_f9088e66/index.m3u8
赢钱专家,https://vip.ffzy-play6.com/20221113/6794_d514b390/index.m3u8
有话好好说,https://vip.ffzy-play7.com/20221112/3406_98dc6f14/index.m3u8
与龙共舞,https://vip.ffzy-play6.com/20221207/10859_1b02d27c/index.m3u8
狱中龙,https://vip.ffzy-play.com/20221015/999_d5886cd0/index.m3u8
杂家小子,https://vip.ffzy-play6.com/20221128/9261_f18e5614/index.m3u8
赞先生与找钱华,https://vip.ffzy-play6.com/20221207/10710_1642c7db/index.m3u8
战神传说,https://vip.ffzy-play7.com/20221129/7734_53205031/index.m3u8
长江七号,https://vip.ffzy-play6.com/20221022/1070_3b7b263a/index.m3u8
赵氏孤儿,https://vip.ffzy-play6.com/20221022/1071_73fbd377/index.m3u8
至尊计状元才,https://vip.ffzy-play7.com/20221112/3440_9d089764/index.m3u8
至尊三十六计之偷天换日,https://vip.ffzy-play.com/20221015/1085_37999806/index.m3u8
至尊无上,https://vip.ffzy-play.com/20221015/1086_9576a463/index.m3u8
至尊无上II之永霸天下,https://vip.ffzy-play.com/20221015/1090_e30609f3/index.m3u8
中国最后一个太监,https://vip.ffzy-play6.com/20221128/9044_42d732f5/index.m3u8
中环英雄,https://vip.ffzy-play7.com/20221129/7743_4656dd25/index.m3u8
钟馗嫁妹,https://vip.ffzy-play7.com/20221129/7746_6b5ae2e8/index.m3u8
追龙,https://vip.ffzy-play7.com/20221104/1464_ed9d6c5d/index.m3u8
醉拳1,https://vip.ffzy-play7.com/20230202/13070_b42acba9/index.m3u8
醉拳2,https://vip.ffzy-play6.com/20221129/9308_1fceb255/index.m3u8
醉拳3,https://vip.ffzy-play7.com/20221112/3468_38ba3d24/index.m3u8
追魂伞,https://vip.ffzy-play7.com/20221129/7753_bd15d501/index.m3u8
纵横四海,https://vip.ffzy-play7.com/20221112/3463_4e05c55e/index.m3u8
最佳损友,https://vip.ffzy-play7.com/20221115/4630_078a1b22/index.m3u8
最佳损友闯情关,https://vip.ffzy-play7.com/20221116/4843_accffdd6/index.m3u8
◆◆◆　https://raw.githubusercontent.com/wwb521/live/main/tv.txt
CCTV5+,http://120.76.248.139/live/bfgd/4200000246.m3u8
北京卫视4K超,http://183.215.134.239:19901/tsfile/live/0122_1.m3u8?key=txiptv&playlive=1&authid=0
东森亚洲卫视,https://p2hs.vzan.com/slowlive/821481626725612419/live.m3u8
东森亚洲卫视,https://pull-hsbj.vzan.com/v/slowlive_821481626725612419.flv
海峡卫视,http://hlsbkmgsplive.miguvideo.com/migu/kailu/haixiaws/57/20230724/01.m3u8?msisdn=&Channel_ID=&ContentId=&HlsSubType=&HlsProfileId=&encrypt=
◆◆◆　https://raw.githubusercontent.com/vbskycn/iptv/master/tv/iptv4.txt
CCTV1,http://183.11.239.36:808/hls/19/index.m3u8
人间卫视,https://5ddce30eb4b55.streamlock.net/bltvhd/bltv1/chunklist_w511254805.m3u8
美亚电影,http://zjrtv.vip/live/?tbs=mydy
东丰综合,http://stream3.jlntv.cn:80/aac_dfgb/playlist.m3u8
九台综合,http://stream10.jlntv.cn/jiutaitv/sd/live.m3u8
兵团八师石河子新闻综合,http://124.88.144.73:1935/live/xwzh/playlist.m3u8?zxinjd
双辽综合,http://stream3.jlntv.cn:80/aac_slgb/playlist.m3u8
固镇新闻,http://www.guzhenm.com:7001/hls/hd-live.m3u8?%E5%85%B3%E6%B3%A8%E5%BE%AE%E4%BF%A1%E5%85%AC%E4%BC%97%E5%8F%B7[%E6%99%B4%E5%9B%AD]
敦化一套,http://stream8.jlntv.cn/dhtv/playlist.m3u8
桦甸综合,http://stream9.jlntv.cn:80/aac_huadiangb/playlist.m3u8
梅河口综合,http://stream3.jlntv.cn:80/aac_mhkgb/playlist.m3u8
汪清综合,http://stream5.jlntv.cn/wq/sd/live.m3u8
烟台经济科技,http://live.yantaitv.cn/live/27f84144e95a4652ae9e5c211b2a6b55/405f3e33ba384aa0a16014d0becd1261-1.m3u8
舒兰新闻综合,http://stream8.jlntv.cn/shulan/sd/live.m3u8?_upt=332db6421699196585
辉南新闻综合,http://stream5.jlntv.cn/hn/sd/live.m3u8
通化县综合,http://stream3.jlntv.cn:80/aac_thxgb/playlist.m3u8
靖宇综合,http://stream9.jlntv.cn:80/aac_jygb/playlist.m3u8
龙井综合,http://stream9.jlntv.cn:80/aac_longjinggb/playlist.m3u8
敦化一套,http://stream8.jlntv.cn/dhtv/playlist.m3u8?zjild
直播中国精编直播,https://gcalic.v.myalicdn.com/gc/wgw05_1/index.m3u8
◆◆◆　https://raw.githubusercontent.com/junge3333/juds6/main/yszb1.txt
邵氏影院,http://159.75.85.63:35455/douyu/4246519
邵氏影院,http://zzy789.xyz/douyu1.php?id=4246519
邵氏影院,http://huanqiuzhibo.cn/manifest/douyu.php?id=4246519
邵氏影院,https://www.goodiptv.club/douyu/4246519
真武侠,http://cfss.cc/cdn/hy/29169712.m3u8
真武侠,http://live.dxms.top/dwy/zwx.php
经典武侠,http://live.dxms.top/dwy/jdgf.php
经典武侠,http://11.xmyxc.cn/api/php/yy.php?id=1355002394
经典武侠,http://cfss.cc/cdn/yy/1355002394.flv
星光综合,http://124.248.69.76:35455/yy/1353422557
星光综合,http://11.xmyxc.cn/api/php/yy.php?id=1353422557
星光电影,http://live.dxms.top/dwy/xgzht.php
重温经典,http://117.114.153.1:8180/TV00000000000000000007@HHZT
1905电影(亚洲),http://live.dxms.top/dwy/hyyy.php
1905电影(国际),http://xxw.me0.cn/1905dy.php?id=1905b
1905电影(亚洲),http://xxw.me0.cn/1905dy.php?id=1905a
天映,mitv://generationnexxxt.com:19806/65e1b0870000c6d7c9dccba555040378
天映,https://histar-proxy.isus.cc/celestial
美亚电影国,http://php.jdshipin.com:8880/TVOD/iptv.php?id=meiya
美亚电影粤,mitv://generationnexxxt.com:19806/ee16565eb5fe46be8d22cbbde1fa9fae
壹电视电影,mitv://generationnexxxt.com:19806/1be1329b6d124745a87a16de445d2352
壹电视电影,mitv://135.148.104.228:19806/1be1329b6d124745a87a16de445d2352
影迷数位电影,mitv://generationnexxxt.com:19806/bc069c037478448a9e41dbc3e1d5d0f6
影迷数位电影,mitv://135.148.104.228:19806/bc069c037478448a9e41dbc3e1d5d0f6
金马影院,http://pull.kktv8.com/livekktv/128600025.flv
好人影视,https://ali.hlspull.yximgs.com/live/1234566.flv
林正英 1,http://159.75.85.63:35455/douyu/7356023
林正英 2,http://159.75.85.63:35455/douyu/218859
吃米滴虫,http://159.75.85.63:35455/douyu/315457
吃奶滴虫,http://159.75.85.63:35455/douyu/263824
冰冰经典电影,http://159.75.85.63:35455/douyu/74374
瑶瑶恐怖,http://159.75.85.63:35455/douyu/2935323
凌儿影院,http://159.75.85.63:35455/douyu/1377142
麓山迷踪,http://159.75.85.63:35455/douyu/4505431
小黛兮影,http://159.75.85.63:35455/douyu/11553944
怡寳影院,http://159.75.85.63:35455/douyu/434971
神乐影院,http://159.75.85.63:35455/douyu/122402
可乐影院,http://159.75.85.63:35455/douyu/20415
恐怖故事,http://159.75.85.63:35455/douyu/2337939
惊悚影院,http://159.75.85.63:35455/douyu/96577
小宇60帧,http://159.75.85.63:35455/douyu/=323876
电影剧场,http://159.75.85.63:35455/douyu/7575350
国语电影,http://159.75.85.63:35455/douyu/2436390
花卷陪看,http://159.75.85.63:35455/douyu/52787
鱼宝恐怖,http://159.75.85.63:35455/douyu/1165374
变种人片,http://159.75.85.63:35455/douyu/9651304
大吉大利影院,http://159.75.85.63:35455/douyu/128600025
小猪优版剧院,http://159.75.85.63:35455/douyu/10297898
喜剧电影,http://159.75.85.63:35455/douyu/9292492
女神电影,http://159.75.85.63:35455/douyu/747764
避风影院,http://159.75.85.63:35455/douyu/9826611
贝爷影厅,http://159.75.85.63:35455/douyu/252802
粤语电影,http://159.75.85.63:35455/douyu/6566671
苹果影院,http://159.75.85.63:35455/douyu/2793084
午夜故事,http://159.75.85.63:35455/douyu/8722254
蚂蚱影院,http://159.75.85.63:35455/douyu/6079455
纪录片,http://159.75.85.63:35455/douyu/4360438
荒野建造者,http://159.75.85.63:35455/douyu/9611578
邦德影院,http://159.75.85.63:35455/douyu/9292499
特辑影院,http://159.75.85.63:35455/douyu/3637778
漫威影片,http://159.75.85.63:35455/douyu/6140589
刘德华电影1,http://159.75.85.63:35455/douyu/2516864
豆瓣高分,http://159.75.85.63:35455/douyu/8770422
宇哥电影,http://159.75.85.63:35455/douyu/413573
贝爷影厅2,http://159.75.85.63:35455/douyu/36337
霍格影片,http://159.75.85.63:35455/douyu/8814650
星爷影院,http://159.75.85.63:35455/douyu/508118
萌小鬼片,http://159.75.85.63:35455/douyu/3928
一起看恐怖片,http://159.75.85.63:35455/douyu/9412287
片荒的日子,http://159.75.85.63:35455/douyu/4258555
大胡子魏,http://159.75.85.63:35455/douyu/8792763
童年回忆,http://159.75.85.63:35455/douyu/8915074
下饭神剧,http://159.75.85.63:35455/douyu/276200
悬疑犯罪,http://159.75.85.63:35455/douyu/9171887
不一样的电影,http://159.75.85.63:35455/douyu/2632223
开心锤锤,http://159.75.85.63:35455/douyu/9018297
凛冬之地,hhttp://159.75.85.63:35455/douyu/8945323
看美剧,http://159.75.85.63:35455/douyu/8869614
动漫直播,http://159.75.85.63:35455/douyu/1487654
恐怖故事,hhttp://159.75.85.63:35455/douyu/2337939
科幻动作,http://159.75.85.63:35455/douyu/4332
纪录片,hhttp://159.75.85.63:35455/douyu/4360438
刘德华电影2,http://159.75.85.63:35455/douyu/8985415
周星驰电影,http://159.75.85.63:35455/douyu/3990812
怀旧90,http://159.75.85.63:35455/douyu/9275635
经典怀旧,http://159.75.85.63:35455/douyu/10180265
经典怀旧系列,http://159.75.85.63:35455/douyu/8663752
经典港片,http://159.75.85.63:35455/douyu/675072
喜剧经典,http://159.75.85.63:35455/douyu/9650887
米娅电影,http://159.75.85.63:35455/douyu/6537888
斗鱼,http://159.75.85.63:35455/douyu/1274132
斗鱼电影22,http://159.75.85.63:35455/douyu/1979257
斗鱼电影26,http://159.75.85.63:35455/douyu/8413092
斗鱼电影71,http://159.75.85.63:35455/douyu/2987100
斗鱼电影81,http://159.75.85.63:35455/douyu/3870925
斗鱼电影97,http://159.75.85.63:35455/douyu/8867878
斗鱼电影105,http://159.75.85.63:35455/douyu/4290711
斗鱼电影110,http://159.75.85.63:35455/douyu/8415464
斗鱼电影111,http://159.75.85.63:35455/douyu/8475821
斗鱼电影113,http://159.75.85.63:35455/douyu/5522351
斗鱼电影114,http://159.75.85.63:35455/douyu/562225
斗鱼电影116,http://159.75.85.63:35455/douyu/8651489
斗鱼电影117,http://159.75.85.63:35455/douyu/338759
斗鱼电影120,http://159.75.85.63:35455/douyu/5354713
斗鱼电影125,http://159.75.85.63:35455/douyu/5067952
斗鱼电影130,http://159.75.85.63:35455/douyu/8014467
斗鱼电影134,http://159.75.85.63:35455/douyu/6725858
斗鱼电影135,http://159.75.85.63:35455/douyu/7476264
斗鱼电影141,http://159.75.85.63:35455/douyu/7623292
斗鱼电影145,http://159.75.85.63:35455/douyu/5033502
斗鱼电影151,http://159.75.85.63:35455/douyu/426517
斗鱼电影153,http://159.75.85.63:35455/douyu/8799435
斗鱼电影158,http://159.75.85.63:35455/douyu/8788687
斗鱼电影165,http://159.75.85.63:35455/douyu/8705754
斗鱼电影169,http://159.75.85.63:35455/douyu/=7528160
林正英 1,http://zzy789.xyz/douyu1.php?id=7356023
吃米滴虫,http://zzy789.xyz/douyu1.php?id=315457
吃奶滴虫,http://zzy789.xyz/douyu1.php?id=263824
冰冰经典电影,http://zzy789.xyz/douyu1.php?id=74374
瑶瑶恐怖,http://zzy789.xyz/douyu1.php?id=2935323
凌儿影院,http://zzy789.xyz/douyu1.php?id=1377142
麓山迷踪,http://zzy789.xyz/douyu1.php?id=4505431
小黛兮影,http://zzy789.xyz/douyu1.php?id=11553944
怡寳影院,http://zzy789.xyz/douyu1.php?id=434971
神乐影院,http://zzy789.xyz/douyu1.php?id=122402
可乐影院,http://zzy789.xyz/douyu1.php?id=20415
恐怖故事,http://zzy789.xyz/douyu1.php?id=2337939
国语电影,http://zzy789.xyz/douyu1.php?id=2436390
大吉大利影院,https://pull.kktv8.com/livekktv/128600025.flv
小猪优版剧院,https://www.goodiptv.club/douyu/10297898
喜剧电影,http://zzy789.xyz/douyu1.php?id=9292492
女神电影,http://zzy789.xyz/douyu1.php?id=747764
避风影院,http://zzy789.xyz/douyu1.php?id=9826611
粤语电影,http://zzy789.xyz/douyu1.php?id=6566671
苹果影院,http://zzy789.xyz/douyu1.php?id=2793084
午夜故事,http://zzy789.xyz/douyu1.php?id=8722254
蚂蚱影院,http://zzy789.xyz/douyu1.php?id=6079455
纪录片,http://zzy789.xyz/douyu1.php?id=4360438
荒野建造者,http://zzy789.xyz/douyu1.php?id=9611578
邦德影院,http://zzy789.xyz/douyu1.php?id=9292499
特辑影院,http://zzy789.xyz/douyu1.php?id=3637778
宇哥电影,http://zzy789.xyz/douyu1.php?id=413573
星爷影院,http://zzy789.xyz/douyu1.php?id=508118
一起看恐怖片,http://zzy789.xyz/douyu1.php?id=9412287
片荒的日子,http://zzy789.xyz/douyu1.php?id=4258555
大胡子魏,http://zzy789.xyz/douyu1.php?id=8792763
童年回忆,http://zzy789.xyz/douyu1.php?id=8915074
下饭神剧,http://zzy789.xyz/douyu1.php?id=276200
悬疑犯罪,http://zzy789.xyz/douyu1.php?id=9171887
不一样的电影,http://zzy789.xyz/douyu1.php?id=2632223
开心锤锤,http://zzy789.xyz/douyu1.php?id=9018297
凛冬之地,http://zzy789.xyz/douyu1.php?id=8945323
看美剧,http://zzy789.xyz/douyu1.php?id=8869614
动漫直播,http://zzy789.xyz/douyu1.php?id=1487654
刘德华电影2,http://zzy789.xyz/douyu1.php?id=8985415
周星驰电影,http://zzy789.xyz/douyu1.php?id=3990812
怀旧90,http://zzy789.xyz/douyu1.php?id=9275635
经典怀旧,http://zzy789.xyz/douyu1.php?id=10180265
经典怀旧系列,http://zzy789.xyz/douyu1.php?id=8663752
经典港片,http://zzy789.xyz/douyu1.php?id=675072
喜剧经典,http://zzy789.xyz/douyu1.php?id=9650887
米娅电影,http://zzy789.xyz/douyu1.php?id=6537888
斗鱼,http://zzy789.xyz/douyu1.php?id=1274132
斗鱼电影22,http://zzy789.xyz/douyu1.php?id=1979257
斗鱼电影26,http://zzy789.xyz/douyu1.php?id=8413092
斗鱼电影71,http://zzy789.xyz/douyu1.php?id=2987100
斗鱼电影81,http://zzy789.xyz/douyu1.php?id=3870925
斗鱼电影97,http://zzy789.xyz/douyu1.php?id=8867878
斗鱼电影105,http://zzy789.xyz/douyu1.php?id=4290711
斗鱼电影110,http://zzy789.xyz/douyu1.php?id=8415464
斗鱼电影111,http://zzy789.xyz/douyu1.php?id=8475821
斗鱼电影113,http://zzy789.xyz/douyu1.php?id=5522351
斗鱼电影114,http://zzy789.xyz/douyu1.php?id=562225
斗鱼电影116,http://zzy789.xyz/douyu1.php?id=8651489
斗鱼电影120,http://zzy789.xyz/douyu1.php?id=5354713
斗鱼电影125,http://zzy789.xyz/douyu1.php?id=5067952
斗鱼电影130,http://zzy789.xyz/douyu1.php?id=8014467
斗鱼电影134,http://zzy789.xyz/douyu1.php?id=6725858
斗鱼电影135,http://zzy789.xyz/douyu1.php?id=7476264
斗鱼电影141,http://zzy789.xyz/douyu1.php?id=7623292
斗鱼电影145,http://zzy789.xyz/douyu1.php?id=5033502
斗鱼电影151,http://zzy789.xyz/douyu1.php?id=426517
斗鱼电影153,http://zzy789.xyz/douyu1.php?id=8799435
斗鱼电影158,http://zzy789.xyz/douyu1.php?id=8788687
斗鱼电影165,http://zzy789.xyz/douyu1.php?id=8705754
斗鱼电影169,http://zzy789.xyz/douyu1.php?id=7528160
林正英1,http://11.xmyxc.cn/api/php/yy.php?id=34229877
林正英2,http://11.xmyxc.cn/api/php/yy.php?id=1453996620
林正英3,http://11.xmyxc.cn/api/php/yy.php?id=1382841203
林正英全集,http://11.xmyxc.cn/api/php/yy.php?id=1353685311
林正英合集,http://11.xmyxc.cn/api/php/yy.php?id=1354932444
周润发,http://11.xmyxc.cn/api/php/yy.php?id=1354888733
周润发,http://11.xmyxc.cn/api/php/yy.php?id=1354889044
武侠港片,http://11.xmyxc.cn/api/php/yy.php?id=1451866697
张国荣,http://11.xmyxc.cn/api/php/yy.php?id=1354930961
科幻电影2,http://11.xmyxc.cn/api/php/yy.php?id=1354930897
科幻电影3,ttp://11.xmyxc.cn/api/php/yy.php?id=1382745114
科幻电影4,ttp://11.xmyxc.cn/api/php/yy.php?id=1382747628
怪兽电影,http://11.xmyxc.cn/api/php/yy.php?id=1354930181
院线大片,http://11.xmyxc.cn/api/php/yy.php?id=1354936142
古惑仔,http://11.xmyxc.cn/api/php/yy.php?id=1458015189
港片赌片,http://11.xmyxc.cn/api/php/yy.php?id=1355076627
绝版电影,http://11.xmyxc.cn/api/php/yy.php?id=1455988450
恐怖电影,http://11.xmyxc.cn/api/php/yy.php?id=1458572505
小鬼电影,http://11.xmyxc.cn/api/php/yy.php?id=1455891197
鬼经典老片,http://11.xmyxc.cn/api/php/yy.php?id=1463783198
星爷经典,http://11.xmyxc.cn/api/php/yy.php?id=1382736808
港台影院,http://11.xmyxc.cn/api/php/yy.php?id=1354889234
港片喜剧,http://11.xmyxc.cn/api/php/yy.php?id=1355112116
喜剧电影,http://11.xmyxc.cn/api/php/yy.php?id=1354930945
怀旧电影院,http://11.xmyxc.cn/api/php/yy.php?id=1382793140
YY影视,http://11.xmyxc.cn/api/php/yy.php?id=13511860
精彩港剧,http://11.xmyxc.cn/api/php/yy.php?id=1382736881
精彩港剧2,http://11.xmyxc.cn/api/php/yy.php?id=1382745088
星光影视,http://11.xmyxc.cn/api/php/yy.php?id=353422557
红楼梦87版,http://11.xmyxc.cn/api/php/yy.php?id=1382745084
动作大片,http://11.xmyxc.cn/api/php/yy.php?id=1354930887
抗日大片,http://11.xmyxc.cn/api/php/yy.php?id=1354936160
荒野求生,http://11.xmyxc.cn/api/php/yy.php?id=1355244170
荒野求生2,http://11.xmyxc.cn/api/php/yy.php?id=1354933535
荒野独居,http://11.xmyxc.cn/api/php/yy.php?id=1382735568
恐怖电影,http://11.xmyxc.cn/api/php/yy.php?id=1354932707
民兵葛二蛋,http://11.xmyxc.cn/api/php/yy.php?id=1382736895
电视剧,http://11.xmyxc.cn/api/php/yy.php?id=1354930964
电视剧2,http://11.xmyxc.cn/api/php/yy.php?id=1354780649
有品电影,http://11.xmyxc.cn/api/php/yy.php?id=1354936229
兔兔来啦,http://11.xmyxc.cn/api/php/yy.php?id=1354930926
俊靓影视,http://11.xmyxc.cn/api/php/yy.php?id=1414928313
第一滴血,http://11.xmyxc.cn/api/php/yy.php?id=1354932355
惊恐鬼怪,http://11.xmyxc.cn/api/php/yy.php?id=1382749525
超级鬼片,http://11.xmyxc.cn/api/php/yy.php?id=1355641195
经典鬼片,http://11.xmyxc.cn/api/php/yy.php?id=29460894
恐怖电影,http://11.xmyxc.cn/api/php/yy.php?id=24066336
香港鬼片,http://11.xmyxc.cn/api/php/yy.php?id=1382737886
香港电影,http://11.xmyxc.cn/api/php/yy.php?id=1382736910
港片电影,http://11.xmyxc.cn/api/php/yy.php?id=1459801818
超英集结,http://11.xmyxc.cn/api/php/yy.php?id=1382745091
漫威英雄,http://11.xmyxc.cn/api/php/yy.php?id=1354932402
哥斯拉,http://11.xmyxc.cn/api/php/yy.php?id=1382736833
大话西游,http://11.xmyxc.cn/api/php/yy.php?id=1382851590
电影_发哥,http://124.248.69.76:35455/huya/11342387
电影_王晶,http://124.248.69.76:35455/huya/11602058
电影_许冠英,http://124.248.69.76:35455/huya/11601972
电影_甄子丹,http://124.248.69.76:35455/huya/11352935
电影_五福星,http://124.248.69.76:35455/huya/11282233
电影_邱淑贞,http://124.248.69.76:35455/huya/11352949
电影_古天乐,http://124.248.69.76:35455/huya/11602041
电影_曾江,http://124.248.69.76:35455/huya/11601981
电影_漫威,http://124.248.69.76:35455/huya/11602034
电影_宇宙,http://124.248.69.76:35455/huya/11342428
电影_战争,http://124.248.69.76:35455/huya/21059592
电影_喜剧,http://124.248.69.76:35455/huya/11352877
电影_港片,http://124.248.69.76:35455/huya/11602043
电影_国产,http://124.248.69.76:35455/huya/11352973
电影_海盗,http://124.248.69.76:35455/huya/21059595
电影_斯坦森,http://124.248.69.76:35455/huya/21059588
电影_八点档,http://124.248.69.76:35455/huya/880261
电影_灾难片,http://124.248.69.76:35455/huya/11602075
电影_古装片,http://124.248.69.76:35455/huya/11336590
电影_小鬼头,http://124.248.69.76:35455/huya/11352963
电影_高分动作,http://124.248.69.76:35455/huya/11352884
电影_欢乐剧场,http://124.248.69.76:35455/douyu/7489563
电影_欢笑影院,http://124.248.69.76:35455/huya/11352894
电影_国产悬疑,http://124.248.69.76:35455/huya/11342395
电影_快意江湖,http://124.248.69.76:35455/huya/11342435
电影_黑帮斗争,http://124.248.69.76:35455/huya/11342419
电影_嫣然影厅,http://124.248.69.76:35455/huya/11601977
电影_女神系列,http://124.248.69.76:35455/huya/11336571
电影_经典港片,http://124.248.69.76:35455/huya/11352965
电影_镖行天下,http://124.248.69.76:35455/huya/11352969
电影_怪兽系列,http://124.248.69.76:35455/huya/21059554
埋堆堆1,http://124.248.69.76:35455/huya/23749096
埋堆堆2,http://124.248.69.76:35455/huya/23735126
埋堆堆3,http://124.248.69.76:35455/huya/23865152
埋堆堆4,http://124.248.69.76:35455/huya/3903196
埋堆堆5,http://124.248.69.76:35455/huya/23740156
埋堆堆6,http://124.248.69.76:35455/huya//23728660
埋堆堆7,http://124.248.69.76:35455/huya/23865058
埋堆堆8,http://124.248.69.76:35455/huya/23734183
埋堆堆9,http://124.248.69.76:35455/huya/23865036
埋堆堆11,http://124.248.69.76:35455/huya/23863796
埋堆堆12,http://124.248.69.76:35455/huya/23749083
埋堆堆13,http://124.248.69.76:35455/huya/3824164
埋堆堆14,http://124.248.69.76:35455/huya/23863804
埋堆堆15,http://124.248.69.76:35455/huya/23865142
埋堆堆16,http://124.248.69.76:35455/huya/23903183
埋堆堆17,http://124.248.69.76:35455/huya/23903130
埋堆堆18,http://124.248.69.76:35455/huya/23734169
埋堆堆19,http://124.248.69.76:35455/huya/23728674
埋堆堆1,http://cfss.cc/cdn/hy/23749096.flv
埋堆堆2,http://cfss.cc/cdn/hy/23735126.flv
埋堆堆3,http://cfss.cc/cdn/hy/23865152.flv
埋堆堆4,http://cfss.cc/cdn/hy/23903196.flv
埋堆堆5,http://cfss.cc/cdn/hy/23740156.flv
埋堆堆6,http://cfss.cc/cdn/hy/23728660.flv
埋堆堆7,http://cfss.cc/cdn/hy/23865058.flv
埋堆堆8,http://cfss.cc/cdn/hy/23734183.flv
埋堆堆9,http://cfss.cc/cdn/hy/23865036.flv
埋堆堆10,http://cfss.cc/cdn/hy/23734246.flv
埋堆堆11,http://cfss.cc/cdn/hy/23863796.flv
埋堆堆12,http://cfss.cc/cdn/hy/23749083.flv
埋堆堆13,http://cfss.cc/cdn/hy/23824164.flv
埋堆堆14,http://cfss.cc/cdn/hy/23863804.flv
埋堆堆15,http://cfss.cc/cdn/hy/23865142.flv
埋堆堆16,http://cfss.cc/cdn/hy/23903183.flv
埋堆堆17,http://cfss.cc/cdn/hy/23903130.flv
埋堆堆18,http://cfss.cc/cdn/hy/23734169.flv
埋堆堆19,http://cfss.cc/cdn/hy/23728674.flv
卫视电影,mitv://generationnexxxt.com:19806/f5f1de75dbbf48e2a21a498977ffb8e4
卫视电影,mitv://135.148.104.228:19806/f5f1de75dbbf48e2a21a498977ffb8e4
天映,mitv://generationnexxxt.com:19806/f7581adcfa1e4eaa88b4d1206f3abe61
天映(国),p3p://108.181.20.159:05326/64d733f10006463379d868e844611939
天映,https://edge1.laotv.la:443/live/CHCA/index.m3u8
天映,http://ali.hlspull.yximgs.com/live/huanqiuhklivejejcxlvofbjbvnjjsfjvbhfhcvxcvjsjbcvjfdvjsfcbjbnjtypj.flv
私人影院,mitv://generationnexxxt.com:19806/3cfadd5e9af14d6db652b3c23acd7a7d
好莱坞电影,mitv://generationnexxxt.com:19806/9862f4958472458ca2ebc718bb92a5c6
好莱坞电影,mitv://135.148.104.228:19806/9862f4958472458ca2ebc718bb92a5c6
ARNER,mitv://generationnexxxt.com:19806/cd2062a6c5a94d548f3516d96e23deec
AXN电影,mitv://generationnexxxt.com:19806/893f7dec641a42458f47ccfbd93525ba
AMC电影,http://61.221.215.25:8800/hls/43/index.m3u8
AXN,https://bsex.serv00.net/Smart.php?id=axn_twn
CINEMAX,https://bsex.serv00.net/Smart.php?id=cinemax_twn
CatchPlay电影,mitv://generationnexxxt.com:19806/2dccaec60f0e418d82d2d0bb09f0c4a8
CinemaW,mitv://generationnexxxt.com:19806/e262f40881b2461f9a270b4d9d0b54c3
CINE-MAX,mitv://generationnexxxt.com:19806/fd7fd316ff5f4ae0a79d274a86483a4f
ViuTV台英,mitv://generationnexxxt.com:19806/ba99e7a39d9c4e74bacc5de14f58dcf6
ViuTV台英,mitv://generationnexxxt.com:19806/4117b4e170014c2fbce73011cfaf066a
DiscoveryA,mitv://generationnexxxt.com:19806/65e9a59d000f257fe8f2360919064328
HBO电影,mitv://generationnexxxt.com:19806/37f11d742fee447ab15f07db28095bd6
HBO强档巨献,mitv://generationnexxxt.com:19806/85cdd046958e48a794ff6f2d26b8ceba
HBO强档巨献,mitv://generationnexxxt.com:19806/563a5981b8ad4df085b59ce98bbecb95
HBO原创巨献,mitv://generationnexxxt.com:19806/6cf195d6fb5a4f9bb6fd98cf97af421b
HBO原创巨献,mitv://generationnexxxt.com:19806/bd0a33ff8b6f4fe9ba7791ad73c6c16e
HBO Family,mitv://generationnexxxt.com:19806/8a0208ebdfa04b5eab112f0c8b01719c
HBO Family,mitv://generationnexxxt.com:19806/924dad4bd6604751ba4c4ae69781784b
龙华偶像,p2p://108.181.20.159:75326/609bb1b0000732744f174daa791d3b43
龙华经典,p2p://108.181.20.159:75326/6223b9d8000ef67e3e8a2073190e36d5
东风37,p2p://108.181.20.159:75326/65e43760000a035494a8bab255152210
TVB星河国语,http://8.134.236.66:45678/ali.hlspull.yximgs.com?id=17
TVB星河国语,http://8.134.236.66:45678/ali.hlspull.yximgs.com?id=18
TVB星河(粤),mitv://generationnexxxt.com:19806/0c08d9d705a747908c23ba652726d777
C+,http://ottproxy2.ist.ooo/livehls/MOB-U1-NO/01.m3u8
C+,http://ottproxy2.ist.ooo/livehls/MOB-U1-NO/02.m3u8
TVB亚洲武侠,mitv://generationnexxxt.com:19806/ef6373344abf4bedae4d49ac953c1742
TVB亚洲武侠,https://ali.hlspull.yximgs.com/live/12344.flv
TVB亚洲武侠,https://s2.pub/cctv-20
TVB亚洲武侠,http://v2h.jdshipin.com/asia_action/asia_action.stream/chunklist.m3u8
TVB粤语片,mitv://generationnexxxt.com:19806/3a44c9c92439443494b8ecff6fdb2336
无线华丽,http://php.jdshipin.com:8880/smt.php?id=Wlt
无线Plus,http://php.jdshipin.com:8880/smt.php?id=j2_twn
无线明珠,http://php.jdshipin.com:8880/smt.php?id=pearl_twn
无线娱乐备,http://v2h.jdshipin.com/enew/enew.stream/chunklist.m3u8
TVB 华丽,http://php.jdshipin.com:8880/smt.php?id=Tvbjade
Astro AOD,http://php.jdshipin.com:8880/TVOD/iptv.php?id=aod
千禧经典,http://php.jdshipin.com:8880/TVOD/iptv.php?id=tvbc
龙华偶像,https://s2-10623-kwimgs.52520.xyz/4gtv.php?key=e7613508260c3c3d8d25b90c55a923bf&id=litv-longturn12
龙华经典,https://s2-10623-kwimgs.52520.xyz/4gtv.php?key=e7613508260c3c3d8d25b90c55a923bf&id=litv-longturn21
亚太第一卫视综合,http://play2.one-tv.com/live/onetv.m3u8
亚洲卫视,https://p2hs.vzan.com/slowlive/821481626725612417/live.m3u8?zbid=2046370057&tpid=330913109&type=0
纬来戏剧,http://extraott.com:80/live/7921751389/6097373662/5491.m3u8
纬来戏剧,p2p://108.181.20.159:75326/5fe29426000330687c04c55011370c91
纬来戏剧,mitv://generationnexxxt.com:19806/69036778f8fc40729301e9e88aeee556
东森美洲戏剧,http://extraott.com:80/live/7921751389/6097373662/473540.m3u8
爱尔达影剧,http://extraott.com:80/live/7921751389/6097373662/5546.m3u8
靖洋戏剧,mitv://generationnexxxt.com:19806/84a559f1b4884854be933d5d4fc0d4a6
靖洋戏剧,mitv://135.148.104.228:19806/84a559f1b4884854be933d5d4fc0d4a6
EYE戏剧,mitv://generationnexxxt.com:19806/2831986ed4b448c9b626788fbd3f2f89
EYE戏剧,http://extraott.com:80/live/7921751389/6097373662/5532.m3u8
采昌影剧,mitv://generationnexxxt.com:19806/a0d691053f9b4876ab2b509a62296911
EYETV戏剧,mitv://135.148.104.228:19806/2831986ed4b448c9b626788fbd3f2f89
爱尔达影剧,mitv://generationnexxxt.com:19806/932d4522f2294c6a926b7ab8027c269f
爱尔达影剧,mitv://135.148.104.228:19806/932d4522f2294c6a926b7ab8027c269f
亚洲剧,mitv://generationnexxxt.com:19806/ee081a662356489d8b2170952ec91d24
纬来综合,http://extraott.com:80/live/7921751389/6097373662/5490.m3u8
龙华偶像,mitv://generationnexxxt.com:19806/5b720b1e1b404f129e7009363d3035f8
八大优,mitv://generationnexxxt.com:19806/7abaa68442ce4ed7ad7c9772fb46eda9
八大娱乐,mitv://generationnexxxt.com:19806/cea44ead76804413bd48caf76c5c2749
华剧台,https://s2-10623-kwimgs.52520.xyz/histar.php?key=e7613508260c3c3d8d25b90c55a923bf&id=golden-chinese-drama
戏曲台,mitv://generationnexxxt.com:19806/4c3b3c3a6c8849c3aa0fc9938859e134
黄金台,mitv://generationnexxxt.com:19806/c2e1bcd2c5544341b2a0d7f7a53e0d98
Astro小太阳,mitv://generationnexxxt.com:19806/b9014d57594d4cfdb87848d4b2610506
Astro,mitv://generationnexxxt.com:19806/0cd8ffd5742f43f2aba6b6bf8736641d
Astro欢喜,mitv://generationnexxxt.com:19806/a2f732d447dc4c0b9e80417490de4e1d
八度空间(备),mitv://generationnexxxt.com:19806/34bef24c069e40779fb4b4c827e0051f
TV1,mitv://generationnexxxt.com:19806/a3299ebd988b447992cf982df2ea7562
TV2,mitv://generationnexxxt.com:19806/facbc81537924664aaf429b4e0faec17
TV3,mitv://generationnexxxt.com:19806/6a00a0b3636340a4bc00626fedaa36f6
JET综合,mitv://generationnexxxt.com:19806/cbd0c62dcb2a45cfa04f672fb2c49d14
高点综合,mitv://generationnexxxt.com:19806/462775e2153243fc92adec0793c638d0
影厅1,http://zby.xjqxz.top/zh01/live.m3u8
影厅2,http://zby.xjqxz.top/zh02/live.m3u8
影厅3,http://zby.xjqxz.top/zh03/live.m3u8
影厅4,http://zby.xjqxz.top/zh08/live.m3u8
院线1,http://zby.xjqxz.top/gcwx2/live.m3u8
院线2,http://zby.xjqxz.top/gcwx3/live.m3u8
院线3,http://zby.xjqxz.top/gcwx5/live.m3u8
经典影剧,http://lxajh.top/tv/douyu.php?id=3928
邵氏电影[1280*720],http://lxajh.top/tv/douyu.php?id=4246519
芒果TV①,http://zby.xjqxz.top/dsdsj1/live.m3u8
芒果TV②,http://zby.xjqxz.top/dsdsj2/live.m3u8
芒果TV③,http://zby.xjqxz.top/dsdsj3/live.m3u8
芒果TV④,http://zby.xjqxz.top/gzdsj1/live.m3u8
芒果TV⑤,http://zby.xjqxz.top/gzdsj2/live.m3u8
芒果TV⑥,http://zby.xjqxz.top/gzdsj3/live.m3u8
芒果TV⑦,http://zby.xjqxz.top/gzdsj4/live.m3u8
芒果TV⑧,http://zby.xjqxz.top/gzdsj5/live.m3u8
芒果TV⑨,http://zby.xjqxz.top/kzzypd/live.m3u8
芒果TV⑩,http://zby.xjqxz.top/dzzypd/live.m3u8
芒果TV⑪,http://zby.xjqxz.top/dzzypd2/live.m3u8
芒果TV⑫,http://zby.xjqxz.top/dzzypd3/live.m3u8
芒果TV⑬,http://zby.xjqxz.top/gzwxj/live.m3u8
95神雕侠侣粤,http://159.75.85.63:35455/yy/1354926637
96笑傲江湖版,http://159.75.85.63:35455/yy/1354930909
87经典红楼梦,http://159.75.85.63:35455/yy/1382745084
仙剑奇侠传剧,http://159.75.85.63:35455/yy/1382749903
花千骨电视剧,http://159.75.85.63:35455/yy/1354943110
少年歌行剧集,http://159.75.85.63:35455/yy/1450556636
鹊刀门传奇剧,http://159.75.85.63:35455/yy/1355344777
甄嬛传电视剧,http://zby.xjqxz.top/live8/live.m3u8
卿卿日常轮播,http://zby.xjqxz.top/qqrc/live.m3u8
开端电视轮播,http://159.75.85.63:35455/huya/11342397
开端电视轮播,http://cfss.cc/cdn/hy/11342397.m3u8
我的体育老师,http://159.75.85.63:35455/yy/1382745169
后厨电视轮播,http://159.75.85.63:35455/yy/1351059494
如果岁月轮播,http://159.75.85.63:35455/yy/1382736883
流金岁月轮播,http://159.75.85.63:35455/yy/1382749906
向风而行轮播,http://zby.xjqxz.top/xfex/live.m3u8
欢乐颂电视剧,http://159.75.85.63:35455/douyu/3756989
好先生电视剧,http://159.75.85.63:35455/douyu/9650792
我的前半生剧,http://159.75.85.63:35455/yy/1382735564
伪装者电视剧,http://159.75.85.63:35455/yy/1354936244
警察荣誉轮播,http://zby.xjqxz.top/live16/live.m3u8
雪豹电视轮播,http://159.75.85.63:35455/douyu/11863823
火蓝刀锋轮播,http://159.75.85.63:35455/yy/1382737892
二炮手电视剧,http://159.75.85.63:35455/yy/1354930964
炮神电视轮播,http://159.75.85.63:35455/yy/22089862
风筝电视轮播,http://159.75.85.63:35455/yy/1354931585
三部僵约轮播,http://159.75.85.63:35455/douyu/9470198
古装神剧,https://live.metshop.top/douyu/338759
经典剧场,http://live.dxms.top:80/dwy/jdjc.php
经典宫庭,http://live.dxms.top:80/dwy/gtjc.php
经典清剧,http://live.dxms.top:80/dwy/jdqj.php
经典天龙,http://live.dxms.top:80/dwy/jdtl.php
经典金庸,http://live.dxms.top:80/dwy/jyjc.php
经典三国,http://live.dxms.top:80/dwy/jdsg.php
经典喜剧,http://live.dxms.top:80/dwy/jdxj.php
神雕侠侣古天乐版,http://cfss.cc/cdn/hy/23865171.flv
鹿鼎记陈小春版,http://cfss.cc/cdn/hy/23865080.flv
鬼吹灯之昆仑神宫,http://cfss.cc/cdn/hy/11601957.flv
武侠电视剧,https://live.metshop.top/yy/1459331991
经典三国,http://live.dxms.top/dw/jdsg.php
武侠剧场,http://43.138.170.29:35455/douyu/338759
虎飞虎之雷霆极战,http://11.xmyxc.cn/api/php/yy.php?id=1382736869
纪晓岚,http://11.xmyxc.cn/api/php/yy.php?id=1352227227
纪晓岚,http://11.xmyxc.cn/api/php/yy.php?id=1354143978
西游记后传 蓝光,http://11.xmyxc.cn/api/php/yy.php?id=1353392400
西游记张卫健版,http://11.xmyxc.cn/api/php/yy.php?id=1354936155
渴望,http://11.xmyxc.cn/api/php/yy.php?id=1354930963
风筝,http://11.xmyxc.cn/api/php/yy.php?id=1382828770
富贵,http://11.xmyxc.cn/api/php/yy.php?id=1354926537
马大帅,http://11.xmyxc.cn/api/php/yy.php?id=1353782648
都挺好,http://11.xmyxc.cn/api/php/yy.php?id=1382736892
包青天,http://11.xmyxc.cn/api/php/yy.php?id=463153
李三枪,http://11.xmyxc.cn/api/php/yy.php?id=1354936122
叛逆者,http://11.xmyxc.cn/api/php/yy.php?id=1382736868
小欢喜,http://11.xmyxc.cn/api/php/yy.php?id=1382737888
流金岁月,http://11.xmyxc.cn/api/php/yy.php?id=1382736891
传奇英雄,http://11.xmyxc.cn/api/php/yy.php?id=1382735578
新封神榜,http://11.xmyxc.cn/api/php/yy.php?id=31128
插翅难逃,hhttp://11.xmyxc.cn/api/php/yy.php?id=23402146
无敌县令,http://11.xmyxc.cn/api/php/yy.php?id=1354932390
魔幻手机,http://11.xmyxc.cn/api/php/yy.php?id=1382735544
法正先锋,http://11.xmyxc.cn/api/php/yy.php?id=1354930939
水月洞天,http://11.xmyxc.cn/api/php/yy.php?id=1462996362
汉武大帝,http://11.xmyxc.cn/api/php/yy.php?id=1355260855
读心神探,http://11.xmyxc.cn/api/php/yy.php?id=1382851589
溏心风暴,http://11.xmyxc.cn/api/php/yy.php?id=1354888747
火蓝刀锋,http://11.xmyxc.cn/api/php/yy.php?id=1382737892
白夜追凶,http://11.xmyxc.cn/api/php/yy.php?id=1354932359
怪医文三块,http://11.xmyxc.cn/api/php/yy.php?id=1354936154
忠烈杨家将,http://11.xmyxc.cn/api/php/yy.php?id=1382749909
雪中悍刀情,http://11.xmyxc.cn/api/php/yy.php?id=11410
刑事侦缉档案,http://11.xmyxc.cn/api/php/yy.php?id=1382851585
我的父亲我的兵,http://11.xmyxc.cn/api/php/yy.php?id=1353413714
穿越时空的爱恋,http://11.xmyxc.cn/api/php/yy.php?id=1382735567
特种兵之火凤凰,http://11.xmyxc.cn/api/php/yy.php?id=1356326459
神雕侠侣古天乐,http://11.xmyxc.cn/api/php/yy.php?id=12531
经典电视剧,http://11.xmyxc.cn/api/php/yy.php?id=1356341389
公视台语,mitv://generationnexxxt.com:19806/6593a0f40009baf898efc82314242462
台视综合,mitv://generationnexxxt.com:19806/6593a4d5000dedcb98fef0154abd184d
台视财经,mitv://generationnexxxt.com:19806/e01d7738e33e456a812f7cefbf27b29a
东森幼幼,mitv://generationnexxxt.com:19806/baa16215e2224e399f6dc71eb3576ed4
东森亚洲卫视,mitv://generationnexxxt.com:19806/8a43d9cb067b47aaa8fd5f550930be0c
纬来综合,mitv://generationnexxxt.com:19806/d40310ae8bba42569d3d90b4cf7d9928
靖天综合,mitv://generationnexxxt.com:19806/ed2e3f294dcc40c1b72aba372fbed64d
靖天育乐,mitv://generationnexxxt.com:19806/d67fd6c2e7c44e17b9e86d9073f2930e
靖天欢乐,mitv://generationnexxxt.com:19806/439163cf3469473b8ffd582b687991be
靖天日本,mitv://generationnexxxt.com:19806/c88dcc9ddf6747b991fc1a0db939147d
靖天国际,mitv://generationnexxxt.com:19806/12d39bada24843588ad72a3175b785a2
壹电视综合,mitv://generationnexxxt.com:19806/617d6cf150574cb485ee07aea57262fd
壹电视新闻,mitv://generationnexxxt.com:19806/31dad83ef5b74c5db225482cd2e0fbae
TVBS,mitv://generationnexxxt.com:19806/9fb651a7ec2e402588a0752ba1035476
TVBS精采,mitv://generationnexxxt.com:19806/2089afbec2474359add275658522922f
寰宇新闻台湾,mitv://generationnexxxt.com:19806/65b21a80000977cd0ffaa9e72e6218af
镜新闻,mitv://generationnexxxt.com:19806/668a0abb880a496d8f57fad2f580566b
非凡商业,mitv://generationnexxxt.com:19806/0c1ba96949414628ae64fc70c3354e7b
国兴卫视,mitv://generationnexxxt.com:19806/18aaee00d2af442ebb4592e15f7b2a20
公视3,mitv://generationnexxxt.com:19806/95f2ed538e044aac891abfe6a9ce6ba7
大爱2,mitv://generationnexxxt.com:19806/2036b83c58e344c782eb154b233c8c77
尼克儿童,mitv://generationnexxxt.com:19806/879f28be19bc47df84ad3d5470be58d0
HITS,mitv://generationnexxxt.com:19806/a65416c2039f4644aeef10da853fb928
tvN,mitv://generationnexxxt.com:19806/5653c9fb655842ee99b4590ff903efe7
ELTV生活英语,mitv://generationnexxxt.com:19806/78c0f08e89a844ef89d6803bce27a827
Nick Jr.,mitv://generationnexxxt.com:19806/acebbded37714fa4a5554c025873a92c
Mezzo Live,mitv://generationnexxxt.com:19806/1c1e90cd01934a5f917ec4fad5c97665
TRACE Sport Stars,mitv://generationnexxxt.com:19806/b0cb233f10e84f29910fa38e15a07035
Discovery Asia,mitv://generationnexxxt.com:19806/0afefbe6244c42dbac40a3d8abef8d07
Discovery科学,mitv://generationnexxxt.com:19806/39e1494bd82c449892c6f92a6c8dc213
DMAX,mitv://generationnexxxt.com:19806/50af7fb4500840e292bcfae4dd50e97f
Lifetime,mitv://generationnexxxt.com:19806/112b06172cdf41cbb6990e64d30cab0c
NHK新闻资讯,mitv://generationnexxxt.com:19806/c2da55d84a72418c8f1876c25ec97a1d
Smart知识,mitv://generationnexxxt.com:19806/65939c760002de7398de3a2e3f1b051b
TechStorm,mitv://generationnexxxt.com:19806/994876c6aadc4234ba73441f18d36602
智林体育,mitv://generationnexxxt.com:19806/931c171e2f774f7aa1a92e97f5098c9f
博斯高球,mitv://generationnexxxt.com:19806/6ff0b79453d2430986930b7c84a286df
EYE TV旅游,mitv://generationnexxxt.com:19806/2d426994acef44deb401aa8a4cd5a92e
博斯网球,mitv://generationnexxxt.com:19806/7fb5b66ce38747de84be865952153959
居家乐活,mitv://generationnexxxt.com:19806/84613e96237545769558cc572e6d1ab0
Love Nature,mitv://generationnexxxt.com:19806/574be1e2e0054216abe436413ea4221a
亚洲旅游,mitv://generationnexxxt.com:19806/259c24cb79ce4b5db1fb1e1b894c517e
韩国娱乐,mitv://generationnexxxt.com:19806/80d680dc15ec44bea9c3a3160ecdcb14
罪案侦缉,mitv://generationnexxxt.com:19806/ef7b4ee3be374092a4a0074a6be41e03
历史,mitv://generationnexxxt.com:19806/e6f506b509c94bacb4a371cdbcbe7719
爱尔达体育1,mitv://generationnexxxt.com:19806/68e521d35c0247ddbc5073dee98245a3
爱尔达体育2,mitv://generationnexxxt.com:19806/d1f16ee235314a0fbc33742ab7af534b
爱尔达体育3,mitv://generationnexxxt.com:19806/3ebc6b89559c44dca30c4c259a5646b9
爱尔达体育4,mitv://generationnexxxt.com:19806/df4f198dbe6347e1a084c79d208f227d
佛卫慈悲,mitv://generationnexxxt.com:19806/be70c8b5b35c4551b5c7d3c905234e69
客家电视,mitv://generationnexxxt.com:19806/eafabb6e7c30439b8ecd35ad40a46a96
探索,mitv://generationnexxxt.com:19806/9f2e92df32b34a569ad7e6818f4732fb
TLC旅游生活,mitv://generationnexxxt.com:19806/621ca70412034f5eb919c1ec03679804
MOMO综合,mitv://generationnexxxt.com:19806/659391fc000353d298b54dbe4b486dab
MOMO亲子,mitv://generationnexxxt.com:19806/2f2d9ad70ce7410aa99f2b9fa1753dd4
HOY 资讯,mitv://generationnexxxt.com:19806/eb5a565eb80d40509f0a248018dfd337
HOY 新闻,mitv://generationnexxxt.com:19806/d7a5bbf5664945cc8589b36b8434d68d
18台,mitv://generationnexxxt.com:19806/8bf8f53c61944785b13817297101af20
台视综合,P2p://generationnexxxt.com:19806/6593a4d5000dedcb98fef0154abd184d
壹电视新闻,P2p://generationnexxxt.com:19806/31dad83ef5b74c5db225482cd2e0fbae
Z,P2p://generationnexxxt.com:19806/8789d946039740bda334150ac3138166
公视3,P2p://generationnexxxt.com:19806/95f2ed538e044aac891abfe6a9ce6ba7
大爱2,P2p://generationnexxxt.com:19806/2036b83c58e344c782eb154b233c8c77
Sky Sports Golf,P2p://generationnexxxt.com:19806/65791ef9000e6a67316403ad31ad3930
Sky Sports Football,P2p://generationnexxxt.com:19806/65791ef900094e3c3164026476a47cd3
Astro SuperSport,P2p://generationnexxxt.com:19806/8f8ad3ee6aa54ccbac64314553dfa1fa
Astro SuperSport 2,P2p://generationnexxxt.com:19806/650d4fca00064e791dd4dbcd16fd08c0
Astro SuperSport 3,P2p://generationnexxxt.com:19806/5b9b9986c20244908be60c3f18a3e435
Astro SuperSport 4,P2p://generationnexxxt.com:19806/c7f1be20958243f68c943016c446501e
beIN Sports 3,P2p://generationnexxxt.com:19806/65a52dc1000d76fbdd7dd8ab186b4afd
J Sports 2,P2p://generationnexxxt.com:19806/1dec0300cce54ba5853fd5aadc349595
J Sports 3,P2p://generationnexxxt.com:19806/1a9fd30d67f8480490d1fe07440658b5
J Sports 4,P2p://generationnexxxt.com:19806/f7915841f9c04692b3c336849b8ed00c
Skynet Sports,P2p://generationnexxxt.com:19806/64f03b7d000cf732ac3d879228791c70
Skynet Sports 2,P2p://generationnexxxt.com:19806/64f03b7e0004ca5cac3d89676c3c51df
Skynet Sports 5,P2p://generationnexxxt.com:19806/64f03b7f0003688dac3d8cf1521c6e9f
Skynet Sports 6,P2p://generationnexxxt.com:19806/64f03b7e000b23c7ac3d8b0d775b55a1
Fight Sports,P2p://generationnexxxt.com:19806/7375a5f151c047b294a8e8c6ddad178d
ESPN,P2p://generationnexxxt.com:19806/2436baa9e481444fa785298d5931bdba
beIN Sports 2,P2p://generationnexxxt.com:19806/65619d35000372e967236fc35ab64b39
NBA,P2p://generationnexxxt.com:19806/65159b8e000aa81c3e3cd2861b6b31f1
Eurosport,P2p://generationnexxxt.com:19806/65159769000b9a153e2ca23c14c042d2
Arena Bola,P2p://generationnexxxt.com:19806/6597c3de0009a0efa91838f96fd623b1
Sky Sports F1,P2p://generationnexxxt.com:19806/65791ef90003eb94316400fd79094faa
Sky Sports Arena,P2p://generationnexxxt.com:19806/65791ef8000e15953163ffb52b633954
Sky Sports Main Event,P2p://generationnexxxt.com:19806/65791ef800079cd23163fe0f44d92213
Sky Sports Cricket,P2p://generationnexxxt.com:19806/65791ef8000290523163fcb71a5c79e1
Sky Sports Mix,P2p://generationnexxxt.com:19806/65791ef7000cb6683163fb6f54195e6f
Golf Channel,P2p://generationnexxxt.com:19806/65619e930003f0fc6728c71226a25f2d
HITS Movies,P2p://generationnexxxt.com:19806/72b44f288c8c4c5baa031ec11d9e0e35
HOY TV,mitv://generationnexxxt.com:19806/10c18372b612479086c1f259245543ff
﻿翡翠台(备),mitv://147.135.39.171:9906/657c8f940005cf8fa955b96f23e11195
无线财经体育资讯,mitv://generationnexxxt.com:19806/8bcc654c89f74ebdb4e82062ef5f998c
澳门-MACAU,mitv://generationnexxxt.com:19806/f9ba8df6f9ed45789e882211735e6414
HKC 18,mitv://generationnexxxt.com:19806/140377dc9e0848678d614d451d69af9e
香港国际财经,mitv://generationnexxxt.com:19806/6aa47af091b54d618d1513b1bc23b0b9
now财经,mitv://generationnexxxt.com:19806/88f95058c046453a973e2540701ccb4e
Hands Up,mitv://generationnexxxt.com:19806/7a79a82b627a417f897895b4adf874aa
台视,mitv://generationnexxxt.com:19806/9868c18e3c0940cd8aa003d9ae54f862
大爱,mitv://generationnexxxt.com:19806/e89ec8c592484d88bc001e8d8a6c9e31
中视,mitv://generationnexxxt.com:19806/27826c4ed7234c0d8759bc7fe6786a18
霹雳台湾,mitv://generationnexxxt.com:19806/dcdf778fe9ca4184ad6af3a911765cf0
华视,mitv://generationnexxxt.com:19806/761bc3c0662247d18b0db4da8070b7f4
公视,mitv://generationnexxxt.com:19806/5bc9388122b840f1abd2ff73c85049a6
好消息,mitv://generationnexxxt.com:19806/febf2282369d409d92d68514b72fc433
原住民电视,mitv://generationnexxxt.com:19806/cb5b7549e3604100a605ca17c82808f5
CNBC,mitv://generationnexxxt.com:19806/b642a4ce45734a7190f0acbd8cd462dd
Bloomberg TV,mitv://generationnexxxt.com:19806/885bb543b9cb4bbeb5bcfe518fb90780
年代新闻,mitv://generationnexxxt.com:19806/95f67e884d88463e907c301d05fa68b7
STAR World,mitv://generationnexxxt.com:19806/e60c9c99922d4fed8cfb3a8333f2d360
Z,mitv://generationnexxxt.com:19806/8789d946039740bda334150ac3138166
Animax,mitv://generationnexxxt.com:19806/22f75ace87a545aab39a2e4cd244bbad
France24,mitv://generationnexxxt.com:19806/72d5e1665d3e4b729ff9dbd4325e8694
靖洋卡通Nice Bingo,mitv://generationnexxxt.com:19806/1279fb2d1ae14676a31b2e5b38a2cd57
靖天卡通,mitv://generationnexxxt.com:19806/0e27e5f319264b609ec810e126edf969
CLASSICA 古典乐,mitv://generationnexxxt.com:19806/133be9054bcd4fa68d2e34205004a51a
爱尔达体育1台(备),mitv://generationnexxxt.com:19806/1180278580d04cb490450ec59b4edc6b
博斯高球二,mitv://generationnexxxt.com:19806/8afa52d0fe0047f8a6d7e51f46697f93
博斯魅力网,mitv://generationnexxxt.com:19806/c585ebfbfc7c4260a8d9556b5409faf0
博斯无限,mitv://generationnexxxt.com:19806/f2973cfa7c2045e6b8a184f1bf18af7c
博斯无限二,mitv://generationnexxxt.com:19806/143f1c23ac834d28a5296d61fed9250c
博斯运动,mitv://generationnexxxt.com:19806/6293839c167e4b6393c745db434b2465
博斯运动二,mitv://generationnexxxt.com:19806/cbd52c51fbab49ae9b3bc0da9137f681
EVE,mitv://generationnexxxt.com:19806/f21130546932443d98f6ec02aa4ec99a
亚洲美食,mitv://generationnexxxt.com:19806/5b787bd078c84a3caa09c3665c66dc50
好消息2,mitv://generationnexxxt.com:19806/2b9f20946a6147dfba8f92373fbafee5
ETtoday综合,mitv://generationnexxxt.com:19806/8e1b32241c9d4d079a2df7dc99adb312
i-Fun动漫,mitv://generationnexxxt.com:19806/91a0e3fa1a714dd7b7cf55343052cd4f
ROCK Extreme,mitv://generationnexxxt.com:19806/fc56480dab3541a6a99d66c3d2048526
星卫HD电影,mitv://generationnexxxt.com:19806/832bfeb4b3b84dd2a7428f9db69504eb
Star Movies,mitv://generationnexxxt.com:19806/cdbfcfca93f846c7bcc30d0fd108923f
寰宇新闻台湾,mitv://generationnexxxt.com:19806/ca27b65855704124be186aa0e5127c24
纬来日本,mitv://generationnexxxt.com:19806/5f9d37ba1fc04a04aaec6979908294a2
民视(备),mitv://generationnexxxt.com:19806/8d864649cfc54b518b3d137d67583155
卫视中文,mitv://generationnexxxt.com:19806/7f7bdcb1fb94430daa8ba120dcbfde4e
台视(备),mitv://generationnexxxt.com:19806/3c20d4387ec845149b2ded5f28805f18
中视(备),mitv://generationnexxxt.com:19806/c4ede9c3d1a84d0b9afe57622abcb9e7
华视(备),mitv://generationnexxxt.com:19806/177390ae66634acca9be01242a769660
华视,mitv://135.148.104.228:19806/761bc3c0662247d18b0db4da8070b7f4
无线资讯,https://ha.jmied.com/aa/aa.flv?auth_key=1661958232-0-0-3d9174957759709f8b53448167c0b6f6
ELE体育3,rtmp://f13h.mine.nu/sat/tv751
台视,http://165.1.79.200:9000/live.m3u8?c=72
中视,http://165.1.79.200:9000/live.m3u8?c=74
NEW新闻,http://165.1.79.200:9000/live.m3u8?c=76
公视,http://165.1.79.200:9000/live.m3u8?c=83
DW,http://165.1.79.200:9000/live.m3u8?c=97
东森LIVE,http://165.1.79.200:9000/live.m3u8?c=177
镜新闻,http://livetv.skycf.eu.org/live.m3u8?c=10
公视,http://livetv.skycf.eu.org/live.m3u8?c=8
三洋,http://livetv.skycf.eu.org/live.m3u8?c=12
东森经财,http://livetv.skycf.eu.org/live.m3u8?c=14
TVB 新闻,mitv://147.135.39.171:9906/65af205400009f3c6edb7a235cfa4c88
香港电台(RTHK 34),https://news.cgtn.com/resource/live/document/cgtn-doc.m3u8
香港电台(RTHK 34),https://livedoc.cgtn.com/1000d/prog_index.m3u8
CGNTV1,http://live.cgtn.com/1000/prog_index.m3u8
CGNTV2,http://livear.cgtn.com/1000a/prog_index.m3u8
CGNTV,http://livees.cgtn.com/1000e/prog_index.m3u8
CGNTV3,http://liveru.cgtn.com/1000r/prog_index.m3u8
港台电视34,https://rthktv34-live.akamaized.net/hls/live/2101642/RTHKTV34/stream04/streamPlaylist.m3u8
耀才财经,http://202.69.67.66:443/webcast/bshdlive-pc/playlist.m3u8?wowzasessionid=64000
耀才财经,https://v3.mediacast.hk/webcast/bshdlive-pc/playlist.m3u8
大爱1,mitv://135.148.104.228:19806/e89ec8c592484d88bc001e8d8a6c9e31
好消息,https://dqhxk7sbp7xog.cloudfront.net/hls-live/goodtv/_definst_/liveevent/live-ch1-2.m3u8
中视,P2p://generationnexxxt.com:19806/c4ede9c3d1a84d0b9afe57622abcb9e7
华视,P2p://generationnexxxt.com:19806/177390ae66634acca9be01242a769660
华视,P2p://generationnexxxt.com:19806/761bc3c0662247d18b0db4da8070b7f4
超级电视剧,http://[2409:8087:1a01:df::7005]:80/ottrrs.hl.chinamobile.com/PLTV/88888888/224/3221225716/index.m3u8
东北热剧,http://[2409:8087:1a01:df::7005]:80/ottrrs.hl.chinamobile.com/PLTV/88888888/224/3221225741/index.m3u8
欢乐剧场,http://[2409:8087:1a01:df::7005]:80/ottrrs.hl.chinamobile.com/PLTV/88888888/224/3221225742/index.m3u8
潮妈辣婆,http://[2409:8087:5e00:24::1e]:6060/200000001898/460000089800010005/1.m3u8
东北热剧,http://[2409:8087:5e00:24::1e]:6060/200000001898/460000089800010021/1.m3u8
欢乐剧场,http://[2409:8087:5e00:24::1e]:6060/200000001898/460000089800010025/1.m3u8
超级电视剧,http://[2409:8087:5e00:24::1e]:6060/200000001898/460000089800010065/1.m3u8
NewTV潮妈辣婆,http://[2409:8087:2001:20:2800:0:df6e:eb19]:80/wh7f454c46tw1705588260_46164741/ott.mobaibox.com/PLTV/3/224/3221227527/index.m3u8
NewTV炫舞未来,http://[2409:8087:2001:20:2800:0:df6e:eb09]:80/wh7f454c46tw2582593423_1721070986/ott.mobaibox.com/PLTV/3/224/3221227475/index.m3u8
◆◆◆　https://raw.githubusercontent.com/zzmaze/iptv/main/itvlist.txt


◆◆◆　https://raw.githubusercontent.com/maitel2020/iptv-self-use/main/iptv.txt
梅州-1,http://php.jdshipin.com:8880/chudian.php?id=mzzh
◆◆◆　https://raw.githubusercontent.com/kimwang1978/TV/master/output/result.txt
广东珠江,http://lu.wqwqwq.sbs/itv/2000000003000000033.m3u8?cdn=hnbblive
◆◆◆　https://raw.githubusercontent.com/kimwang1978/collect-tv-txt/refs/heads/main/assets/freetv/freetv_output_other.txt
cetv1,https://t.freetv.fun/live/cetv1-1.m3u8
cgtn,https://t.freetv.fun/live/cgtn-1.m3u8
cgtn,https://t.freetv.fun/live/cgtn-15.m3u8
cgtn,https://t.freetv.fun/live/cgtn-2.m3u8
cgtn,https://t.freetv.fun/live/cgtn-3.m3u8
cgtn,https://t.freetv.fun/live/cgtn-6.m3u8
cgtn,https://t.freetv.fun/live/cgtn-8.m3u8
tvbs新闻,https://t.freetv.fun/live/tvbsxin-wen-1-2.m3u8
tvbs新闻,https://t.freetv.fun/live/tvbsxin-wen-1.php
tvbs新闻,https://t.freetv.fun/live/tvbsxin-wen-1-1.m3u8
tvbs新闻,https://t.freetv.fun/live/tvbsxin-wen.m3u8
中视,https://t.freetv.fun/live/zhong-shi-3.ts
中视,rtmp://f13h.mine.nu:1935/sat/tv091
乌海新闻综合,https://t.freetv.fun/live/wu-hai-xin-wen-zong-he.m3u8
广州南国都市,https://t.freetv.fun/live/yan-zhou-nan-guo-du-shi-1.m3u8
广州南国都市,https://t.freetv.fun/live/yan-zhou-nan-guo-du-shi-2.m3u8
影迷数位电影,https://t.freetv.fun/live/ying-mi-shu-wei-dian-ying.m3u8
晋城公共,https://t.freetv.fun/live/jin-cheng-gong-gong-1.m3u8
海峡卫视,https://t.freetv.fun/live/hai-xia-wei-shi-2.m3u8
海峡卫视,https://t.freetv.fun/live/hai-xia-wei-shi-3.m3u8
海峡卫视,https://t.freetv.fun/live/hai-xia-wei-shi-4.m3u8
海峡卫视,https://t.freetv.fun/live/hai-xia-wei-shi-5.m3u8
海峡卫视,https://t.freetv.fun/live/hai-xia-wei-shi-6.m3u8
海峡卫视,https://t.freetv.fun/live/hai-xia-wei-shi.m3u8
湖北经视,https://t.freetv.fun/live/hu-bei-jing-shi-1.m3u8
电影,https://t.freetv.fun/live/dian-ying-1.flv
电影,https://t.freetv.fun/live/dian-ying-4.flv
电影,https://t.freetv.fun/live/dian-ying-5.flv
电影,https://t.freetv.fun/live/dian-ying-6.flv
电影,https://t.freetv.fun/live/dian-ying-7.flv
电影,https://t.freetv.fun/live/dian-ying-8.m3u8
电影,https://t.freetv.fun/live/dian-ying-9.flv
电影,https://t.freetv.fun/live/dian-ying.flv
华视,https://t.freetv.fun/live/hua-shi-3.ts
金川新闻综合,rtmp://139.203.180.9/live/zhxw
镇江新闻,rtmp://zjtv-wshls.homecdn.com/live/2aa16
靖天卡通,https://t.freetv.fun/live/jing-tian-qia-tong.m3u8
靖天育乐,https://t.freetv.fun/live/jing-tian-yu-le.m3u8
靖洋戏剧,https://t.freetv.fun/live/jing-yang-xi-ju-1.php
靖洋戏剧,https://t.freetv.fun/live/jing-yang-xi-ju.m3u8
◆◆◆　https://gitee.com/tushaoyong/live/raw/master/%E6%8E%A5%E5%8F%A3/IPV6.txt
重温经典,http://cg12.hunancatv.cn:9090/live/CWJD.m3u8?deviceid=866265039837531&sid=Yp6brv0MWYukAl4oJr9yrw%3D%3D&nonce=Ri1TgJg9dlAK&acl=0111&hlsSessionID=1503359536318867014&srchost=172.16.22.158:8060&gid=OHehEP1KV9FqguWiPXrX6Q%3D%3D
音你而来诏安,http://flv4mp4.people.com.cn/videofile7/pvmsvideo/2022/10/11/FuJian-JiangWeiHang_5371390d6f9d264438463a1205f8dd65_ms_sd.mp4
诏安宣传片,https://us-xpc5.xpccdn.com/8b8f002a-c791-478c-adfb-9b8d3f0c1cd7.mp4?j=%7B%22userId%22%3A0%2C%22deviceId%22%3A%2234m0k11twblzqbo25e%22%2C%22ip%22%3A%22117.27.3.105%2C106.122.248.67%22%7D
荷韵仙塘,http://ys-n.ysepan.com/627009719/820965066/hSiJwsO6H613K76G6NJSad/%E8%8D%B7%E9%9F%B5%E4%BB%99%E5%A1%98~2.mp4?lx=xz
挨饿德•单挑荒野,http://1.94.31.214:35455/huya/24007208
挨饿德•1,http://1.94.31.214:35455/huya/20985858
挨饿德•2,http://1.94.31.214:35455/huya/17693860
荒野求生1,http://1.94.31.214:35455/huya/593667
WWE,http://1.94.31.214:35455/huya/17455062
WWE.UFC,http://1.94.31.214:35455/huya/26237550
李卫当官,http://1.94.31.214:35455/huya/26355788
大宋提刑官,http://1.94.31.214:35455/huya/26355856
宝莲灯前传HY,http://1.94.31.214:35455/huya/21059563
少年张三丰,http://1.94.31.214:35455/huya/26355824
海峡卫视,http://117.72.68.25:9930/fujian.php?id=3
福建教育,http://www.91dos.cn:4022/rtp/239.61.2.173:9026
福建乡村,http://117.72.68.25:9930/fujian.php?id=6
海峡卫视,http://php.jdshipin.com:8880/fujian.php?id=9
新罗综合,http://stream.lyxltv.com/xltv/sd/live.m3u8
武夷山综合,http://fjwysdb.chinashadt.com:2036/live/1.stream/playlist.m3u8
宁化综合,http://fjnhdb.chinashadt.com:2036/live/stream:nh1.stream/playlist.m3u8?fujian
漫威,http://1.94.31.214:35455/huya/11602034
宇宙,http://1.94.31.214:35455/huya/11342428
怪兽,http://1.94.31.214:35455/huya/21059577
武侠,http://1.94.31.214:35455/huya/11342427
警匪,http://1.94.31.214:35455/huya/11352886
罪犯,http://1.94.31.214:35455/huya/11352962
枪战,http://1.94.31.214:35455/huya/21059579
仙逆:灭藤之战,http://1.94.31.214:35455/huya/30080215
迪迦奥特曼,http://1.94.31.214:35455/huya/30080227
成立历险记,http://1.94.31.214:35455/huya/11352946
熊出没,http://1.94.31.214:35455/huya/30202313
熊出没2,http://1.94.31.214:35455/huya/29982670
1995年春晚,https://txmov2.a.kwimgs.com/upic/2023/01/13/20/BMjAyMzAxMTMyMDA5MjJfNDAzMDAxOTlfOTM0OTkwNDQwNzVfMF8z_b_B811c0dec6b9a3d3074a18522c185010a.mp4
1991年春晚,https://txmov2.a.kwimgs.com/bs3/video-hls/5210664837540712798_hlshd15.m3u8
2003年春晚,https://txmov2.a.kwimgs.com/upic/2023/01/14/23/BMjAyMzAxMTQyMzQxNDdfNDAzMDAxOTlfOTM2MTU0MTk1NDFfMF8z_b_B182749d2cd2ea9323639254af385f24b.mp4
2010年春晚,https://txmov2.a.kwimgs.com/upic/2023/01/13/20/BMjAyMzAxMTMyMDA5MjJfNDAzMDAxOTlfOTM0OTkwNDQ0MjlfMF8z_b_B8818807a00eed329a69fb494f405bd43.mp4
2014年春晚,https://txmov2.a.kwimgs.com/upic/2023/01/06/16/BMjAyMzAxMDYxNjMxMTNfNDAzMDAxOTlfOTI4OTY2ODAzNjlfMF8z_b_Bdee65c77f9e7b2120a185c919dad81d2.mp4
2019年春晚,https://txmov2.a.kwimgs.com/upic/2023/01/06/16/BMjAyMzAxMDYxNjMxMTRfNDAzMDAxOTlfOTI4OTY2ODE2MTBfMF8z_b_B11a778e34390a21de42d407e94f45b91.mp4
NHK World Premium (720p) [Not 24/7],https://cdn.nhkworld.jp/www11/nhkworld-tv/pre/hlscomp.m3u8
番薯,http://61.216.67.119:1935/TWHG/E1/chunklist_w7058102.m3u8
八大第一,http://61.221.215.25:8800/hls/55/index.m3u8
番薯111,http://61.216.67.119:1935/TWHG/E1/chunklist_w70581102.m3u8
NHK World News (Spanish Subs) (720p),https://cdn.nhkworld.jp/www11/nhkworld-tv/bmcc-live/es/playlist.m3u8
上虞文化影院,http://l.cztvcloud.com/channels/lantian/SXshangyu2/720p.m3u8zzhed
八大综合,http://61.221.215.25:8800/hls/56/index.m3u8
中天新闻,http://222.128.55.152:9080/live/fc.m3u8
龙华卡通,http://122.117.71.103:8516/http/61.222.53.250:8068/hls/14/80/cstv14.m3u8
台视新闻,http://222.128.55.152:9080/live/ts.m3u8
澳门Mac,http://grandprix2023.asuscomm.com:8891/bysid/96.m3u8
澳视澳门,http://grandprix2023.asuscomm.com:8891/bysid/91.m3u8
CINEMAX,http://122.117.71.103:8558/http/61.222.53.250:8081/hls/71/813/ch42.m3u8
辽宁北方,http://120.76.248.139/live/bfgd/4200000071.m3u8
澳视葡语,http://grandprix2023.asuscomm.com:8891/bysid/92.m3u8
澳门资讯,http://grandprix2023.asuscomm.com:8891/bysid/94.m3u8
东森幼幼,http://122.117.71.103:8515/http/61.222.53.250:8081/hls/63/805/ch09.m3u8
黎城综合,http://111.53.96.67:8081/live/1/index.m3u8?%E5%85%B3%E6%B3%A8%E5%BE%AE%E4%BF%A1%E5%85%AC%E4%BC%97%E5%8F%B7[%E6%99%B4%E5%9B%AD]
(箱)音乐欣赏,http://61.221.215.25:8800/hls/58/index.m3u8
寰宇新闻,http://aktv.top/AKTV/live/aktv/null-9/AKTV.m3u8
NHK World News (Portuguese Subs) (720p),https://cdn.nhkworld.jp/www11/nhkworld-tv/bmcc-live/pt/playlist.m3u8
纬来戏剧,http://122.117.71.103:8532/http/61.222.53.250:8081/hls/69/811/ch33.m3u8
生命电视,http://61.216.67.119:1935/lifetv/lifetv.stream/manifest.m3u8
黄金翡翠,http://aktv_stream1.m16tv.cfd/stream/aktv/null-21/AKTV.m3u8
辽宁生活,http://dassby.qqff.top:99/live/辽宁生活/index.m3u8
娱乐新闻,http://aktv_stream1.m16tv.cfd/stream/aktv/hk/AKTV.m3u8
CCTV52,http://218.13.14.6:60050/tsfile/live/1005_1.m3u8
辽宁公共,http://dassby.qqff.top:99/live/辽宁公共/index.m3u8
绵阳综合,http://119.6.59.216:60033/tsfile/live/1007_1.m3u8?key=txiptv
新唐人旧亚太,https://live.ntdtv.com/aplive200/playlist.m3u8
亚洲新闻,http://aktv.top/AKTV/live/aktv3/null-3/AKTV.m3u8
龙华电影,http://aktv.top/AKTV/live/aktv/null-23/AKTV.m3u8
DW,http://aktv_stream1.m16tv.cfd/stream/aktv3/dw/AKTV.m3u8
千禧经典,http://aktv.top/AKTV/live/aktv/null-15/AKTV.m3u8
辽宁影视剧,http://dassby.qqff.top:99/live/辽宁影视剧/index.m3u8
中天新闻,http://aktv.top/AKTV/live/aktv/null-8/AKTV.m3u8
双流综合,http://171.221.250.130:18888/27e684978eb642eeb90ab815f6cc51bf/c41893de5e8645b3b43aef1640859b0d.m3u8?zsicd
浙江留学,https://ali-m-l.cztv.com/channels/lantian/channel009/1080p.m3u8
TVBS新闻,http://aktv.top/AKTV/live/aktv/tvbs-1/AKTV.m3u8
Now星影,http://aktv.top/AKTV/live/aktv2/now/AKTV.m3u8
中天亚洲,http://aktv.top/AKTV/live/aktv/null-12/AKTV.m3u8
CCTVNEWS,http://58.19.43.46:9901/tsfile/live/1002_1.m3u8
AMC电影,http://122.117.71.103:8559/http/61.222.53.250:8092/upload/115/AMC_TS-1111_1.m3u8
CCTV152,http://218.13.14.6:60050/tsfile/live/1015_1.m3u8
tvN,http://aktv_stream1.m16tv.cfd/stream/aktv/tvn/AKTV.m3u8
AXN,http://122.117.71.103:8557/http/61.222.53.250:8081/hls/71/813/ch43.m3u8
TVB明珠,http://aktv.top/AKTV/live/aktv/null-2/AKTV.m3u8
漳浦综合,http://220.161.87.62:8090/hls/0/index.m3u8
Now爆谷,http://aktv.top/AKTV/live/aktv2/now-1/AKTV.m3u8
Channel 8,http://aktv_stream1.m16tv.cfd/stream/aktv/channel8hd/AKTV.m3u8
民视新闻,http://38.64.72.148/hls/modn/list/4012/chunklist1.m3u8
CCTV32,http://218.13.14.6:60050/tsfile/live/1003_1.m3u8
漳浦综合,http://220.161.87.62:8090/hls/0/index.m3u8?zfud
CCTV62,http://218.13.14.6:60050/tsfile/live/1006_1.m3u8
新唐人美东,https://live.ntdtv.com/live900/playlist.m3u8
CCTV82,http://218.13.14.6:60050/tsfile/live/1008_1.m3u8
CCTV142,http://218.13.14.6:60050/tsfile/live/1014_1.m3u8
东森新闻美洲,http://38.64.72.148:80/hls/modn/list/2015/chunklist0.m3u8
CCTV132,http://218.13.14.6:60050/tsfile/live/1013_1.m3u8
耀才财经,http://202.69.67.66:443/webcast/bshdlive-pc/playlist.m3u8?wowzasessionid=64000?zgangd
华语电视,http://38.64.72.148:80/hls/modn/list/4002/chunklist0.m3u8
BBC News,http://125.227.210.55:8165/VideoInput/play.ts
新唐人欧洲,https://live.ntdtv.com/eulive600/playlist.m3u8
CCTV112,http://218.13.14.6:60050/tsfile/live/1011_1.m3u8
东森美洲2,http://38.64.72.148:80/hls/modn/list/2015/chunklist1.m3u8
金川新闻综合,http://139.203.180.9:90/live/zhxw.m3u8
台视新闻,http://38.64.72.148:80/hls/modn/list/4013/chunklist0.m3u8
青田电视,http://l.cztvcloud.com/channels/lantian/SXqingtian1/720p.m3u8?zzhed
民视新闻,http://38.64.72.148:80/hls/modn/list/4012/chunklist1.m3u8
TVB Plus,http://ali.hlspull.yximgs.com/live/l3w1tt2dkzvpukkliu64ah007-golive.flv
凤凰电影,http://218.202.220.2:5000/nn_live.ts?id=NEWSASIA
东森新闻,http://aktv.top/AKTV/live/aktv2/null/AKTV.m3u8
Channel 5,http://aktv_stream1.m16tv.cfd/stream/aktv/channel5hd/AKTV.m3u8
TVB翡翠剧集,http://ali.hlspull.yximgs.com/live/l3w1tt2dkzvpukkliu64ah00b42-golive.flv
Animax,http://aktv_stream1.m16tv.cfd/stream/aktv3/animaxhk/AKTV.m3u8
Thrill,http://aktv.top/AKTV/live/aktv3/thrill/AKTV.m3u8
Channel U,http://aktv_stream1.m16tv.cfd/stream/aktv/channeluhd/AKTV.m3u8
28 AI 智慧赛马,http://aktv_stream1.m16tv.cfd/stream/aktv/28ai/AKTV.m3u8
NHK World News (French Subs) (720p),https://cdn.nhkworld.jp/www11/nhkworld-tv/bmcc-live/fr/playlist.m3u8
ROCK Action,http://aktv_stream1.m16tv.cfd/stream/aktv/rockaction/AKTV.m3u8
美亚电影,http://aktv.top/AKTV/live/aktv/hk-1/AKTV.m3u8
myTV SUPER 18,http://aktv_stream1.m16tv.cfd/stream/aktv/mytvsuper18/AKTV.m3u8
翡翠综合,http://aktv_stream1.m16tv.cfd/stream/aktv/null-17/AKTV.m3u8
明珠剧集,http://aktv_stream1.m16tv.cfd/stream/aktv/null-19/AKTV.m3u8
Love Nature,http://aktv_stream1.m16tv.cfd/stream/aktv2/lovenaturehd/AKTV.m3u8
翡翠剧集,http://aktv_stream1.m16tv.cfd/stream/aktv/null-18/AKTV.m3u8
青春动漫BestTV,http://wouu.net:9977/udp/239.93.0.146:5140
半岛新闻,https://live-hls-web-aje.getaj.net/AJE/02.m3u8
AXN,http://aktv_stream1.m16tv.cfd/stream/aktv2/axn/AKTV.m3u8
PopC,http://aktv_stream1.m16tv.cfd/stream/aktv/popc/AKTV.m3u8
斗鱼7,http://epg.112114.xyz/douyu/8814650
苏州社会经济,https://stream1.freetv.fun/su-zhou-she-hui-jing-ji-2.m3u8
民视新闻,https://stream1.freetv.fun/min-shi-xin-wen-7.m3u8
萧山新闻,http://l.cztvcloud.com/channels/lantian/SXxiaoshan1/720p.m3u8?zzhed?
周口新闻综合,https://stream1.freetv.fun/zhou-kou-xin-wen-zong-he-1.m3u8
东森新闻,https://stream1.freetv.fun/dong-sen-xin-wen-7.ctv
东森新闻,https://stream1.freetv.fun/dong-sen-xin-wen-1.m3u8
台视新闻,https://stream1.freetv.fun/tai-shi-xin-wen-1.m3u8
Shop Channel (1080p) [Not 24/7],https://stream3.shopch.jp/HLS/master.m3u8
华视新闻,https://stream1.freetv.fun/hua-shi-2.m3u8
民视新闻,https://stream1.freetv.fun/min-shi-xin-wen-11.m3u8
珲春新闻综合,https://stream1.freetv.fun/hun-chun-xin-wen-zong-he-3.m3u8
八大综合,https://stream1.freetv.fun/ba-da-zong-he-1.m3u8
平湖新闻综合,http://l.cztvcloud.com/channels/lantian/SXpinghu1/720p.m3u8?cWlkPSZzPTg3OWMwYmMyZDMzYTFhZGY3NDQxMjgyYTg1MmUzNTY0JmVzPTE3MDY2Nzc4NzMmdXVpZD0yMjdiY2MzNGNiNGY0MThlYjRiY2IxYzcwNmZjODNkMS02NzQ3NDY2NyZ2PTImYXM9MCZjZG5leF9pZD10eF9waG9uZV9saXZl
东方影视,https://www.freetv.top/migu/617290047.m3u8?migutoken=86c02ad0875d5cc49d77bcc8bdb628f2c9d508ffc323b964a03c8f92dde4afafa0345cf5a8fefbdf915c748e3d11c6c18e27ae1e21a609cec31a45e6c437db26a7a243625f9cf35c271171a22c
门源综合,http://livecdn.dmqhyadmin.com/hls/xjmenyuan.m3u8?zqinghd
TVB Plus,http://aktv_stream1.m16tv.cfd/stream/aktv/tvbplus/AKTV.m3u8
NHK Kishou Saigai (360p) [Not 24/7],https://newssimul-stream.nhk.jp/hls/live/2010561/nhknewssimul/master.m3u8
TVB星河,http://v2h.jdshipin.com/xinghe_1/xinghe_1.stream/chunklist_w106.m3u8
NTV News24 (480p),https://n24-cdn-live.ntv.co.jp/ch01/index.m3u8
第十三集,https://yzzy.play-cdn7.com/20221013/22698_02ea9756/index.m3u8
第十二集,https://yzzy.play-cdn7.com/20221013/22696_1547fa94/index.m3u8
山东教育卫视,http://58.57.40.22:9901/tsfile/live/1026_1.m3u8
开化新闻,http://l.cztvcloud.com/channels/lantian/SXkaihua1/720p.m3u8?zzhed?
龙游新闻,http://l.cztvcloud.com/channels/lantian/SXlongyou1/720p.m3u8?
杭州西湖明珠,http://www.flyskyman.cn:4022/rtp/233.50.201.174:5140
贵南综合,http://livecdn.dmqhyadmin.com/hls/xjguinan.m3u8?zqinghd
上虞新商都,http://l.cztvcloud.com/channels/lantian/SXshangyu3/720p.m3u8?zzhed
农林卫视,http://home.wwang.pw:35455/itv/1000000005000266003.m3u8?cdn=ystenlive
特辑电影(🚀),http://epg.112114.eu.org/douyu/3637778
第20集,https://yzzy1.play-cdn1.com/20240525/49950_d764b31c/2000k/hls/mixed.m3u8
斗鱼6,http://epg.112114.xyz/douyu/36337
文山州新闻综合,http://m3u8.channel.wsrtv.com.cn/cms/videos/nmip-media/channellive/channel7/playlist.m3u8?zyund
长宁综合,http://cnpull.sccnfb.com:80/live/123456.m3u8
斗鱼9,http://epg.112114.xyz/douyu/323876
文山州公共,http://m3u8.channel.wsrtv.com.cn/cms/videos/nmip-media/channellive/channel8/playlist.m3u8
斗鱼2,http://epg.112114.xyz/douyu/6140589
TVB明珠,http://php.jdshipin.com/TVOD/iptv.php?id=mzt
第四十六集,https://yzzy.play-cdn7.com/20221013/22730_6d039e6d/index.m3u8
斗鱼3,http://epg.112114.xyz/douyu/8770422
文山州公共,http://m3u8.channel.wsrtv.com.cn/cms/videos/nmip-media/channellive/channel8/playlist.m3u8?zyund
第四十四集,https://yzzy.play-cdn7.com/20221013/22731_53e87991/index.m3u8
第四十五集,https://yzzy.play-cdn7.com/20221013/22729_2d951857/index.m3u8
QVC_Japan,https://cdn-live1.qvc.jp/iPhone/1501/1501.m3u8
斗鱼5,http://epg.112114.xyz/douyu/52787
六合新闻综合,http://p2hs.vzan.com/720020/432453820030502236/live.m3u8
第18集,https://vvqq.play22-cdn.com/20240524/2562_98cb0835/2000k/hls/mixed.m3u8
粤语版电影,http://epg.112114.xyz/douyu/1226741
赛事播27,http://61.160.112.102:35455/itv/3000000010000003915.m3u8?cdn=FifastbLive
TVB星河,http://php.jdshipin.com:8880/PLTV/iptv.php?id=xinghe
赛事播26,http://61.160.112.102:35455/itv/3000000010000002809.m3u8?cdn=FifastbLive
第四十三集,https://yzzy.play-cdn7.com/20221013/22727_3bb22752/index.m3u8
第四十集,https://yzzy.play-cdn7.com/20221013/22724_2236a2ba/index.m3u8
BSテレ东,https://stream01.willfonk.com/live_playlist.m3u8?cid=BS171&r=FHD&ccode=JP&m=d0:20:20:04:35:cc&t=0d6938cb3dcf4b79848bc1753a59daf1
赛事播03,http://61.160.112.102:35455/itv/3000000001000007218.m3u8?cdn=FifastbLive
WOWOWプライム,https://stream01.willfonk.com/live_playlist.m3u8?cid=BS191&r=FHD&ccode=JP&m=d0:20:20:04:35:cc&t=0d6938cb3dcf4b79848bc1753a59daf1
野行者,https://live.iill.top/huya/20072663
赛事播21,http://61.160.112.102:35455/itv/3000000020000011529.m3u8?cdn=FifastbLive
之江记录,http://ali-m-l.cztv.com/channels/lantian/channel012/1080p.m3u8?
スターチャンネル3,https://stream01.willfonk.com/live_playlist.m3u8?cid=BS202&r=FHD&ccode=JP&m=d0:20:20:04:35:cc&t=0d6938cb3dcf4b79848bc1753a59daf1
ホームドラマチャンネル,https://stream01.willfonk.com/live_playlist.m3u8?cid=CS294&r=FHD&ccode=JP&m=d0:20:20:04:35:cc&t=0d6938cb3dcf4b79848bc1753a59daf1
第四十一集,https://yzzy.play-cdn7.com/20221013/22726_bcaee9e0/index.m3u8
第四十二集,https://yzzy.play-cdn7.com/20221013/22728_7fff7f3a/index.m3u8
GAORA,https://stream01.willfonk.com/live_playlist.m3u8?cid=CS254&r=FHD&ccode=JP&m=d0:20:20:04:35:cc&t=0d6938cb3dcf4b79848bc1753a59daf1
HBO家庭,http://50.7.234.10:8278/fyi_twn/playlist.m3u8?tid=18186902&ct=17988&&tsum=7a21abab0a5912afb0ebc01db111e59f
第三十集,https://yzzy.play-cdn7.com/20221013/22716_1ac04a90/index.m3u8
NHK_BS1,https://stream01.willfonk.com/live_playlist.m3u8?cid=BS101&r=FHD&ccode=JP&m=d0:20:20:04:35:cc&t=0d6938cb3dcf4b79848bc1753a59daf1
东森幼幼,http://50.7.234.10:8278/yoyo_twn/playlist.m3u8?ct=17874&tid=m84c9b210bc7f11269156&tsum=51340c8fb7ca02ab978ee0791843501d
探索科学,http://50.7.234.10:8278/discoverysc_twn/playlist.m3u8?tid=MA5A1483878814838788&ct=19234&tsum=0ddc2f194c37e1b7d091efc180f3de7a
日本テレビ,https://stream01.willfonk.com/live_playlist.m3u8?cid=BS294&r=FHD&ccode=JP&m=d0:20:20:04:35:cc&t=0d6938cb3dcf4b79848bc1753a59daf1
日テレジータス,https://stream01.willfonk.com/live_playlist.m3u8?cid=CS257&r=FHD&ccode=JP&m=d0:20:20:04:35:cc&t=0d6938cb3dcf4b79848bc1753a59daf1
娱乐新闻,http://185.243.7.13:80/play/live.php?mac=00:1A:79:45:5E:9A&stream=153398&extension=ts&play_token=TPIp3m3TjC
华视戏剧,https://ghp.ci/https://raw.githubusercontent.com/ChiSheng9/iptv/master/TV12.m3u8
时尚台FTV,http://80.94.54.42/fashiontv/stream/playlist.m3u8
浙江影视,https://ali-m-l.cztv.com/channels/lantian/channel005/1080p.m3u8?
囲碁?将棋チャンネル,https://stream01.willfonk.com/live_playlist.m3u8?cid=CS363&r=FHD&ccode=JP&m=d0:20:20:04:35:cc&t=0d6938cb3dcf4b79848bc1753a59daf1
全佳,http://185.243.7.13:80/play/live.php?mac=00:1A:79:45:5E:9A&stream=571192&extension=ts&play_token=xEP94V2R5Q
ムービープラス,https://stream01.willfonk.com/live_playlist.m3u8?cid=CS240&r=FHD&ccode=JP&m=d0:20:20:04:35:cc&t=0d6938cb3dcf4b79848bc1753a59daf1
八大戏剧,http://50.7.234.10:8278/badadrama/playlist.m3u8?tid=ME4E4734124647341246&ct=19225&tsum=c4e596572a79ad99675ee2137d1cc43d
スカイA,https://stream01.willfonk.com/live_playlist.m3u8?cid=CS250&r=FHD&ccode=JP&m=d0:20:20:04:35:cc&t=0d6938cb3dcf4b79848bc1753a59daf1
第21集,https://yzzy.play-cdn21.com/20240525/35516_092c121e/2000k/hls/mixed.m3u8
WOWOWシネマ,https://stream01.willfonk.com/live_playlist.m3u8?cid=BS193&r=FHD&ccode=JP&m=d0:20:20:04:35:cc&t=0d6938cb3dcf4b79848bc1753a59daf1
テレビ东京,https://stream01.willfonk.com/live_playlist.m3u8?cid=BS297&r=FHD&ccode=JP&m=d0:20:20:04:35:cc&t=0d6938cb3dcf4b79848bc1753a59daf1
ViuTV6,http://m.osvs.asia:8000/bysid/96
新加坡中文,https://d2e1asnsl7br7b.cloudfront.net/7782e205e72f43aeb4a48ec97f66ebbe/index_4.m3u8?zshijd
第三十九集,https://yzzy.play-cdn7.com/20221013/22725_856376c9/index.m3u8
第三十八集,https://yzzy.play-cdn7.com/20221013/22723_f624149b/index.m3u8
NHK教育,https://stream01.willfonk.com/live_playlist.m3u8?cid=BS292&r=FHD&ccode=JP&m=d0:20:20:04:35:cc&t=0d6938cb3dcf4b79848bc1753a59daf1
萧山新闻综合,https://stream1.freetv.fun/xiao-shan-xin-wen-zong-he-6.m3u8
湖北经视,http://183.94.1.118:8801/tsfile/live/1017_1.m3u8
萧山新闻综合,https://stream1.freetv.fun/xiao-shan-xin-wen-zong-he-2.m3u8
天映,http://185.243.7.13:80/play/live.php?mac=00:1A:79:45:5E:9A&stream=941618&extension=ts&play_token=kr082FQvzN
萧山新闻综合,https://stream1.freetv.fun/xiao-shan-xin-wen-zong-he-8.m3u8
HBO,http://185.243.7.13:80/play/live.php?mac=00:1A:79:45:5E:9A&stream=571204&extension=ts&play_token=TQWwwF8fB9
J1,http://185.243.7.13:80/play/live.php?mac=00:1A:79:45:5E:9A&stream=153395&extension=ts&play_token=Pd3SDU2VSy
东森卫视,http://185.243.7.13:80/play/live.php?mac=00:1A:79:45:5E:9A&stream=156394&extension=ts&play_token=UEKTIim7lP
斗鱼4,http://epg.112114.xyz/douyu/747764
东森美洲,http://185.243.7.13:80/play/live.php?mac=00:1A:79:45:5E:9A&stream=156397&extension=ts&play_token=2fQZ7EF20L
摔跤格斗,https://d2p372oxiwmcn1.cloudfront.net:443/hls/1080p/playlist.m3u8
叙州新闻综合,https://stream1.freetv.fun/xu-zhou-xin-wen-zong-he-6.m3u8
年代新闻,http://50.7.234.10:8278/niandainews_twn/playlist.m3u8?tid=m062d2322888417909285&ct=17874&tsum=da6e0908f8df0e85b37f9d93167b9fcd
上虞新商都,https://stream1.freetv.fun/shang-yu-xin-shang-du-4.m3u8
靖江新闻综合,https://stream1.freetv.fun/jing-jiang-xin-wen-zong-he-7.m3u8
STAR MOVIES,http://185.243.7.13:80/play/live.php?mac=00:1A:79:45:5E:9A&stream=155727&extension=ts&play_token=zB1JWsM7AB
苍南新闻综合,https://stream1.freetv.fun/cang-nan-xin-wen-zong-he-5.m3u8
第三十一集,https://yzzy.play-cdn7.com/20221013/22715_de46c41c/index.m3u8
第三十七集,https://yzzy.play-cdn7.com/20221013/22721_198ac9a4/index.m3u8
HBO3,http://185.243.7.13:80/play/live.php?mac=00:1A:79:45:5E:9A&stream=56104&extension=ts&play_token=HqqAESBfCa
湖北经视,https://stream1.freetv.fun/hu-bei-jing-shi-2.ctv
TVB1,http://185.243.7.13:80/play/live.php?mac=00:1A:79:45:5E:9A&stream=153396&extension=ts&play_token=ICdnbP1fWe
十堰新闻,https://stream1.freetv.fun/shi-yan-xin-wen-1.m3u8
第三十六集,https://yzzy.play-cdn7.com/20221013/22722_9f54cbd2/index.m3u8
番外篇,https://yzzy.play-cdn7.com/20221013/22732_018e6020/index.m3u8
スーパー!ドラマTV,https://stream01.willfonk.com/live_playlist.m3u8?cid=CS310&r=FHD&ccode=JP&m=d0:20:20:04:35:cc&t=0d6938cb3dcf4b79848bc1753a59daf1
キッズステーション,https://stream01.willfonk.com/live_playlist.m3u8?cid=CS330&r=FHD&ccode=JP&m=d0:20:20:04:35:cc&t=0d6938cb3dcf4b79848bc1753a59daf1
摔跤格斗,https://d2p372oxiwmcn1.cloudfront.net/hls/1080p/playlist.m3u8
TVB1,http://185.243.7.13:80/play/live.php?mac=00:1A:79:45:5E:9A&stream=153401&extension=ts&play_token=zUkGQ70Vue
▶️哈利波特：消失的密室,https://v1.fentvoss.com/sdv1/202308/19/7pizD2d5YN2/video/index.m3u8
スターチャンネル2,https://stream01.willfonk.com/live_playlist.m3u8?cid=BS201&r=FHD&ccode=JP&m=d0:20:20:04:35:cc&t=0d6938cb3dcf4b79848bc1753a59daf1
第三十五集,https://yzzy.play-cdn7.com/20221013/22719_14bf9a3b/index.m3u8
华丽台,http://185.243.7.13:80/play/live.php?mac=00:1A:79:45:5E:9A&stream=571187&extension=ts&play_token=uWRW1HvPSb
第三十四集,https://yzzy.play-cdn7.com/20221013/22718_0939ec0c/index.m3u8
双星,http://185.243.7.13:80/play/live.php?mac=00:1A:79:45:5E:9A&stream=571191&extension=ts&play_token=6Do9QdLKkM
娱乐新闻,http://185.243.7.13:80/play/live.php?mac=00:1A:79:45:5E:9A&stream=571188&extension=ts&play_token=p582OSpABb
HBO2,http://185.243.7.13:80/play/live.php?mac=00:1A:79:45:5E:9A&stream=56105&extension=ts&play_token=TYYmi0O3a2
上虞新商都,https://stream1.freetv.fun/shang-yu-xin-shang-du-2.m3u8
萧山新闻综合,https://stream1.freetv.fun/xiao-shan-xin-wen-zong-he-9.m3u8
TVB星河,http://php.jdshipin.com/TVOD/iptv.php?id=tvbxh
第三十三集,https://yzzy.play-cdn7.com/20221013/22720_512de013/index.m3u8
卫视中文,http://185.243.7.13:80/play/live.php?mac=00:1A:79:45:5E:9A&stream=941624&extension=ts&play_token=xmfFOBilCP
卫视电影,http://185.243.7.13:80/play/live.php?mac=00:1A:79:45:5E:9A&stream=941625&extension=ts&play_token=UX6nxpu1TT
上虞文化影院,https://stream1.freetv.fun/shang-yu-wen-hua-ying-yuan-2.ctv
赛事播07,http://61.160.112.102:35455/itv/3000000001000010129.m3u8?cdn=FifastbLive
开化新闻综合,https://stream1.freetv.fun/kai-hua-xin-wen-zong-he-1.m3u8
WOWOWライブ,https://stream01.willfonk.com/live_playlist.m3u8?cid=BS192&r=FHD&ccode=JP&m=d0:20:20:04:35:cc&t=0d6938cb3dcf4b79848bc1753a59daf1
赛事播11,http://61.160.112.102:35455/itv/3000000010000005837.m3u8?cdn=FifastbLive
蓬安新闻综合,https://stream1.freetv.fun/peng-an-xin-wen-zong-he-2.m3u8
运城科技教育,https://stream1.freetv.fun/yun-cheng-ke-ji-jiao-yu-2.m3u8
HBO,http://185.243.7.13:80/play/live.php?mac=00:1A:79:45:5E:9A&stream=941648&extension=ts&play_token=U9qP9sjHUP
航拍中国第一季,http://hls.cntv.myhwcdn.cn/asp/hls/4000/0303000a/3/default/8edf3fb6a69148ea9a7dc0b5a9d99fdb/4000.m3u8
赛事播09,http://61.160.112.102:35455/itv/3000000001000028638.m3u8?cdn=FifastbLive
ファミリー剧场,https://stream01.willfonk.com/live_playlist.m3u8?cid=CS293&r=FHD&ccode=JP&m=d0:20:20:04:35:cc&t=0d6938cb3dcf4b79848bc1753a59daf1
LaLaTV,https://stream01.willfonk.com/live_playlist.m3u8?cid=CS314&r=FHD&ccode=JP&m=d0:20:20:04:35:cc&t=0d6938cb3dcf4b79848bc1753a59daf1
フジテレビ,https://stream01.willfonk.com/live_playlist.m3u8?cid=BS298&r=FHD&ccode=JP&m=d0:20:20:04:35:cc&t=0d6938cb3dcf4b79848bc1753a59daf1
钱江都市,https://ali-m-l.cztv.com/channels/lantian/channel002/1080p.m3u8?
HBO,http://185.243.7.13:80/play/live.php?mac=00:1A:79:45:5E:9A&stream=56057&extension=ts&play_token=pqlvbiUAPq
叙州新闻综合,https://stream1.freetv.fun/xu-zhou-xin-wen-zong-he-2.m3u8
スターチャンネル1,https://stream01.willfonk.com/live_playlist.m3u8?cid=BS200&r=FHD&ccode=JP&m=d0:20:20:04:35:cc&t=0d6938cb3dcf4b79848bc1753a59daf1
沁阳新闻综合,https://stream1.freetv.fun/qin-yang-xin-wen-zong-he-1.m3u8
叙州新闻综合,https://stream1.freetv.fun/xu-zhou-xin-wen-zong-he-7.m3u8
第十一集,https://yzzy.play-cdn7.com/20221013/22697_426b873e/index.m3u8
寰宇新闻,https://stream1.freetv.fun/huan-yu-xin-wen-6.m3u8
庆元综合,http://l.cztvcloud.com/channels/lantian/SXqingyuan1/720p.m3u8?%E5%85%B3%E6%B3%A8%E5%BE%AE%E4%BF%A1%E5%85%AC%E4%BC%97%E5%8F%B7[%E6%99%B4%E5%9B%AD]
第三十二集,https://yzzy.play-cdn7.com/20221013/22717_f68706d1/index.m3u8
无线华丽,http://php.jdshipin.com:8880/TVOD/iptv.php?id=huali
BSアニマックス,https://stream01.willfonk.com/live_playlist.m3u8?cid=BS236&r=FHD&ccode=JP&m=d0:20:20:04:35:cc&t=0d6938cb3dcf4b79848bc1753a59daf1
无线华丽,http://php.jdshipin.com/smt.php?id=Tvbjade
平湖新闻综合,https://stream1.freetv.fun/ping-hu-xin-wen-zong-he-2.m3u8
历史,http://213.226.69.130/iptv/BF9GWX8VNPYM9X/231/index.m3u8
寰宇新闻,https://stream1.freetv.fun/huan-yu-xin-wen-4.m3u8
赛事播04,http://61.160.112.102:35455/itv/3000000001000008001.m3u8?cdn=FifastbLive
小太阳,http://185.243.7.13:80/play/live.php?mac=00:1A:79:45:5E:9A&stream=571230&extension=ts&play_token=D3QyPDZb9O
蓬安新闻综合,https://stream1.freetv.fun/peng-an-xin-wen-zong-he-1.m3u8
白银综合,https://play.kankanlive.com/live/1720408089419110.m3u8
第十四集,https://yzzy.play-cdn7.com/20221013/22699_29bc4391/index.m3u8
ゴルフネットワーク,https://stream01.willfonk.com/live_playlist.m3u8?cid=CS262&r=FHD&ccode=JP&m=d0:20:20:04:35:cc&t=0d6938cb3dcf4b79848bc1753a59daf1
平湖新闻综合,https://stream1.freetv.fun/ping-hu-xin-wen-zong-he-1.m3u8
衢江新闻综合,https://stream1.freetv.fun/qu-jiang-xin-wen-zong-he-1.m3u8
赛事播22,http://61.160.112.102:35455/itv/3000000020000011530.m3u8?cdn=FifastbLive
ABC News Australia,https://stream1.freetv.fun/abc-news-australia-1.m3u8
赛事播45,http://61.160.112.102:35455/itv/3000000010000031669.m3u8?cdn=FifastbLive
民视,http://37.27.111.214:8080/live/6/hls.m3u8
赛事播01,http://61.160.112.102:35455/itv/3000000001000005308.m3u8?cdn=FifastbLive
赛事播40,http://61.160.112.102:35455/itv/3000000010000019839.m3u8?cdn=FifastbLive
赛事播39,http://61.160.112.102:35455/itv/3000000010000017678.m3u8?cdn=FifastbLive
赛事播44,http://61.160.112.102:35455/itv/3000000010000027691.m3u8?cdn=FifastbLive
赛事播35,http://61.160.112.102:35455/itv/3000000010000012558.m3u8?cdn=FifastbLive
赛事播16,http://61.160.112.102:35455/itv/3000000020000011522.m3u8?cdn=FifastbLive
荒野求生,https://live.iill.top/huya/593667
萧山新闻综合,http://l.cztvcloud.com/channels/lantian/SXxiaoshan1/720p.m3u8?cWlkPSZzPTg3OWMwYmMyZDMzYTFhZGY3NDQxMjgyYTg1MmUzNTY0JmVzPTE3MDY2Nzc4NzMmdXVpZD0yMjdiY2MzNGNiNGY0MThlYjRiY2IxYzcwNmZjODNkMS02NzQ3NDY2NyZ2PTImYXM9MCZjZG5leF9pZD10eF9waG9uZV9saXZl
赛事播02,http://61.160.112.102:35455/itv/3000000001000005969.m3u8?cdn=FifastbLive
时代剧専门チャンネル,https://stream01.willfonk.com/live_playlist.m3u8?cid=CS292&r=FHD&ccode=JP&m=d0:20:20:04:35:cc&t=0d6938cb3dcf4b79848bc1753a59daf1
欧美电影(🚀),http://epg.112114.eu.org/douyu/20415
第十集,https://yzzy.play-cdn7.com/20221013/22693_17eb9651/index.m3u8
长宁综合,http://cnpull.sccnfb.com/live/123456.m3u8?zsicd
赛事播28,http://61.160.112.102:35455/itv/3000000010000004193.m3u8?cdn=FifastbLive
衢江新闻综合,https://stream1.freetv.fun/qu-jiang-xin-wen-zong-he-1.ctv
香港佛陀,http://js1.amtb.cn/liveedge/_definst_/livetv/chunklist.m3u8
第二十九集,https://yzzy.play-cdn7.com/20221013/22714_de3ff74d/index.m3u8
赛事播12,http://61.160.112.102:35455/itv/3000000020000011518.m3u8?cdn=FifastbLive
赛事播13,http://61.160.112.102:35455/itv/3000000020000011519.m3u8?cdn=FifastbLive
TVB明珠,http://php.jdshipin.com/smt.php?id=pearl_twn
美亚电影,http://php.jdshipin.com/TVOD/iptv.php?id=meiya
skysports,https://stream1.freetv.fun/skysports-3.ctv
赛事播19,http://61.160.112.102:35455/itv/3000000020000011525.m3u8?cdn=FifastbLive
第九集,https://yzzy.play-cdn7.com/20221013/22694_32ffaf46/index.m3u8
东森新闻,https://stream1.freetv.fun/dong-sen-xin-wen-5.ctv
苏州生活资讯,https://stream1.freetv.fun/su-zhou-sheng-huo-zi-xun-1.m3u8
JSPORTS1,https://stream1.freetv.fun/jsports-1-1.m3u8
苏州文化生活,https://stream1.freetv.fun/su-zhou-wen-hua-sheng-huo-2.m3u8
赛事播34,http://61.160.112.102:35455/itv/3000000010000011518.m3u8?cdn=FifastbLive
龙华电影,http://37.27.111.214:8080/live/19/hls.m3u8
东森美洲卫视,https://stream1.freetv.fun/dong-sen-mei-zhou-wei-shi-1.m3u8
台视新闻,https://stream1.freetv.fun/tai-shi-xin-wen-10.m3u8
CCTVNEWS,http://123.138.22.30:9901/tsfile/live/0016_1.m3u8
赛事播41,http://61.160.112.102:35455/itv/3000000010000021904.m3u8?cdn=FifastbLive
动物星球,https://stream1.freetv.fun/dong-wu-xing-qiu-1.m3u8
华语经典1(🚀),http://epg.112114.eu.org/douyu/85894
赛事播33,http://61.160.112.102:35455/itv/3000000010000011297.m3u8?cdn=FifastbLive
民视新闻,https://stream1.freetv.fun/min-shi-xin-wen-14.m3u8
衢江新闻综合,https://stream1.freetv.fun/qu-jiang-xin-wen-zong-he-2.m3u8
赛事播15,http://61.160.112.102:35455/itv/3000000020000011521.m3u8?cdn=FifastbLive
JSPORTS2,https://stream1.freetv.fun/jsports-2-2.m3u8
中天新闻,https://stream1.freetv.fun/zhong-tian-xin-wen-4.m3u8
龙门飞甲,https://cdn2.yzzy-tv-cdn.com/20220331/4883_7f84c204/index.m3u8
余杭未来,http://l.cztvcloud.com/channels/lantian/SXlanxi1/720p.m3u8?
十堰新闻,https://stream1.freetv.fun/shi-yan-xin-wen-2.m3u8
半岛新闻,https://live-hls-web-aje.getaj.net/AJE/01.m3u8
赛事播38,http://61.160.112.102:35455/itv/3000000010000015560.m3u8?cdn=FifastbLive
赛事播08,http://61.160.112.102:35455/itv/3000000001000010948.m3u8?cdn=FifastbLive
赛事播36,http://61.160.112.102:35455/itv/3000000010000012616.m3u8?cdn=FifastbLive
萧山新闻综合,https://stream1.freetv.fun/xiao-shan-xin-wen-zong-he-4.m3u8
平遥新闻综合,https://tntgjhjb.live.sxmty.com/live/hls/3a4585ac11ec4e1bb07b419101b370c3/baf63e2b313440c2a25d7859f9b73b05-1.m3u8?zshanxd
NHK Chinese Vision (720p),https://nhkw-zh-hlscomp.akamaized.net/ixxemlzk1vqvy44o/playlist.m3u8
NHK Chinese Vision (720p),https://nhkw-zh-hlscomp.akamaized.net/8thz5iufork8wjip/playlist.m3u8
Fashion 4K,http://kkk.jjjj.jiduo.me/api.php?n=tttt&id=9831&tk=f6cc1e0a0e1a
挨饿德•2,https://live.iill.top/huya/17693860
斗鱼1,http://epg.112114.xyz/douyu/4332
象山新闻,http://l.cztvcloud.com/channels/lantian/SXxiangshan1/720p.m3u8?zzhed?
湖北经视,http://58.19.43.46:9901/tsfile/live/1017_1.m3u8
チャンネル银河,https://stream01.willfonk.com/live_playlist.m3u8?cid=CS305&r=FHD&ccode=JP&m=d0:20:20:04:35:cc&t=0d6938cb3dcf4b79848bc1753a59daf1
チャンネルNECO,https://stream01.willfonk.com/live_playlist.m3u8?cid=CS223&r=FHD&ccode=JP&m=d0:20:20:04:35:cc&t=0d6938cb3dcf4b79848bc1753a59daf1
FOX Business (1080p),http://41.205.93.154/FOXBUSINESS/index.m3u8
湖北经视,http://119.36.148.115:59901/tsfile/live/1004_1.m3u8?key=txiptv
TVB明珠剧集,http://kkk.jjjj.jiduo.me/api.php?n=tttt&id=5300&tk=97475bb89d45
上虞文化影院,https://stream1.freetv.fun/shang-yu-wen-hua-ying-yuan-1.m3u8
PBS儿童台(EN),https://stream1.freetv.fun/mei-guo-ce-shi-pbs-kids-1.ctv
兰溪新闻,http://l.cztvcloud.com/channels/lantian/SXlanxi1/720p.m3u8?zzhed?
辽宁北方,https://stream1.freetv.fun/liao-zhu-bei-fang-3.m3u8
龙泉新闻,http://l.cztvcloud.com/channels/lantian/SXlongquan1/720p.m3u8?zzhed?
迪拜体育2,https://svs.itworkscdn.net/smc4sportslive/smc4.smil/playlist.m3u8
上虞文化影院,https://stream1.freetv.fun/shang-yu-wen-hua-ying-yuan-3.ctv
湖北经视,https://stream1.freetv.fun/hu-bei-jing-shi-24.m3u8
美丽中国自然,http://hls.cntv.myhwcdn.cn/asp/hls/4000/0303000a/3/default/51d937a0201f4c78a5878b4b37089f3b/4000.m3u8
日本映画専门チャンネル,https://stream01.willfonk.com/live_playlist.m3u8?cid=BS255&r=FHD&ccode=JP&m=d0:20:20:04:35:cc&t=0d6938cb3dcf4b79848bc1753a59daf1
梵净山,http://hls.cntv.myhwcdn.cn/asp/hls/4000/0303000a/3/default/b9571df1181c4422a83901e827519fe6/4000.m3u8
安徽经济生活,https://stream1.freetv.fun/an-hui-jing-ji-sheng-huo-4.ctv
美亚电影,http://php.jdshipin.com:8880/smt.php?id=meiyamovie_twn
赛事播20,http://61.160.112.102:35455/itv/3000000020000011528.m3u8?cdn=FifastbLive
第二十五集,https://yzzy.play-cdn7.com/20221013/22711_85b4b7d4/index.m3u8
第二十七集,https://yzzy.play-cdn7.com/20221013/22712_af581805/index.m3u8
第二十八集,https://yzzy.play-cdn7.com/20221013/22713_d6d224b6/index.m3u8
新唐人加西,https://live.ntdtv.com/cwlive220/playlist.m3u8
第二十集,https://yzzy.play-cdn7.com/20221013/22706_d30975c0/index.m3u8
第十八集,https://yzzy.play-cdn7.com/20221013/22701_9ac5dc6c/index.m3u8
第二十四集,https://yzzy.play-cdn7.com/20221013/22707_aae076de/index.m3u8
嵊州新闻,http://l.cztvcloud.com/channels/lantian/SXshengzhou1/720p.m3u8?zzhed?
昭化综合,http://live.zhgbtv.cn:3100/hls/kwqtkbbi/index.m3u8
新唐人旧休斯敦,https://live.ntdtv.com/htlive480/playlist.m3u8
第二十一集,https://yzzy.play-cdn7.com/20221013/22704_5d46d244/index.m3u8
第二十二集,https://yzzy.play-cdn7.com/20221013/22709_14d02f33/index.m3u8
第二十三集,https://yzzy.play-cdn7.com/20221013/22708_4f1a66a2/index.m3u8
第十六集,https://yzzy.play-cdn7.com/20221013/22702_b9df4a89/index.m3u8
绍兴新闻,http://live.shaoxing.com.cn/video/s10001-sxtv1/index.m3u8?zzhed?
新唐人旧金山,https://live.ntdtv.com/sflive990/playlist.m3u8
关于本源(iptv365.org),https://gitlab.com/p2v5/wangtv/-/raw/main/about1080p.mp4
澳亚卫视,https://stream1.freetv.fun/ao-ya-wei-shi-1.ctv
第十五集,https://yzzy.play-cdn7.com/20221013/22700_354ed120/index.m3u8
平湖新闻,http://l.cztvcloud.com/channels/lantian/SXpinghu1/720p.m3u8?zzhed?
新唐人美西,https://live.ntdtv.com/uwlive990/playlist.m3u8
东森新闻,https://stream1.freetv.fun/dong-sen-xin-wen-3.ctv
欧美大片(🚀),http://epg.112114.eu.org/douyu/2793084
第二十六集,https://yzzy.play-cdn7.com/20221013/22710_88603a0e/index.m3u8
第十九集,https://yzzy.play-cdn7.com/20221013/22705_bb60ab6e/index.m3u8
▶️魔戒首部曲：魔戒现身,https://api.heimuer.app/play/d10849d4be514bfeb5de7b6ff8bdfb5a.m3u8
武汉四台经济,https://stream1.freetv.fun/wu-yi-jing-ji-1.m3u8
寰宇新闻,https://stream1.freetv.fun/huan-yu-xin-wen-1.m3u8
十堰新闻,https://stream1.freetv.fun/shi-yan-xin-wen-3.m3u8
民视新闻,https://stream1.freetv.fun/min-shi-xin-wen-2.m3u8
▶️魔戒三部曲：王者再临,https://api.heimuer.app/play/bd885bde48d742068df66e382a8db7a7.m3u8
上虞新商都,https://stream1.freetv.fun/shang-yu-xin-shang-du-3.m3u8
东方影视,https://stream1.freetv.fun/ipv6-dong-fang-ying-shi-9.m3u8
有线新闻,https://stream1.freetv.fun/you-xian-xin-wen-1.m3u8
永嘉新闻综合,https://stream1.freetv.fun/yong-jia-xin-wen-zong-he-4.m3u8
寰宇新闻,https://stream1.freetv.fun/huan-yu-xin-wen-7.m3u8
新唐人中国,https://live.ntdtv.com/cnlive900/playlist.m3u8
辽宁生活,https://stream1.freetv.fun/liao-zhu-sheng-huo-1.m3u8
上虞新商都,https://stream1.freetv.fun/shang-yu-xin-shang-du-5.m3u8
新唐人加东,https://live.ntdtv.com/mllive860/playlist.m3u8
武乡新闻综合,https://stream1.freetv.fun/wu-xiang-xin-wen-zong-he-2.m3u8
粤语电影,http://huanqiuzhibo.cn/manifest/douyu.php?id=1226741
欢乐综艺,http://huanqiuzhibo.cn/manifest/douyu.php?id=131977
靖江新闻综合,https://stream1.freetv.fun/jing-jiang-xin-wen-zong-he-1.m3u8
辽宁教育青少,https://stream1.freetv.fun/liao-zhu-jiao-yu-qing-shao-1.m3u8
金川新闻综合,https://stream1.freetv.fun/jin-chuan-xin-wen-zong-he-3.m3u8
新昌新闻综合,https://stream1.freetv.fun/xin-chang-xin-wen-zong-he-4.m3u8
第08集,https://yzzy1.play-cdn1.com/20240518/49741_5dd58edf/2000k/hls/mixed.m3u8
武义新闻综合,https://stream1.freetv.fun/wu-yi-xin-wen-zong-he-3.m3u8
上虞新商都,https://stream1.freetv.fun/shang-yu-xin-shang-du-1.m3u8
东方影视,https://stream1.freetv.fun/ipv6-dong-fang-ying-shi-3.m3u8
辽宁影视剧,https://stream1.freetv.fun/liao-zhu-ying-shi-ju-1.m3u8
周口新闻综合,https://stream1.freetv.fun/zhou-kou-xin-wen-zong-he-2.m3u8
兰溪新闻综合,https://stream1.freetv.fun/lan-xi-xin-wen-zong-he-1.m3u8
永嘉新闻综合,https://stream1.freetv.fun/yong-jia-xin-wen-zong-he-2.m3u8
第十七集,https://yzzy.play-cdn7.com/20221013/22703_90a4e183/index.m3u8
第25集,https://v3.yzzy1-play.com/20240527/50016_5bfb2733/2000k/hls/mixed.m3u8
有线新闻,https://stream1.freetv.fun/you-xian-xin-wen-2.m3u8
金川新闻综合,https://stream1.freetv.fun/jin-chuan-xin-wen-zong-he-4.m3u8
吃米滴虫,http://huanqiuzhibo.cn/manifest/douyu.php?id=315457
民视第一,https://stream1.freetv.fun/min-shi-di-yi-2.ctv
叙州新闻综合,https://stream1.freetv.fun/xu-zhou-xin-wen-zong-he-3.m3u8
神乐影院,http://huanqiuzhibo.cn/manifest/douyu.php?id=85894
叙州新闻综合,https://stream1.freetv.fun/xu-zhou-xin-wen-zong-he-1.m3u8
▶️魔戒二部曲：双城奇谋,https://api.heimuer.app/play/4c017a32d1a7478696e4b78d95774ccc.m3u8
苏州4K,https://live-auth.51kandianshi.com/szgd/csztv4k_hd.m3u8
平湖新闻综合,https://stream1.freetv.fun/ping-hu-xin-wen-zong-he-3.m3u8
赛事播14,http://61.160.112.102:35455/itv/3000000020000011520.m3u8?cdn=FifastbLive
▶️星际穿越,https://api.heimuer.app/play/f9b471ddd1ee425bb3c64a24f82561be.m3u8
第05集,https://yzzy.play-cdn21.com/20240516/35461_71c1822c/2000k/hls/mixed.m3u8
挨饿德•1,http://dns.yiandrive.com:15907/huya/20985858
乘着火车看中国,http://hls.cntv.myhwcdn.cn/asp/hls/4000/0303000a/3/default/2b0f397ed9d948eb9fac38d73cde241b/4000.m3u8
武乡新闻综合,https://stream1.freetv.fun/wu-xiang-xin-wen-zong-he-5.m3u8
运城科技教育,https://stream1.freetv.fun/yun-cheng-ke-ji-jiao-yu-1.m3u8
歌谣ポップスチャンネル,https://stream01.willfonk.com/live_playlist.m3u8?cid=CS329&r=FHD&ccode=JP&m=d0:20:20:04:35:cc&t=0d6938cb3dcf4b79848bc1753a59daf1
斗鱼电影HD5,http://epg.112114.xyz/douyu/263824
刀刀影院,http://huanqiuzhibo.cn/manifest/douyu.php?id=747764
第八集,https://yzzy.play-cdn7.com/20221013/22695_16e14a51/index.m3u8
第三集,https://yzzy.play-cdn7.com/20221013/22688_e5e8f07f/index.m3u8
化隆综合,http://livecdn.dmqhyadmin.com/hls/xjhualong.m3u8?zqinghd
武乡新闻综合,https://stream1.freetv.fun/wu-xiang-xin-wen-zong-he-1.m3u8
辽宁影视剧,https://stream1.freetv.fun/liao-zhu-ying-shi-ju-3.m3u8
第10集,https://vvqq.play22-cdn.com/20240520/2315_e928f912/2000k/hls/mixed.m3u8
第12集,https://vvqq.play22-cdn.com/20240521/2412_ac6a7587/2000k/hls/mixed.m3u8
赛事播25,http://61.160.112.102:35455/itv/3000000010000002019.m3u8?cdn=FifastbLive
第一集,https://yzzy.play-cdn7.com/20221013/22686_866e04a7/index.m3u8
兰溪新闻综合,https://stream1.freetv.fun/lan-xi-xin-wen-zong-he-3.m3u8
第02集,https://yzzy.play-cdn21.com/20240516/35464_ac734bae/2000k/hls/mixed.m3u8
Loupe 4K,http://kkk.jjjj.jiduo.me/api.php?n=tttt&id=4726&tk=f6cc1e0a0e1a
金川新闻综合,http://live.jinchuanrmt.com:90/live/zhxw.m3u8
第01集,https://yzzy.play-cdn21.com/20240516/35465_1e94c1f1/2000k/hls/mixed.m3u8
辽宁影视剧,https://stream1.freetv.fun/liao-zhu-ying-shi-ju-2.m3u8
第22集,https://vvqq.play22-cdn.com/20240526/2614_309f3a3a/2000k/hls/mixed.m3u8
挨饿德•1,https://live.iill.top/huya/20985858
DAZN2,https://stream1.freetv.fun/dazn-sport-2-1.ctv
▶️(2024)绝地战警：生死与共,https://v3.tlkqc.com/wjv3/202406/12/gFunRiZvHb75/video/index.m3u8
第七集,https://yzzy.play-cdn7.com/20221013/22692_a76bbc54/index.m3u8
第五集,https://yzzy.play-cdn7.com/20221013/22690_b50b3ef5/index.m3u8
第四集,https://yzzy.play-cdn7.com/20221013/22689_4f7df3ba/index.m3u8
十堰新闻,https://stream1.freetv.fun/shi-yan-xin-wen-4.m3u8
衢江新闻综合,https://stream1.freetv.fun/qu-jiang-xin-wen-zong-he-3.m3u8
第二集,https://yzzy.play-cdn7.com/20221013/22687_ef6d93cf/index.m3u8
第06集,https://yzzy.play-cdn22.com/20240517/2148_fb169bc3/2000k/hls/mixed.m3u8
奶虫影院,http://huanqiuzhibo.cn/manifest/douyu.php?id=263824
HBO,http://122.117.71.103:8556/http/61.222.53.250:8081/hls/71/813/ch41.m3u8
第六集,https://yzzy.play-cdn7.com/20221013/22691_3a9e8ff7/index.m3u8
金川新闻综合,https://stream1.freetv.fun/jin-chuan-xin-wen-zong-he-2.m3u8
第03集,https://yzzy.play-cdn21.com/20240516/35463_b01b5862/2000k/hls/mixed.m3u8
第04集,https://yzzy.play-cdn21.com/20240516/35462_82b2ee69/2000k/hls/mixed.m3u8
第15集,https://vvqq.play22-cdn.com/20240522/2510_b8625c2d/2000k/hls/mixed.m3u8
赛事播30,http://61.160.112.102:35455/itv/3000000010000006658.m3u8?cdn=FifastbLive
凌儿影院,http://huanqiuzhibo.cn/manifest/douyu.php?id=1377142
▶️(2024)异形寄生:起源,https://api.heimuer.app/play/3e9be3a5080c46449dbc355c9cb8baec.m3u8
▶️(2024)鬼舞村：诅咒起源,https://v12.tlkqc.com/wjv12/202408/04/UJGTrrEASp84/video/index.m3u8
▶️魔戒二部曲：双城奇谋,https://vip.ffzy-play7.com/20221127/7286_672b6ffa/2000k/hls/mixed.m3u8
龙泉驿新闻综合,https://live-pull.newslqy.com/live/fmzb1682404988829.m3u8
▶️(2024)阴阳师,https://svip.high22-playback.com/20240731/5755_91995ca9/index.m3u8
TVB Plus,https://stream1.freetv.fun/tvb-j2-1.m3u8
TVB千禧经典,http://php.jdshipin.com/TVOD/iptv.php?id=tvbc
武乡新闻综合,https://stream1.freetv.fun/wu-xiang-xin-wen-zong-he-4.m3u8
冰冰影厅,http://huanqiuzhibo.cn/manifest/douyu.php?id=74374
云和新闻,http://l.cztvcloud.com/channels/lantian/SXyunhe1/720p.m3u8?
FanpopTV,https://streaming-cl.sh1ny.space/memfs/e16d2f72-70b5-4bf5-b9c5-107b6390a10f.m3u8
贝贝影院,http://huanqiuzhibo.cn/manifest/douyu.php?id=431460
美丽中国说,http://hls.cntv.myhwcdn.cn/asp/hls/4000/0303000a/3/default/8cdd688b04e4495ba1635e218419d6f9/4000.m3u8
开化公园,http://l.cztvcloud.com/channels/lantian/SXkaihua2/720p.m3u8?zzhed?
YMG未来,http://l.cztvcloud.com/channels/lantian/SXyuhang3/720p.m3u8?
可乐影院,http://huanqiuzhibo.cn/manifest/douyu.php?id=20415
Bloomberg,https://bloomberg-bloombergtv-3-nl.samsung.wurl.tv/playlist.m3u8
平湖新闻综合,https://stream1.freetv.fun/ping-hu-xin-wen-zong-he-5.m3u8
苍南新闻综合,https://stream1.freetv.fun/cang-nan-xin-wen-zong-he-1.m3u8
无间道3:终极无间,https://vip.ffzy-play2.com/20221127/1567_f1965b4b/index.m3u8
星爷,http://1.94.31.214:35455/huya/11342412
▶️阿凡达：水之道（普通话）,https://hlsdofviewmgspvod.aikan.miguvideo.com/depository_yqv/asset/zhengshi/5105/080/728/5105080728/media/5105080728_5091264010_56.mp4
民视台湾,https://stream1.freetv.fun/min-shi-tai-wan-6.ctv
TVB无线华丽,http://v2h.jdshipin.com/jade2/jade.stream/chunklist_w100.m3u8
无间道1,https://vip.ffzy-play6.com/20221017/13_ddfc1740/index.m3u8
重温经典,http://php.jdshipin.com/TVOD/iptv.php?id=cwjd
▶️(2024)狄仁杰之天宫蜃楼,https://v9.tlkqc.com/wjv9/202408/06/p7712pXCuV81/video/index.m3u8
▶️阿凡达：水之道,https://hlsdofviewmgspvod.aikan.miguvideo.com/depository_yqv/asset/zhengshi/5101/004/544/5101004544/media/5101004544_5091261956_56.mp4
东映チャンネル,https://stream01.willfonk.com/live_playlist.m3u8?cid=CS218&r=FHD&ccode=JP&m=d0:20:20:04:35:cc&t=0d6938cb3dcf4b79848bc1753a59daf1
上虞文化,http://l.cztvcloud.com/channels/lantian/SXshangyu2/720p.m3u8?zzhed?
人在囧途之囧妈,https://vip.ffzy-online.com/20230122/54089_b5925cb9/index.m3u8
周星驰,http://huanqiuzhibo.cn/manifest/douyu.php?id=122402
TVB娱乐新闻,http://php.jdshipin.com:8880/TVOD/iptv.php?id=fct2
钓りビジョン,https://stream01.willfonk.com/live_playlist.m3u8?cid=BS251&r=FHD&ccode=JP&m=d0:20:20:04:35:cc&t=0d6938cb3dcf4b79848bc1753a59daf1
Fashion_4K「时尚」,https://fash2043.cloudycdn.services/slive/ftv_ftv_4k_hevc_73d_42080_default_466_hls.smil/playlist.m3u8
斗鱼电影HD3,http://epg.112114.xyz/douyu/122402
第35集,https://v3.yzzy21-play.com/20240530/35653_2a72eb32/2000k/hls/mixed.m3u8
赛事播23,http://61.160.112.102:35455/itv/3000000020000011531.m3u8?cdn=FifastbLive
筠连综合,http://live.dameijunlian.cn:80/live1/live1.m3u8
苍南新闻综合,https://stream1.freetv.fun/cang-nan-xin-wen-zong-he-4.ctv
▶️铃芽之旅（普通话）,https://hlsdofviewmgspvod.aikan.miguvideo.com/depository_cidcobs_wxlz03/asset/zhengshi/5105/205/437/5105205437/media/5105205437_5195916136_56.mp4
第23集,https://yzzy1.play-cdn20.com/20240526/53690_bf9e86c5/2000k/hls/mixed.m3u8
鄞州二套,http://pili-publish.yzxw.newaircloud.com/newaircloud-yzxw/yzxw_20190925090936.m3u8?zzhed
台视新闻,https://stream1.freetv.fun/tai-shi-xin-wen-8.m3u8
第34集,https://v3.yzzy22-play.com/20240530/2731_34d27077/2000k/hls/mixed.m3u8
第33集,https://v3.yzzy21-play.com/20240530/35652_85c2d299/2000k/hls/mixed.m3u8
热门港剧,http://huanqiuzhibo.cn/manifest/douyu.php?id=5522351
澳门资讯,https://live5.tdm.com.mo/ch5/info_ch5.live/playlist.m3u8
第32集,https://v3.yzzy22-play.com/20240530/2730_0dbb83f7/2000k/hls/mixed.m3u8
永嘉新闻综合,http://l.cztvcloud.com/channels/lantian/SXyongjia1/720p.m3u8?zzhed
第29集,https://v3.yzzy20-play.com/20240529/53761_3b222458/2000k/hls/mixed.m3u8
Nippon TV (540p) [Not 24/7],https://ntv4.mov3.co/hls/ntv.m3u8
酒泉综合,https://3ee63cd9178a070a2db29f77915c49d4.livehwc3.cn/play.kankanlive.com/live/1702033926169975.m3u8
第31集,https://v3.yzzy21-play.com/20240530/35651_d564243b/2000k/hls/mixed.m3u8
斗鱼电影HD2,http://epg.112114.xyz/douyu/10240553
BBC News,https://d2vnbkvjbims7j.cloudfront.net/containerA/LTN/playlist.m3u8
▶️铃芽之旅（日语原声）,https://hlsdofviewmgspvod.aikan.miguvideo.com/depository_cidcobs_wxlz03/asset/zhengshi/5105/137/798/5105137798/media/5105137798_5195915769_56.mp4
VIU,http://php.jdshipin.com:8880/smt.php?id=viu1_twn
Discovery,http://ott.watch/stream/E9LDH2ZCN7/146.m3u8
CCTV+1,https://cd-live-stream.news.cctvplus.com/live/smil:CHANNEL1.smil/playlist.m3u8
▶️(2024)哥斯拉大战金刚2：帝国崛起,https://api.heimuer.app/play/6f3edeb2885149e4b30f676e8a94ef3b.m3u8
TVB翡翠剧集,http://kkk.jjjj.jiduo.me/api.php?n=tttt&id=9478&tk=97475bb89d45
赛事播31,http://61.160.112.102:35455/itv/3000000010000009788.m3u8?cdn=FifastbLive
斗鱼电影HD1,http://epg.112114.xyz/douyu/20415
第28集,https://v3.yzzy21-play.com/20240529/35613_83bec549/2000k/hls/mixed.m3u8
绍兴文化,http://live.shaoxing.com.cn/video/s10001-sxtv3/index.m3u8?zzhed?
法·时尚,http://lb.streaming.sk/fashiontv/stream/chunklist_w1906011378.m3u8
苍南新闻综合,https://stream1.freetv.fun/cang-nan-xin-wen-zong-he-3.m3u8
豆瓣高分(🚀),http://epg.112114.eu.org/douyu/8770422
第27集,https://v3.yzzy22-play.com/20240528/2656_3f6734da/2000k/hls/mixed.m3u8
赛事播29,http://61.160.112.102:35455/itv/3000000010000006077.m3u8?cdn=FifastbLive
鄞州一套,http://pili-publish.yzxw.newaircloud.com/newaircloud-yzxw/yzxw_20190925090843.m3u8?zzhed
卧虎藏龙,https://vip.ffzy-play6.com/20221019/118_1367b8f6/index.m3u8
台视新闻,https://stream1.freetv.fun/tai-shi-xin-wen-22.m3u8
上虞文化影院,https://stream1.freetv.fun/shang-yu-wen-hua-ying-yuan-4.ctv
霍格沃茨(🚀),http://epg.112114.eu.org/douyu/8814650
YOYO TV,https://ghp.ci/https://raw.githubusercontent.com/ChiSheng9/iptv/master/TV63.m3u8
满城尽带黄金甲,https://vip.ffzy-play2.com/20221022/289_cc1b109c/index.m3u8
哆啦A梦,http://dns.yiandrive.com:15907/bilibili/14745943
Al Jazeera English,https://ghp.ci/https://raw.githubusercontent.com/ChiSheng9/iptv/master/TV59.m3u8
香港开电视,http://livetv.dnsfor.me/channel.9.m3u8
特辑电影,http://huanqiuzhibo.cn/manifest/douyu.php?id=3637778
开化新闻综合,https://stream1.freetv.fun/kai-hua-xin-wen-zong-he-2.ctv
NBC News,https://ghp.ci/https://raw.githubusercontent.com/ChiSheng9/iptv/master/TV39.m3u8
FRANCE24 English,https://ghp.ci/https://raw.githubusercontent.com/ChiSheng9/iptv/master/TV38.m3u8
万合出品,http://huanqiuzhibo.cn/manifest/douyu.php?id=9220456
漫威主线2(🚀),http://epg.112114.eu.org/douyu/6140589
NHK World Premium (480p),https://cdn.skygo.mn/live/disk1/NHK_World_Premium/HLSv3-FTA/NHK_World_Premium.m3u8
生命脉动,http://hls.cntv.myhwcdn.cn/asp/hls/850/0303000a/3/default/c481b5826ffc4e99a92e01704c862dbc/850.m3u8
skysports,https://stream1.freetv.fun/skysports-14.ctv
第17集,https://yzzy1.play-cdn20.com/20240523/53536_650f1f81/2000k/hls/mixed.m3u8
🔁未知(🚀),http://epg.112114.eu.org/douyu/122402
小猪佩奇,https://ghp.ci/https://raw.githubusercontent.com/ChiSheng9/iptv/refs/heads/master/TV64.m3u8
XilamTV,https://xilam-animation-1-fr.samsung.wurl.tv/playlist.m3u8
GB News,https://ghp.ci/https://raw.githubusercontent.com/ChiSheng9/iptv/master/TV33.m3u8
(百)每日一首,https://cloud.video.taobao.com//play/u/57349687/p/1/e/6/t/1/240361330093.mp4
普陀新闻,http://l.cztvcloud.com/channels/lantian/SXputuo1/720p.m3u8?zzhed?
华语经典2(🚀),http://epg.112114.eu.org/douyu/276200
3ABN Kids,https://3abn.bozztv.com/3abn2/Kids_live/smil:Kids_live.smil/playlist.m3u8
永嘉新闻综合,https://stream1.freetv.fun/yong-jia-xin-wen-zong-he-3.ctv
DW News,https://ghp.ci/https://raw.githubusercontent.com/ChiSheng9/iptv/master/TV08.m3u8
橙记港剧,http://huanqiuzhibo.cn/manifest/douyu.php?id=4549169
赛事播06,http://61.160.112.102:35455/itv/3000000001000008379.m3u8?cdn=FifastbLive
赛事播24,http://61.160.112.102:35455/itv/3000000010000000097.m3u8?cdn=FifastbLive
BAND NEWS,https://stream1.freetv.fun/band-news-2.ctv
赛事播05,http://61.160.112.102:35455/itv/3000000001000008176.m3u8?cdn=FifastbLive
赛事播43,http://61.160.112.102:35455/itv/3000000010000025380.m3u8?cdn=FifastbLive
粤语综艺,http://zzy789.xyz/douyu1.php?id=7919720
平湖民生,http://l.cztvcloud.com/channels/lantian/SXpinghu2/720p.m3u8?zzhed?
橙记港剧✔原,http://zzy789.xyz/douyu1.php?id=4549169
20250315 09:17:05,https://gitee.com/kabigo/tv/raw/master/assets/about1080p.mp4
ABC News,https://ghp.ci/https://raw.githubusercontent.com/ChiSheng9/iptv/master/TV24.m3u8
怡宝影院,http://huanqiuzhibo.cn/manifest/douyu.php?id=434971
Fuji TV (540p),https://fujitv4.mov3.co/hls/fujitv.m3u8
▶️魔戒首部曲：魔戒现身,https://vip.ffzy-play7.com/20230411/22167_a385d245/2000k/hls/mixed.m3u8
青神综合,http://lmt.scqstv.com/live1/live1.m3u8?zsicd
赛事播32,http://61.160.112.102:35455/itv/3000000010000010833.m3u8?cdn=FifastbLive
华视新闻,http://37.27.111.214:8080/live/8/hls.m3u8
科幻电影(🚀),http://epg.112114.eu.org/douyu/12010522
嵊泗综合,https://stream1.freetv.fun/sheng-zhou-xin-wen-zong-he-2.ctv
蓉城电影(🚀),http://epg.112114.eu.org/douyu/11137425
Japanim TV,https://foxkidstv.be:3369/stream/play.m3u8
萧山综合,http://l.cztvcloud.com/channels/lantian/SXxiaoshan1/720p.m3u8?
赛事播18,http://61.160.112.102:35455/itv/3000000020000011524.m3u8?cdn=FifastbLive
TaiwanPlus,https://ghp.ci/https://raw.githubusercontent.com/ChiSheng9/iptv/master/TV78.m3u8
新昌新闻综合,https://stream1.freetv.fun/xin-chang-xin-wen-zong-he-5.ctv
赛事播17,http://61.160.112.102:35455/itv/3000000020000011523.m3u8?cdn=FifastbLive
东森财经,https://ghp.ci/https://raw.githubusercontent.com/ChiSheng9/iptv/refs/heads/master/TV03.m3u8
华语房✔原,http://zzy789.xyz/douyu1.php?id=85894
贝爷求生影视2,https://www.goodiptv.club/douyu/9661369
青春动漫BestTV,https://stream1.freetv.fun/f76fcb63fb8411dcdbaf2436fe6c56ae2ff9f84ff3286b60a2c673d65de670ca.ctv
西游记后传,http://1.94.31.214:35455/yy/1353392400
Kuriakos Kids,https://w2.manasat.com/kkids/smil:kkids.smil/playlist.m3u8
斗鱼电影HD4,http://epg.112114.xyz/douyu/85894
TVB无线功夫,https://lb-mvtv-live.v2h-cdn.com/redirect/asia_action1/1asia_action.stream?type=m3u8
长宁综合,rtmp://cnpull.sccnfb.com/live/123456
